TIPODE;SUBTDE;CLASE;SUBCLASE;ANO FABRICACION;TIPO COMBUSTIBLE;CODIGO MAHA;DESCRIPCION MAHA;PROMEDIO VALOR;CANTIDAD VEHICULOS
ESPECIAL;ESPECIAL;;;1986;DIESEL;1301;ODOMETRO VEHICULO;125923;9
ESPECIAL;ESPECIAL;;;1986;DIESEL;38501;OPACIDAD - VEHI. DIE;18;2
ESPECIAL;ESPECIAL;;;1998;DIESEL;1301;ODOMETRO VEHICULO;10330;3
ESPECIAL;ESPECIAL;;;1998;DIESEL;38501;OPACIDAD - VEHI. DIE;16;3
ESPECIAL;MOTO ELECTRICA;;;2014;GASOLINA;1301;ODOMETRO VEHICULO;0;1
ESPECIAL;MOTO ELECTRICA;;;2016;GASOLINA;1301;ODOMETRO VEHICULO;1432;5
ESPECIAL;MOTO ELECTRICA;;;2017;GASOLINA;1301;ODOMETRO VEHICULO;260;2
ESPECIAL;MOTO ELECTRICA;;;2018;GASOLINA;1301;ODOMETRO VEHICULO;2454;36
ESPECIAL;MOTO ELECTRICA;;;2019;GASOLINA;1301;ODOMETRO VEHICULO;4685;43
ESPECIAL;MOTO ELECTRICA;;;2020;GASOLINA;1301;ODOMETRO VEHICULO;7616;56
ESPECIAL;MOTO ELECTRICA;;;2021;GASOLINA;1301;ODOMETRO VEHICULO;2349;23
LIVIANO;AUTOMOVIL 4 TIEMPOS;;;1942;GASOLINA;1301;ODOMETRO VEHICULO;0;11
LIVIANO;AUTOMOVIL 4 TIEMPOS;;;1942;GASOLINA;39001;HIDROCARBUROS NO COMBUSTIONADOS (HC) RAL;468;9
LIVIANO;AUTOMOVIL 4 TIEMPOS;;;1942;GASOLINA;39003;O2 EN BAJAS;1;9
LIVIANO;AUTOMOVIL 4 TIEMPOS;;;1942;GASOLINA;39005;MONOXIDO DE CARBONO (CO) RALENTI;3;9
LIVIANO;AUTOMOVIL 4 TIEMPOS;;;1942;GASOLINA;39008;RPM EN RALENTI;852;9
LIVIANO;AUTOMOVIL 4 TIEMPOS;;;1942;GASOLINA;39501;HIDROCARBUROS NO COMBUSTIONADOS (HC) 250;166;9
LIVIANO;AUTOMOVIL 4 TIEMPOS;;;1942;GASOLINA;39503;O2 EN ALTAS RPM;1;9
LIVIANO;AUTOMOVIL 4 TIEMPOS;;;1942;GASOLINA;39505;MONOXIDO DE CARBONO (CO) 2500 RPM;1;9
LIVIANO;AUTOMOVIL 4 TIEMPOS;;;1942;GASOLINA;39508;RPM EN ALTAS;2445;9
LIVIANO;AUTOMOVIL 4 TIEMPOS;;;1949;GASOLINA;1301;ODOMETRO VEHICULO;44586;2
LIVIANO;AUTOMOVIL 4 TIEMPOS;;;1949;GASOLINA;39001;HIDROCARBUROS NO COMBUSTIONADOS (HC) RAL;743;2
LIVIANO;AUTOMOVIL 4 TIEMPOS;;;1949;GASOLINA;39003;O2 EN BAJAS;1;2
LIVIANO;AUTOMOVIL 4 TIEMPOS;;;1949;GASOLINA;39005;MONOXIDO DE CARBONO (CO) RALENTI;2;2
LIVIANO;AUTOMOVIL 4 TIEMPOS;;;1949;GASOLINA;39008;RPM EN RALENTI;810;2
LIVIANO;AUTOMOVIL 4 TIEMPOS;;;1949;GASOLINA;39501;HIDROCARBUROS NO COMBUSTIONADOS (HC) 250;307;2
LIVIANO;AUTOMOVIL 4 TIEMPOS;;;1949;GASOLINA;39503;O2 EN ALTAS RPM;1;2
LIVIANO;AUTOMOVIL 4 TIEMPOS;;;1949;GASOLINA;39505;MONOXIDO DE CARBONO (CO) 2500 RPM;5;2
LIVIANO;AUTOMOVIL 4 TIEMPOS;;;1949;GASOLINA;39508;RPM EN ALTAS;2395;2
LIVIANO;AUTOMOVIL 4 TIEMPOS;;;1951;GASOLINA;1301;ODOMETRO VEHICULO;8257;14
LIVIANO;AUTOMOVIL 4 TIEMPOS;;;1951;GASOLINA;39001;HIDROCARBUROS NO COMBUSTIONADOS (HC) RAL;519;6
LIVIANO;AUTOMOVIL 4 TIEMPOS;;;1951;GASOLINA;39003;O2 EN BAJAS;3;6
LIVIANO;AUTOMOVIL 4 TIEMPOS;;;1951;GASOLINA;39005;MONOXIDO DE CARBONO (CO) RALENTI;0;6
LIVIANO;AUTOMOVIL 4 TIEMPOS;;;1951;GASOLINA;39008;RPM EN RALENTI;930;6
LIVIANO;AUTOMOVIL 4 TIEMPOS;;;1951;GASOLINA;39501;HIDROCARBUROS NO COMBUSTIONADOS (HC) 250;352;6
LIVIANO;AUTOMOVIL 4 TIEMPOS;;;1951;GASOLINA;39503;O2 EN ALTAS RPM;0;6
LIVIANO;AUTOMOVIL 4 TIEMPOS;;;1951;GASOLINA;39505;MONOXIDO DE CARBONO (CO) 2500 RPM;3;6
LIVIANO;AUTOMOVIL 4 TIEMPOS;;;1951;GASOLINA;39508;RPM EN ALTAS;2471;6
LIVIANO;AUTOMOVIL 4 TIEMPOS;;;1952;GASOLINA;1301;ODOMETRO VEHICULO;22191;4
LIVIANO;AUTOMOVIL 4 TIEMPOS;;;1952;GASOLINA;39001;HIDROCARBUROS NO COMBUSTIONADOS (HC) RAL;1757;4
LIVIANO;AUTOMOVIL 4 TIEMPOS;;;1952;GASOLINA;39003;O2 EN BAJAS;3;4
LIVIANO;AUTOMOVIL 4 TIEMPOS;;;1952;GASOLINA;39005;MONOXIDO DE CARBONO (CO) RALENTI;5;4
LIVIANO;AUTOMOVIL 4 TIEMPOS;;;1952;GASOLINA;39008;RPM EN RALENTI;1032;4
LIVIANO;AUTOMOVIL 4 TIEMPOS;;;1952;GASOLINA;39501;HIDROCARBUROS NO COMBUSTIONADOS (HC) 250;800;4
LIVIANO;AUTOMOVIL 4 TIEMPOS;;;1952;GASOLINA;39503;O2 EN ALTAS RPM;1;4
LIVIANO;AUTOMOVIL 4 TIEMPOS;;;1952;GASOLINA;39505;MONOXIDO DE CARBONO (CO) 2500 RPM;5;4
LIVIANO;AUTOMOVIL 4 TIEMPOS;;;1952;GASOLINA;39508;RPM EN ALTAS;2465;4
LIVIANO;AUTOMOVIL 4 TIEMPOS;;;1954;GASOLINA;1301;ODOMETRO VEHICULO;38010;41
LIVIANO;AUTOMOVIL 4 TIEMPOS;;;1954;GASOLINA;39001;HIDROCARBUROS NO COMBUSTIONADOS (HC) RAL;517;32
LIVIANO;AUTOMOVIL 4 TIEMPOS;;;1954;GASOLINA;39003;O2 EN BAJAS;2;32
LIVIANO;AUTOMOVIL 4 TIEMPOS;;;1954;GASOLINA;39005;MONOXIDO DE CARBONO (CO) RALENTI;3;32
LIVIANO;AUTOMOVIL 4 TIEMPOS;;;1954;GASOLINA;39008;RPM EN RALENTI;909;32
LIVIANO;AUTOMOVIL 4 TIEMPOS;;;1954;GASOLINA;39501;HIDROCARBUROS NO COMBUSTIONADOS (HC) 250;385;32
LIVIANO;AUTOMOVIL 4 TIEMPOS;;;1954;GASOLINA;39503;O2 EN ALTAS RPM;1;32
LIVIANO;AUTOMOVIL 4 TIEMPOS;;;1954;GASOLINA;39505;MONOXIDO DE CARBONO (CO) 2500 RPM;3;32
LIVIANO;AUTOMOVIL 4 TIEMPOS;;;1954;GASOLINA;39508;RPM EN ALTAS;2480;31
LIVIANO;AUTOMOVIL 4 TIEMPOS;;;1955;GASOLINA;1301;ODOMETRO VEHICULO;89241;29
LIVIANO;AUTOMOVIL 4 TIEMPOS;;;1955;GASOLINA;39001;HIDROCARBUROS NO COMBUSTIONADOS (HC) RAL;452;21
LIVIANO;AUTOMOVIL 4 TIEMPOS;;;1955;GASOLINA;39003;O2 EN BAJAS;2;21
LIVIANO;AUTOMOVIL 4 TIEMPOS;;;1955;GASOLINA;39005;MONOXIDO DE CARBONO (CO) RALENTI;2;21
LIVIANO;AUTOMOVIL 4 TIEMPOS;;;1955;GASOLINA;39008;RPM EN RALENTI;848;21
LIVIANO;AUTOMOVIL 4 TIEMPOS;;;1955;GASOLINA;39501;HIDROCARBUROS NO COMBUSTIONADOS (HC) 250;224;21
LIVIANO;AUTOMOVIL 4 TIEMPOS;;;1955;GASOLINA;39503;O2 EN ALTAS RPM;1;21
LIVIANO;AUTOMOVIL 4 TIEMPOS;;;1955;GASOLINA;39505;MONOXIDO DE CARBONO (CO) 2500 RPM;3;21
LIVIANO;AUTOMOVIL 4 TIEMPOS;;;1955;GASOLINA;39508;RPM EN ALTAS;2511;21
LIVIANO;AUTOMOVIL 4 TIEMPOS;;;1957;GASOLINA;1301;ODOMETRO VEHICULO;34429;38
LIVIANO;AUTOMOVIL 4 TIEMPOS;;;1957;GASOLINA;39001;HIDROCARBUROS NO COMBUSTIONADOS (HC) RAL;507;21
LIVIANO;AUTOMOVIL 4 TIEMPOS;;;1957;GASOLINA;39003;O2 EN BAJAS;2;21
LIVIANO;AUTOMOVIL 4 TIEMPOS;;;1957;GASOLINA;39005;MONOXIDO DE CARBONO (CO) RALENTI;3;21
LIVIANO;AUTOMOVIL 4 TIEMPOS;;;1957;GASOLINA;39008;RPM EN RALENTI;866;21
LIVIANO;AUTOMOVIL 4 TIEMPOS;;;1957;GASOLINA;39501;HIDROCARBUROS NO COMBUSTIONADOS (HC) 250;334;21
LIVIANO;AUTOMOVIL 4 TIEMPOS;;;1957;GASOLINA;39503;O2 EN ALTAS RPM;1;21
LIVIANO;AUTOMOVIL 4 TIEMPOS;;;1957;GASOLINA;39505;MONOXIDO DE CARBONO (CO) 2500 RPM;3;21
LIVIANO;AUTOMOVIL 4 TIEMPOS;;;1957;GASOLINA;39508;RPM EN ALTAS;2474;21
LIVIANO;AUTOMOVIL 4 TIEMPOS;;;1958;GASOLINA;1301;ODOMETRO VEHICULO;45289;18
LIVIANO;AUTOMOVIL 4 TIEMPOS;;;1958;GASOLINA;39001;HIDROCARBUROS NO COMBUSTIONADOS (HC) RAL;407;13
LIVIANO;AUTOMOVIL 4 TIEMPOS;;;1958;GASOLINA;39003;O2 EN BAJAS;3;13
LIVIANO;AUTOMOVIL 4 TIEMPOS;;;1958;GASOLINA;39005;MONOXIDO DE CARBONO (CO) RALENTI;2;13
LIVIANO;AUTOMOVIL 4 TIEMPOS;;;1958;GASOLINA;39008;RPM EN RALENTI;961;13
LIVIANO;AUTOMOVIL 4 TIEMPOS;;;1958;GASOLINA;39501;HIDROCARBUROS NO COMBUSTIONADOS (HC) 250;282;13
LIVIANO;AUTOMOVIL 4 TIEMPOS;;;1958;GASOLINA;39503;O2 EN ALTAS RPM;1;13
LIVIANO;AUTOMOVIL 4 TIEMPOS;;;1958;GASOLINA;39505;MONOXIDO DE CARBONO (CO) 2500 RPM;3;13
LIVIANO;AUTOMOVIL 4 TIEMPOS;;;1958;GASOLINA;39508;RPM EN ALTAS;2482;13
LIVIANO;AUTOMOVIL 4 TIEMPOS;;;1959;GASOLINA;1301;ODOMETRO VEHICULO;54229;129
LIVIANO;AUTOMOVIL 4 TIEMPOS;;;1959;GASOLINA;39001;HIDROCARBUROS NO COMBUSTIONADOS (HC) RAL;784;98
LIVIANO;AUTOMOVIL 4 TIEMPOS;;;1959;GASOLINA;39003;O2 EN BAJAS;3;98
LIVIANO;AUTOMOVIL 4 TIEMPOS;;;1959;GASOLINA;39005;MONOXIDO DE CARBONO (CO) RALENTI;3;98
LIVIANO;AUTOMOVIL 4 TIEMPOS;;;1959;GASOLINA;39008;RPM EN RALENTI;921;98
LIVIANO;AUTOMOVIL 4 TIEMPOS;;;1959;GASOLINA;39501;HIDROCARBUROS NO COMBUSTIONADOS (HC) 250;381;98
LIVIANO;AUTOMOVIL 4 TIEMPOS;;;1959;GASOLINA;39503;O2 EN ALTAS RPM;1;98
LIVIANO;AUTOMOVIL 4 TIEMPOS;;;1959;GASOLINA;39505;MONOXIDO DE CARBONO (CO) 2500 RPM;3;98
LIVIANO;AUTOMOVIL 4 TIEMPOS;;;1959;GASOLINA;39508;RPM EN ALTAS;2472;98
LIVIANO;AUTOMOVIL 4 TIEMPOS;;;1960;GASOLINA;1301;ODOMETRO VEHICULO;51874;171
LIVIANO;AUTOMOVIL 4 TIEMPOS;;;1960;GASOLINA;39001;HIDROCARBUROS NO COMBUSTIONADOS (HC) RAL;689;113
LIVIANO;AUTOMOVIL 4 TIEMPOS;;;1960;GASOLINA;39003;O2 EN BAJAS;3;113
LIVIANO;AUTOMOVIL 4 TIEMPOS;;;1960;GASOLINA;39005;MONOXIDO DE CARBONO (CO) RALENTI;2;113
LIVIANO;AUTOMOVIL 4 TIEMPOS;;;1960;GASOLINA;39008;RPM EN RALENTI;898;113
LIVIANO;AUTOMOVIL 4 TIEMPOS;;;1960;GASOLINA;39501;HIDROCARBUROS NO COMBUSTIONADOS (HC) 250;417;113
LIVIANO;AUTOMOVIL 4 TIEMPOS;;;1960;GASOLINA;39503;O2 EN ALTAS RPM;1;113
LIVIANO;AUTOMOVIL 4 TIEMPOS;;;1960;GASOLINA;39505;MONOXIDO DE CARBONO (CO) 2500 RPM;3;113
LIVIANO;AUTOMOVIL 4 TIEMPOS;;;1960;GASOLINA;39508;RPM EN ALTAS;2475;111
LIVIANO;AUTOMOVIL 4 TIEMPOS;;;1961;GASOLINA;1301;ODOMETRO VEHICULO;53379;138
LIVIANO;AUTOMOVIL 4 TIEMPOS;;;1961;GASOLINA;39001;HIDROCARBUROS NO COMBUSTIONADOS (HC) RAL;649;93
LIVIANO;AUTOMOVIL 4 TIEMPOS;;;1961;GASOLINA;39003;O2 EN BAJAS;2;93
LIVIANO;AUTOMOVIL 4 TIEMPOS;;;1961;GASOLINA;39005;MONOXIDO DE CARBONO (CO) RALENTI;2;93
LIVIANO;AUTOMOVIL 4 TIEMPOS;;;1961;GASOLINA;39008;RPM EN RALENTI;872;93
LIVIANO;AUTOMOVIL 4 TIEMPOS;;;1961;GASOLINA;39501;HIDROCARBUROS NO COMBUSTIONADOS (HC) 250;369;93
LIVIANO;AUTOMOVIL 4 TIEMPOS;;;1961;GASOLINA;39503;O2 EN ALTAS RPM;1;93
LIVIANO;AUTOMOVIL 4 TIEMPOS;;;1961;GASOLINA;39505;MONOXIDO DE CARBONO (CO) 2500 RPM;2;93
LIVIANO;AUTOMOVIL 4 TIEMPOS;;;1961;GASOLINA;39508;RPM EN ALTAS;2464;91
LIVIANO;AUTOMOVIL 4 TIEMPOS;;;1962;GASOLINA;1301;ODOMETRO VEHICULO;38087;52
LIVIANO;AUTOMOVIL 4 TIEMPOS;;;1962;GASOLINA;39001;HIDROCARBUROS NO COMBUSTIONADOS (HC) RAL;466;33
LIVIANO;AUTOMOVIL 4 TIEMPOS;;;1962;GASOLINA;39003;O2 EN BAJAS;2;33
LIVIANO;AUTOMOVIL 4 TIEMPOS;;;1962;GASOLINA;39005;MONOXIDO DE CARBONO (CO) RALENTI;3;33
LIVIANO;AUTOMOVIL 4 TIEMPOS;;;1962;GASOLINA;39008;RPM EN RALENTI;905;33
LIVIANO;AUTOMOVIL 4 TIEMPOS;;;1962;GASOLINA;39501;HIDROCARBUROS NO COMBUSTIONADOS (HC) 250;315;33
LIVIANO;AUTOMOVIL 4 TIEMPOS;;;1962;GASOLINA;39503;O2 EN ALTAS RPM;1;33
LIVIANO;AUTOMOVIL 4 TIEMPOS;;;1962;GASOLINA;39505;MONOXIDO DE CARBONO (CO) 2500 RPM;3;33
LIVIANO;AUTOMOVIL 4 TIEMPOS;;;1962;GASOLINA;39508;RPM EN ALTAS;2476;32
LIVIANO;AUTOMOVIL 4 TIEMPOS;;;1963;GASOLINA;1301;ODOMETRO VEHICULO;46859;34
LIVIANO;AUTOMOVIL 4 TIEMPOS;;;1963;GASOLINA;39001;HIDROCARBUROS NO COMBUSTIONADOS (HC) RAL;458;17
LIVIANO;AUTOMOVIL 4 TIEMPOS;;;1963;GASOLINA;39003;O2 EN BAJAS;1;17
LIVIANO;AUTOMOVIL 4 TIEMPOS;;;1963;GASOLINA;39005;MONOXIDO DE CARBONO (CO) RALENTI;3;17
LIVIANO;AUTOMOVIL 4 TIEMPOS;;;1963;GASOLINA;39008;RPM EN RALENTI;851;17
LIVIANO;AUTOMOVIL 4 TIEMPOS;;;1963;GASOLINA;39501;HIDROCARBUROS NO COMBUSTIONADOS (HC) 250;375;17
LIVIANO;AUTOMOVIL 4 TIEMPOS;;;1963;GASOLINA;39503;O2 EN ALTAS RPM;1;17
LIVIANO;AUTOMOVIL 4 TIEMPOS;;;1963;GASOLINA;39505;MONOXIDO DE CARBONO (CO) 2500 RPM;2;17
LIVIANO;AUTOMOVIL 4 TIEMPOS;;;1963;GASOLINA;39508;RPM EN ALTAS;2454;17
LIVIANO;AUTOMOVIL 4 TIEMPOS;;;1964;GASOLINA;1301;ODOMETRO VEHICULO;45985;338
LIVIANO;AUTOMOVIL 4 TIEMPOS;;;1964;GASOLINA;39001;HIDROCARBUROS NO COMBUSTIONADOS (HC) RAL;566;238
LIVIANO;AUTOMOVIL 4 TIEMPOS;;;1964;GASOLINA;39003;O2 EN BAJAS;2;238
LIVIANO;AUTOMOVIL 4 TIEMPOS;;;1964;GASOLINA;39005;MONOXIDO DE CARBONO (CO) RALENTI;3;238
LIVIANO;AUTOMOVIL 4 TIEMPOS;;;1964;GASOLINA;39008;RPM EN RALENTI;918;238
LIVIANO;AUTOMOVIL 4 TIEMPOS;;;1964;GASOLINA;39501;HIDROCARBUROS NO COMBUSTIONADOS (HC) 250;336;238
LIVIANO;AUTOMOVIL 4 TIEMPOS;;;1964;GASOLINA;39503;O2 EN ALTAS RPM;1;238
LIVIANO;AUTOMOVIL 4 TIEMPOS;;;1964;GASOLINA;39505;MONOXIDO DE CARBONO (CO) 2500 RPM;3;238
LIVIANO;AUTOMOVIL 4 TIEMPOS;;;1964;GASOLINA;39508;RPM EN ALTAS;2479;234
LIVIANO;AUTOMOVIL 4 TIEMPOS;;;1965;GASOLINA;1301;ODOMETRO VEHICULO;70890;516
LIVIANO;AUTOMOVIL 4 TIEMPOS;;;1965;GASOLINA;39001;HIDROCARBUROS NO COMBUSTIONADOS (HC) RAL;613;347
LIVIANO;AUTOMOVIL 4 TIEMPOS;;;1965;GASOLINA;39003;O2 EN BAJAS;2;348
LIVIANO;AUTOMOVIL 4 TIEMPOS;;;1965;GASOLINA;39005;MONOXIDO DE CARBONO (CO) RALENTI;2;348
LIVIANO;AUTOMOVIL 4 TIEMPOS;;;1965;GASOLINA;39008;RPM EN RALENTI;904;347
LIVIANO;AUTOMOVIL 4 TIEMPOS;;;1965;GASOLINA;39501;HIDROCARBUROS NO COMBUSTIONADOS (HC) 250;293;347
LIVIANO;AUTOMOVIL 4 TIEMPOS;;;1965;GASOLINA;39503;O2 EN ALTAS RPM;1;347
LIVIANO;AUTOMOVIL 4 TIEMPOS;;;1965;GASOLINA;39505;MONOXIDO DE CARBONO (CO) 2500 RPM;3;347
LIVIANO;AUTOMOVIL 4 TIEMPOS;;;1965;GASOLINA;39508;RPM EN ALTAS;2476;344
LIVIANO;AUTOMOVIL 4 TIEMPOS;;;1966;GASOLINA;1301;ODOMETRO VEHICULO;61633;347
LIVIANO;AUTOMOVIL 4 TIEMPOS;;;1966;GASOLINA;39001;HIDROCARBUROS NO COMBUSTIONADOS (HC) RAL;625;235
LIVIANO;AUTOMOVIL 4 TIEMPOS;;;1966;GASOLINA;39003;O2 EN BAJAS;2;238
LIVIANO;AUTOMOVIL 4 TIEMPOS;;;1966;GASOLINA;39005;MONOXIDO DE CARBONO (CO) RALENTI;3;236
LIVIANO;AUTOMOVIL 4 TIEMPOS;;;1966;GASOLINA;39008;RPM EN RALENTI;929;236
LIVIANO;AUTOMOVIL 4 TIEMPOS;;;1966;GASOLINA;39501;HIDROCARBUROS NO COMBUSTIONADOS (HC) 250;346;235
LIVIANO;AUTOMOVIL 4 TIEMPOS;;;1966;GASOLINA;39503;O2 EN ALTAS RPM;1;235
LIVIANO;AUTOMOVIL 4 TIEMPOS;;;1966;GASOLINA;39505;MONOXIDO DE CARBONO (CO) 2500 RPM;3;235
LIVIANO;AUTOMOVIL 4 TIEMPOS;;;1966;GASOLINA;39508;RPM EN ALTAS;2485;233
LIVIANO;AUTOMOVIL 4 TIEMPOS;;;1967;GASOLINA;1301;ODOMETRO VEHICULO;55389;399
LIVIANO;AUTOMOVIL 4 TIEMPOS;;;1967;GASOLINA;39001;HIDROCARBUROS NO COMBUSTIONADOS (HC) RAL;687;285
LIVIANO;AUTOMOVIL 4 TIEMPOS;;;1967;GASOLINA;39003;O2 EN BAJAS;2;285
LIVIANO;AUTOMOVIL 4 TIEMPOS;;;1967;GASOLINA;39005;MONOXIDO DE CARBONO (CO) RALENTI;3;285
LIVIANO;AUTOMOVIL 4 TIEMPOS;;;1967;GASOLINA;39008;RPM EN RALENTI;911;285
LIVIANO;AUTOMOVIL 4 TIEMPOS;;;1967;GASOLINA;39501;HIDROCARBUROS NO COMBUSTIONADOS (HC) 250;389;285
LIVIANO;AUTOMOVIL 4 TIEMPOS;;;1967;GASOLINA;39503;O2 EN ALTAS RPM;1;285
LIVIANO;AUTOMOVIL 4 TIEMPOS;;;1967;GASOLINA;39505;MONOXIDO DE CARBONO (CO) 2500 RPM;3;285
LIVIANO;AUTOMOVIL 4 TIEMPOS;;;1967;GASOLINA;39508;RPM EN ALTAS;2469;283
LIVIANO;AUTOMOVIL 4 TIEMPOS;;;1968;GASOLINA;1301;ODOMETRO VEHICULO;70000;603
LIVIANO;AUTOMOVIL 4 TIEMPOS;;;1968;GASOLINA;39001;HIDROCARBUROS NO COMBUSTIONADOS (HC) RAL;562;401
LIVIANO;AUTOMOVIL 4 TIEMPOS;;;1968;GASOLINA;39003;O2 EN BAJAS;2;402
LIVIANO;AUTOMOVIL 4 TIEMPOS;;;1968;GASOLINA;39005;MONOXIDO DE CARBONO (CO) RALENTI;3;402
LIVIANO;AUTOMOVIL 4 TIEMPOS;;;1968;GASOLINA;39008;RPM EN RALENTI;892;401
LIVIANO;AUTOMOVIL 4 TIEMPOS;;;1968;GASOLINA;39501;HIDROCARBUROS NO COMBUSTIONADOS (HC) 250;326;401
LIVIANO;AUTOMOVIL 4 TIEMPOS;;;1968;GASOLINA;39503;O2 EN ALTAS RPM;1;401
LIVIANO;AUTOMOVIL 4 TIEMPOS;;;1968;GASOLINA;39505;MONOXIDO DE CARBONO (CO) 2500 RPM;3;401
LIVIANO;AUTOMOVIL 4 TIEMPOS;;;1968;GASOLINA;39508;RPM EN ALTAS;2465;396
LIVIANO;AUTOMOVIL 4 TIEMPOS;;;1969;DIESEL;1301;ODOMETRO VEHICULO;82600;4
LIVIANO;AUTOMOVIL 4 TIEMPOS;;;1969;DIESEL;38501;OPACIDAD - VEHI. DIE;13;1
LIVIANO;AUTOMOVIL 4 TIEMPOS;;;1969;GASOLINA;1301;ODOMETRO VEHICULO;63357;830
LIVIANO;AUTOMOVIL 4 TIEMPOS;;;1969;GASOLINA;39001;HIDROCARBUROS NO COMBUSTIONADOS (HC) RAL;618;594
LIVIANO;AUTOMOVIL 4 TIEMPOS;;;1969;GASOLINA;39003;O2 EN BAJAS;2;595
LIVIANO;AUTOMOVIL 4 TIEMPOS;;;1969;GASOLINA;39005;MONOXIDO DE CARBONO (CO) RALENTI;3;593
LIVIANO;AUTOMOVIL 4 TIEMPOS;;;1969;GASOLINA;39008;RPM EN RALENTI;900;593
LIVIANO;AUTOMOVIL 4 TIEMPOS;;;1969;GASOLINA;39501;HIDROCARBUROS NO COMBUSTIONADOS (HC) 250;377;593
LIVIANO;AUTOMOVIL 4 TIEMPOS;;;1969;GASOLINA;39503;O2 EN ALTAS RPM;1;593
LIVIANO;AUTOMOVIL 4 TIEMPOS;;;1969;GASOLINA;39505;MONOXIDO DE CARBONO (CO) 2500 RPM;3;593
LIVIANO;AUTOMOVIL 4 TIEMPOS;;;1969;GASOLINA;39508;RPM EN ALTAS;2481;585
LIVIANO;AUTOMOVIL 4 TIEMPOS;;;1970;GASOLINA;1301;ODOMETRO VEHICULO;67254;885
LIVIANO;AUTOMOVIL 4 TIEMPOS;;;1970;GASOLINA;39001;HIDROCARBUROS NO COMBUSTIONADOS (HC) RAL;583;604
LIVIANO;AUTOMOVIL 4 TIEMPOS;;;1970;GASOLINA;39003;O2 EN BAJAS;2;608
LIVIANO;AUTOMOVIL 4 TIEMPOS;;;1970;GASOLINA;39005;MONOXIDO DE CARBONO (CO) RALENTI;3;602
LIVIANO;AUTOMOVIL 4 TIEMPOS;;;1970;GASOLINA;39008;RPM EN RALENTI;904;602
LIVIANO;AUTOMOVIL 4 TIEMPOS;;;1970;GASOLINA;39501;HIDROCARBUROS NO COMBUSTIONADOS (HC) 250;372;603
LIVIANO;AUTOMOVIL 4 TIEMPOS;;;1970;GASOLINA;39503;O2 EN ALTAS RPM;1;603
LIVIANO;AUTOMOVIL 4 TIEMPOS;;;1970;GASOLINA;39505;MONOXIDO DE CARBONO (CO) 2500 RPM;3;602
LIVIANO;AUTOMOVIL 4 TIEMPOS;;;1970;GASOLINA;39508;RPM EN ALTAS;2476;596
LIVIANO;AUTOMOVIL 4 TIEMPOS;;;1971;GASOLINA;1301;ODOMETRO VEHICULO;59058;824
LIVIANO;AUTOMOVIL 4 TIEMPOS;;;1971;GASOLINA;39001;HIDROCARBUROS NO COMBUSTIONADOS (HC) RAL;604;546
LIVIANO;AUTOMOVIL 4 TIEMPOS;;;1971;GASOLINA;39003;O2 EN BAJAS;2;548
LIVIANO;AUTOMOVIL 4 TIEMPOS;;;1971;GASOLINA;39005;MONOXIDO DE CARBONO (CO) RALENTI;3;547
LIVIANO;AUTOMOVIL 4 TIEMPOS;;;1971;GASOLINA;39008;RPM EN RALENTI;904;546
LIVIANO;AUTOMOVIL 4 TIEMPOS;;;1971;GASOLINA;39501;HIDROCARBUROS NO COMBUSTIONADOS (HC) 250;394;546
LIVIANO;AUTOMOVIL 4 TIEMPOS;;;1971;GASOLINA;39503;O2 EN ALTAS RPM;1;547
LIVIANO;AUTOMOVIL 4 TIEMPOS;;;1971;GASOLINA;39505;MONOXIDO DE CARBONO (CO) 2500 RPM;3;547
LIVIANO;AUTOMOVIL 4 TIEMPOS;;;1971;GASOLINA;39508;RPM EN ALTAS;2480;542
LIVIANO;AUTOMOVIL 4 TIEMPOS;;;1972;GASOLINA;1301;ODOMETRO VEHICULO;71699;1099
LIVIANO;AUTOMOVIL 4 TIEMPOS;;;1972;GASOLINA;39001;HIDROCARBUROS NO COMBUSTIONADOS (HC) RAL;610;748
LIVIANO;AUTOMOVIL 4 TIEMPOS;;;1972;GASOLINA;39003;O2 EN BAJAS;2;751
LIVIANO;AUTOMOVIL 4 TIEMPOS;;;1972;GASOLINA;39005;MONOXIDO DE CARBONO (CO) RALENTI;3;748
LIVIANO;AUTOMOVIL 4 TIEMPOS;;;1972;GASOLINA;39008;RPM EN RALENTI;898;748
LIVIANO;AUTOMOVIL 4 TIEMPOS;;;1972;GASOLINA;39501;HIDROCARBUROS NO COMBUSTIONADOS (HC) 250;339;749
LIVIANO;AUTOMOVIL 4 TIEMPOS;;;1972;GASOLINA;39503;O2 EN ALTAS RPM;1;750
LIVIANO;AUTOMOVIL 4 TIEMPOS;;;1972;GASOLINA;39505;MONOXIDO DE CARBONO (CO) 2500 RPM;3;750
LIVIANO;AUTOMOVIL 4 TIEMPOS;;;1972;GASOLINA;39508;RPM EN ALTAS;2478;738
LIVIANO;AUTOMOVIL 4 TIEMPOS;;;1973;GASOLINA;1301;ODOMETRO VEHICULO;66018;2245
LIVIANO;AUTOMOVIL 4 TIEMPOS;;;1973;GASOLINA;39001;HIDROCARBUROS NO COMBUSTIONADOS (HC) RAL;631;1541
LIVIANO;AUTOMOVIL 4 TIEMPOS;;;1973;GASOLINA;39003;O2 EN BAJAS;2;1542
LIVIANO;AUTOMOVIL 4 TIEMPOS;;;1973;GASOLINA;39005;MONOXIDO DE CARBONO (CO) RALENTI;3;1540
LIVIANO;AUTOMOVIL 4 TIEMPOS;;;1973;GASOLINA;39008;RPM EN RALENTI;904;1540
LIVIANO;AUTOMOVIL 4 TIEMPOS;;;1973;GASOLINA;39501;HIDROCARBUROS NO COMBUSTIONADOS (HC) 250;348;1542
LIVIANO;AUTOMOVIL 4 TIEMPOS;;;1973;GASOLINA;39503;O2 EN ALTAS RPM;1;1542
LIVIANO;AUTOMOVIL 4 TIEMPOS;;;1973;GASOLINA;39505;MONOXIDO DE CARBONO (CO) 2500 RPM;3;1542
LIVIANO;AUTOMOVIL 4 TIEMPOS;;;1973;GASOLINA;39508;RPM EN ALTAS;2479;1529
LIVIANO;AUTOMOVIL 4 TIEMPOS;;;1974;GASOLINA;1301;ODOMETRO VEHICULO;68329;3928
LIVIANO;AUTOMOVIL 4 TIEMPOS;;;1974;GASOLINA;39001;HIDROCARBUROS NO COMBUSTIONADOS (HC) RAL;585;2648
LIVIANO;AUTOMOVIL 4 TIEMPOS;;;1974;GASOLINA;39003;O2 EN BAJAS;2;2663
LIVIANO;AUTOMOVIL 4 TIEMPOS;;;1974;GASOLINA;39005;MONOXIDO DE CARBONO (CO) RALENTI;3;2650
LIVIANO;AUTOMOVIL 4 TIEMPOS;;;1974;GASOLINA;39008;RPM EN RALENTI;917;2650
LIVIANO;AUTOMOVIL 4 TIEMPOS;;;1974;GASOLINA;39501;HIDROCARBUROS NO COMBUSTIONADOS (HC) 250;332;2651
LIVIANO;AUTOMOVIL 4 TIEMPOS;;;1974;GASOLINA;39503;O2 EN ALTAS RPM;1;2651
LIVIANO;AUTOMOVIL 4 TIEMPOS;;;1974;GASOLINA;39505;MONOXIDO DE CARBONO (CO) 2500 RPM;3;2657
LIVIANO;AUTOMOVIL 4 TIEMPOS;;;1974;GASOLINA;39508;RPM EN ALTAS;2479;2624
LIVIANO;AUTOMOVIL 4 TIEMPOS;;;1975;GASOLINA;1301;ODOMETRO VEHICULO;77689;3319
LIVIANO;AUTOMOVIL 4 TIEMPOS;;;1975;GASOLINA;39001;HIDROCARBUROS NO COMBUSTIONADOS (HC) RAL;616;2226
LIVIANO;AUTOMOVIL 4 TIEMPOS;;;1975;GASOLINA;39003;O2 EN BAJAS;2;2234
LIVIANO;AUTOMOVIL 4 TIEMPOS;;;1975;GASOLINA;39005;MONOXIDO DE CARBONO (CO) RALENTI;3;2226
LIVIANO;AUTOMOVIL 4 TIEMPOS;;;1975;GASOLINA;39008;RPM EN RALENTI;889;2225
LIVIANO;AUTOMOVIL 4 TIEMPOS;;;1975;GASOLINA;39501;HIDROCARBUROS NO COMBUSTIONADOS (HC) 250;360;2226
LIVIANO;AUTOMOVIL 4 TIEMPOS;;;1975;GASOLINA;39503;O2 EN ALTAS RPM;1;2226
LIVIANO;AUTOMOVIL 4 TIEMPOS;;;1975;GASOLINA;39505;MONOXIDO DE CARBONO (CO) 2500 RPM;3;2231
LIVIANO;AUTOMOVIL 4 TIEMPOS;;;1975;GASOLINA;39508;RPM EN ALTAS;2479;2201
LIVIANO;AUTOMOVIL 4 TIEMPOS;;;1976;GASOLINA;1301;ODOMETRO VEHICULO;101730;1126
LIVIANO;AUTOMOVIL 4 TIEMPOS;;;1976;GASOLINA;39001;HIDROCARBUROS NO COMBUSTIONADOS (HC) RAL;576;728
LIVIANO;AUTOMOVIL 4 TIEMPOS;;;1976;GASOLINA;39003;O2 EN BAJAS;1;729
LIVIANO;AUTOMOVIL 4 TIEMPOS;;;1976;GASOLINA;39005;MONOXIDO DE CARBONO (CO) RALENTI;3;729
LIVIANO;AUTOMOVIL 4 TIEMPOS;;;1976;GASOLINA;39008;RPM EN RALENTI;860;728
LIVIANO;AUTOMOVIL 4 TIEMPOS;;;1976;GASOLINA;39501;HIDROCARBUROS NO COMBUSTIONADOS (HC) 250;331;728
LIVIANO;AUTOMOVIL 4 TIEMPOS;;;1976;GASOLINA;39503;O2 EN ALTAS RPM;1;730
LIVIANO;AUTOMOVIL 4 TIEMPOS;;;1976;GASOLINA;39505;MONOXIDO DE CARBONO (CO) 2500 RPM;3;730
LIVIANO;AUTOMOVIL 4 TIEMPOS;;;1976;GASOLINA;39508;RPM EN ALTAS;2467;719
LIVIANO;AUTOMOVIL 4 TIEMPOS;;;1977;GASOLINA;1301;ODOMETRO VEHICULO;111498;2957
LIVIANO;AUTOMOVIL 4 TIEMPOS;;;1977;GASOLINA;39001;HIDROCARBUROS NO COMBUSTIONADOS (HC) RAL;618;2034
LIVIANO;AUTOMOVIL 4 TIEMPOS;;;1977;GASOLINA;39003;O2 EN BAJAS;2;2041
LIVIANO;AUTOMOVIL 4 TIEMPOS;;;1977;GASOLINA;39005;MONOXIDO DE CARBONO (CO) RALENTI;3;2033
LIVIANO;AUTOMOVIL 4 TIEMPOS;;;1977;GASOLINA;39008;RPM EN RALENTI;878;2031
LIVIANO;AUTOMOVIL 4 TIEMPOS;;;1977;GASOLINA;39501;HIDROCARBUROS NO COMBUSTIONADOS (HC) 250;370;2035
LIVIANO;AUTOMOVIL 4 TIEMPOS;;;1977;GASOLINA;39503;O2 EN ALTAS RPM;1;2034
LIVIANO;AUTOMOVIL 4 TIEMPOS;;;1977;GASOLINA;39505;MONOXIDO DE CARBONO (CO) 2500 RPM;3;2036
LIVIANO;AUTOMOVIL 4 TIEMPOS;;;1977;GASOLINA;39508;RPM EN ALTAS;2477;2002
LIVIANO;AUTOMOVIL 4 TIEMPOS;;;1978;GASOLINA;1301;ODOMETRO VEHICULO;125360;4933
LIVIANO;AUTOMOVIL 4 TIEMPOS;;;1978;GASOLINA;39001;HIDROCARBUROS NO COMBUSTIONADOS (HC) RAL;603;3334
LIVIANO;AUTOMOVIL 4 TIEMPOS;;;1978;GASOLINA;39003;O2 EN BAJAS;2;3339
LIVIANO;AUTOMOVIL 4 TIEMPOS;;;1978;GASOLINA;39005;MONOXIDO DE CARBONO (CO) RALENTI;3;3334
LIVIANO;AUTOMOVIL 4 TIEMPOS;;;1978;GASOLINA;39008;RPM EN RALENTI;882;3333
LIVIANO;AUTOMOVIL 4 TIEMPOS;;;1978;GASOLINA;39501;HIDROCARBUROS NO COMBUSTIONADOS (HC) 250;354;3334
LIVIANO;AUTOMOVIL 4 TIEMPOS;;;1978;GASOLINA;39503;O2 EN ALTAS RPM;1;3335
LIVIANO;AUTOMOVIL 4 TIEMPOS;;;1978;GASOLINA;39505;MONOXIDO DE CARBONO (CO) 2500 RPM;3;3334
LIVIANO;AUTOMOVIL 4 TIEMPOS;;;1978;GASOLINA;39508;RPM EN ALTAS;2477;3297
LIVIANO;AUTOMOVIL 4 TIEMPOS;;;1979;GASOLINA;1301;ODOMETRO VEHICULO;99796;4414
LIVIANO;AUTOMOVIL 4 TIEMPOS;;;1979;GASOLINA;39001;HIDROCARBUROS NO COMBUSTIONADOS (HC) RAL;596;2973
LIVIANO;AUTOMOVIL 4 TIEMPOS;;;1979;GASOLINA;39003;O2 EN BAJAS;2;2985
LIVIANO;AUTOMOVIL 4 TIEMPOS;;;1979;GASOLINA;39005;MONOXIDO DE CARBONO (CO) RALENTI;3;2972
LIVIANO;AUTOMOVIL 4 TIEMPOS;;;1979;GASOLINA;39008;RPM EN RALENTI;897;2972
LIVIANO;AUTOMOVIL 4 TIEMPOS;;;1979;GASOLINA;39501;HIDROCARBUROS NO COMBUSTIONADOS (HC) 250;330;2974
LIVIANO;AUTOMOVIL 4 TIEMPOS;;;1979;GASOLINA;39503;O2 EN ALTAS RPM;1;2976
LIVIANO;AUTOMOVIL 4 TIEMPOS;;;1979;GASOLINA;39505;MONOXIDO DE CARBONO (CO) 2500 RPM;3;2975
LIVIANO;AUTOMOVIL 4 TIEMPOS;;;1979;GASOLINA;39508;RPM EN ALTAS;2477;2945
LIVIANO;AUTOMOVIL 4 TIEMPOS;;;1980;DIESEL;1301;ODOMETRO VEHICULO;283867;14
LIVIANO;AUTOMOVIL 4 TIEMPOS;;;1980;DIESEL;38501;OPACIDAD - VEHI. DIE;38;7
LIVIANO;AUTOMOVIL 4 TIEMPOS;;;1980;GASOLINA;1301;ODOMETRO VEHICULO;135174;6324
LIVIANO;AUTOMOVIL 4 TIEMPOS;;;1980;GASOLINA;39001;HIDROCARBUROS NO COMBUSTIONADOS (HC) RAL;616;4243
LIVIANO;AUTOMOVIL 4 TIEMPOS;;;1980;GASOLINA;39003;O2 EN BAJAS;2;4250
LIVIANO;AUTOMOVIL 4 TIEMPOS;;;1980;GASOLINA;39005;MONOXIDO DE CARBONO (CO) RALENTI;3;4254
LIVIANO;AUTOMOVIL 4 TIEMPOS;;;1980;GASOLINA;39008;RPM EN RALENTI;876;4244
LIVIANO;AUTOMOVIL 4 TIEMPOS;;;1980;GASOLINA;39501;HIDROCARBUROS NO COMBUSTIONADOS (HC) 250;352;4246
LIVIANO;AUTOMOVIL 4 TIEMPOS;;;1980;GASOLINA;39503;O2 EN ALTAS RPM;1;4248
LIVIANO;AUTOMOVIL 4 TIEMPOS;;;1980;GASOLINA;39505;MONOXIDO DE CARBONO (CO) 2500 RPM;3;4249
LIVIANO;AUTOMOVIL 4 TIEMPOS;;;1980;GASOLINA;39508;RPM EN ALTAS;2478;4188
LIVIANO;AUTOMOVIL 4 TIEMPOS;;;1981;GASOLINA;1301;ODOMETRO VEHICULO;133020;5904
LIVIANO;AUTOMOVIL 4 TIEMPOS;;;1981;GASOLINA;39001;HIDROCARBUROS NO COMBUSTIONADOS (HC) RAL;627;3964
LIVIANO;AUTOMOVIL 4 TIEMPOS;;;1981;GASOLINA;39003;O2 EN BAJAS;2;3975
LIVIANO;AUTOMOVIL 4 TIEMPOS;;;1981;GASOLINA;39005;MONOXIDO DE CARBONO (CO) RALENTI;3;3965
LIVIANO;AUTOMOVIL 4 TIEMPOS;;;1981;GASOLINA;39008;RPM EN RALENTI;882;3961
LIVIANO;AUTOMOVIL 4 TIEMPOS;;;1981;GASOLINA;39501;HIDROCARBUROS NO COMBUSTIONADOS (HC) 250;358;3962
LIVIANO;AUTOMOVIL 4 TIEMPOS;;;1981;GASOLINA;39503;O2 EN ALTAS RPM;1;3966
LIVIANO;AUTOMOVIL 4 TIEMPOS;;;1981;GASOLINA;39505;MONOXIDO DE CARBONO (CO) 2500 RPM;3;3963
LIVIANO;AUTOMOVIL 4 TIEMPOS;;;1981;GASOLINA;39508;RPM EN ALTAS;2478;3906
LIVIANO;AUTOMOVIL 4 TIEMPOS;;;1982;DIESEL;1301;ODOMETRO VEHICULO;164651;4
LIVIANO;AUTOMOVIL 4 TIEMPOS;;;1982;DIESEL;38501;OPACIDAD - VEHI. DIE;26;4
LIVIANO;AUTOMOVIL 4 TIEMPOS;;;1982;GASOLINA;1301;ODOMETRO VEHICULO;200822;4136
LIVIANO;AUTOMOVIL 4 TIEMPOS;;;1982;GASOLINA;39001;HIDROCARBUROS NO COMBUSTIONADOS (HC) RAL;612;2729
LIVIANO;AUTOMOVIL 4 TIEMPOS;;;1982;GASOLINA;39003;O2 EN BAJAS;1;2738
LIVIANO;AUTOMOVIL 4 TIEMPOS;;;1982;GASOLINA;39005;MONOXIDO DE CARBONO (CO) RALENTI;3;2730
LIVIANO;AUTOMOVIL 4 TIEMPOS;;;1982;GASOLINA;39008;RPM EN RALENTI;872;2726
LIVIANO;AUTOMOVIL 4 TIEMPOS;;;1982;GASOLINA;39501;HIDROCARBUROS NO COMBUSTIONADOS (HC) 250;333;2727
LIVIANO;AUTOMOVIL 4 TIEMPOS;;;1982;GASOLINA;39503;O2 EN ALTAS RPM;1;2731
LIVIANO;AUTOMOVIL 4 TIEMPOS;;;1982;GASOLINA;39505;MONOXIDO DE CARBONO (CO) 2500 RPM;3;2730
LIVIANO;AUTOMOVIL 4 TIEMPOS;;;1982;GASOLINA;39508;RPM EN ALTAS;2476;2704
LIVIANO;AUTOMOVIL 4 TIEMPOS;;;1983;DIESEL;1301;ODOMETRO VEHICULO;291121;20
LIVIANO;AUTOMOVIL 4 TIEMPOS;;;1983;DIESEL;38501;OPACIDAD - VEHI. DIE;37;14
LIVIANO;AUTOMOVIL 4 TIEMPOS;;;1983;GASOLINA;1301;ODOMETRO VEHICULO;242879;2344
LIVIANO;AUTOMOVIL 4 TIEMPOS;;;1983;GASOLINA;39001;HIDROCARBUROS NO COMBUSTIONADOS (HC) RAL;622;1598
LIVIANO;AUTOMOVIL 4 TIEMPOS;;;1983;GASOLINA;39003;O2 EN BAJAS;1;1591
LIVIANO;AUTOMOVIL 4 TIEMPOS;;;1983;GASOLINA;39005;MONOXIDO DE CARBONO (CO) RALENTI;3;1591
LIVIANO;AUTOMOVIL 4 TIEMPOS;;;1983;GASOLINA;39008;RPM EN RALENTI;874;1591
LIVIANO;AUTOMOVIL 4 TIEMPOS;;;1983;GASOLINA;39501;HIDROCARBUROS NO COMBUSTIONADOS (HC) 250;366;1592
LIVIANO;AUTOMOVIL 4 TIEMPOS;;;1983;GASOLINA;39503;O2 EN ALTAS RPM;1;1593
LIVIANO;AUTOMOVIL 4 TIEMPOS;;;1983;GASOLINA;39505;MONOXIDO DE CARBONO (CO) 2500 RPM;3;1595
LIVIANO;AUTOMOVIL 4 TIEMPOS;;;1983;GASOLINA;39508;RPM EN ALTAS;2476;1572
LIVIANO;AUTOMOVIL 4 TIEMPOS;;;1984;DIESEL;1301;ODOMETRO VEHICULO;252958;41
LIVIANO;AUTOMOVIL 4 TIEMPOS;;;1984;DIESEL;38501;OPACIDAD - VEHI. DIE;39;26
LIVIANO;AUTOMOVIL 4 TIEMPOS;;;1984;GASOLINA;1301;ODOMETRO VEHICULO;260478;3020
LIVIANO;AUTOMOVIL 4 TIEMPOS;;;1984;GASOLINA;39001;HIDROCARBUROS NO COMBUSTIONADOS (HC) RAL;580;2033
LIVIANO;AUTOMOVIL 4 TIEMPOS;;;1984;GASOLINA;39003;O2 EN BAJAS;1;2041
LIVIANO;AUTOMOVIL 4 TIEMPOS;;;1984;GASOLINA;39005;MONOXIDO DE CARBONO (CO) RALENTI;3;2037
LIVIANO;AUTOMOVIL 4 TIEMPOS;;;1984;GASOLINA;39008;RPM EN RALENTI;861;2034
LIVIANO;AUTOMOVIL 4 TIEMPOS;;;1984;GASOLINA;39501;HIDROCARBUROS NO COMBUSTIONADOS (HC) 250;324;2034
LIVIANO;AUTOMOVIL 4 TIEMPOS;;;1984;GASOLINA;39503;O2 EN ALTAS RPM;1;2035
LIVIANO;AUTOMOVIL 4 TIEMPOS;;;1984;GASOLINA;39505;MONOXIDO DE CARBONO (CO) 2500 RPM;3;2034
LIVIANO;AUTOMOVIL 4 TIEMPOS;;;1984;GASOLINA;39508;RPM EN ALTAS;2479;2005
LIVIANO;AUTOMOVIL 4 TIEMPOS;;;1985;DIESEL;1301;ODOMETRO VEHICULO;306827;44
LIVIANO;AUTOMOVIL 4 TIEMPOS;;;1985;DIESEL;38501;OPACIDAD - VEHI. DIE;37;24
LIVIANO;AUTOMOVIL 4 TIEMPOS;;;1985;GASOLINA;1301;ODOMETRO VEHICULO;258755;4245
LIVIANO;AUTOMOVIL 4 TIEMPOS;;;1985;GASOLINA;39001;HIDROCARBUROS NO COMBUSTIONADOS (HC) RAL;575;2834
LIVIANO;AUTOMOVIL 4 TIEMPOS;;;1985;GASOLINA;39003;O2 EN BAJAS;1;2842
LIVIANO;AUTOMOVIL 4 TIEMPOS;;;1985;GASOLINA;39005;MONOXIDO DE CARBONO (CO) RALENTI;3;2834
LIVIANO;AUTOMOVIL 4 TIEMPOS;;;1985;GASOLINA;39008;RPM EN RALENTI;868;2830
LIVIANO;AUTOMOVIL 4 TIEMPOS;;;1985;GASOLINA;39501;HIDROCARBUROS NO COMBUSTIONADOS (HC) 250;322;2830
LIVIANO;AUTOMOVIL 4 TIEMPOS;;;1985;GASOLINA;39503;O2 EN ALTAS RPM;1;2830
LIVIANO;AUTOMOVIL 4 TIEMPOS;;;1985;GASOLINA;39505;MONOXIDO DE CARBONO (CO) 2500 RPM;3;2837
LIVIANO;AUTOMOVIL 4 TIEMPOS;;;1985;GASOLINA;39508;RPM EN ALTAS;2486;2802
LIVIANO;AUTOMOVIL 4 TIEMPOS;;;1986;DIESEL;1301;ODOMETRO VEHICULO;265866;22
LIVIANO;AUTOMOVIL 4 TIEMPOS;;;1986;DIESEL;38501;OPACIDAD - VEHI. DIE;29;15
LIVIANO;AUTOMOVIL 4 TIEMPOS;;;1986;GASOLINA;1301;ODOMETRO VEHICULO;214176;5436
LIVIANO;AUTOMOVIL 4 TIEMPOS;;;1986;GASOLINA;39001;HIDROCARBUROS NO COMBUSTIONADOS (HC) RAL;555;3596
LIVIANO;AUTOMOVIL 4 TIEMPOS;;;1986;GASOLINA;39003;O2 EN BAJAS;2;3621
LIVIANO;AUTOMOVIL 4 TIEMPOS;;;1986;GASOLINA;39005;MONOXIDO DE CARBONO (CO) RALENTI;2;3596
LIVIANO;AUTOMOVIL 4 TIEMPOS;;;1986;GASOLINA;39008;RPM EN RALENTI;875;3595
LIVIANO;AUTOMOVIL 4 TIEMPOS;;;1986;GASOLINA;39501;HIDROCARBUROS NO COMBUSTIONADOS (HC) 250;282;3593
LIVIANO;AUTOMOVIL 4 TIEMPOS;;;1986;GASOLINA;39503;O2 EN ALTAS RPM;1;3598
LIVIANO;AUTOMOVIL 4 TIEMPOS;;;1986;GASOLINA;39505;MONOXIDO DE CARBONO (CO) 2500 RPM;3;3603
LIVIANO;AUTOMOVIL 4 TIEMPOS;;;1986;GASOLINA;39508;RPM EN ALTAS;2482;3551
LIVIANO;AUTOMOVIL 4 TIEMPOS;;;1987;DIESEL;1301;ODOMETRO VEHICULO;306243;6
LIVIANO;AUTOMOVIL 4 TIEMPOS;;;1987;DIESEL;38501;OPACIDAD - VEHI. DIE;48;4
LIVIANO;AUTOMOVIL 4 TIEMPOS;;;1987;GASOLINA;1301;ODOMETRO VEHICULO;250313;6875
LIVIANO;AUTOMOVIL 4 TIEMPOS;;;1987;GASOLINA;39001;HIDROCARBUROS NO COMBUSTIONADOS (HC) RAL;501;4426
LIVIANO;AUTOMOVIL 4 TIEMPOS;;;1987;GASOLINA;39003;O2 EN BAJAS;1;4448
LIVIANO;AUTOMOVIL 4 TIEMPOS;;;1987;GASOLINA;39005;MONOXIDO DE CARBONO (CO) RALENTI;2;4425
LIVIANO;AUTOMOVIL 4 TIEMPOS;;;1987;GASOLINA;39008;RPM EN RALENTI;872;4422
LIVIANO;AUTOMOVIL 4 TIEMPOS;;;1987;GASOLINA;39501;HIDROCARBUROS NO COMBUSTIONADOS (HC) 250;258;4427
LIVIANO;AUTOMOVIL 4 TIEMPOS;;;1987;GASOLINA;39503;O2 EN ALTAS RPM;1;4429
LIVIANO;AUTOMOVIL 4 TIEMPOS;;;1987;GASOLINA;39505;MONOXIDO DE CARBONO (CO) 2500 RPM;3;4432
LIVIANO;AUTOMOVIL 4 TIEMPOS;;;1987;GASOLINA;39508;RPM EN ALTAS;2479;4367
LIVIANO;AUTOMOVIL 4 TIEMPOS;;;1988;DIESEL;1301;ODOMETRO VEHICULO;376453;12
LIVIANO;AUTOMOVIL 4 TIEMPOS;;;1988;DIESEL;38501;OPACIDAD - VEHI. DIE;43;3
LIVIANO;AUTOMOVIL 4 TIEMPOS;;;1988;DIESEL;39001;HIDROCARBUROS NO COMBUSTIONADOS (HC) RAL;404;5
LIVIANO;AUTOMOVIL 4 TIEMPOS;;;1988;DIESEL;39003;O2 EN BAJAS;1;5
LIVIANO;AUTOMOVIL 4 TIEMPOS;;;1988;DIESEL;39005;MONOXIDO DE CARBONO (CO) RALENTI;2;5
LIVIANO;AUTOMOVIL 4 TIEMPOS;;;1988;DIESEL;39008;RPM EN RALENTI;780;5
LIVIANO;AUTOMOVIL 4 TIEMPOS;;;1988;DIESEL;39501;HIDROCARBUROS NO COMBUSTIONADOS (HC) 250;174;5
LIVIANO;AUTOMOVIL 4 TIEMPOS;;;1988;DIESEL;39503;O2 EN ALTAS RPM;2;5
LIVIANO;AUTOMOVIL 4 TIEMPOS;;;1988;DIESEL;39505;MONOXIDO DE CARBONO (CO) 2500 RPM;1;5
LIVIANO;AUTOMOVIL 4 TIEMPOS;;;1988;DIESEL;39508;RPM EN ALTAS;2516;5
LIVIANO;AUTOMOVIL 4 TIEMPOS;;;1988;GASOLINA;1301;ODOMETRO VEHICULO;216767;5779
LIVIANO;AUTOMOVIL 4 TIEMPOS;;;1988;GASOLINA;39001;HIDROCARBUROS NO COMBUSTIONADOS (HC) RAL;508;3748
LIVIANO;AUTOMOVIL 4 TIEMPOS;;;1988;GASOLINA;39003;O2 EN BAJAS;2;3761
LIVIANO;AUTOMOVIL 4 TIEMPOS;;;1988;GASOLINA;39005;MONOXIDO DE CARBONO (CO) RALENTI;2;3749
LIVIANO;AUTOMOVIL 4 TIEMPOS;;;1988;GASOLINA;39008;RPM EN RALENTI;890;3746
LIVIANO;AUTOMOVIL 4 TIEMPOS;;;1988;GASOLINA;39501;HIDROCARBUROS NO COMBUSTIONADOS (HC) 250;283;3749
LIVIANO;AUTOMOVIL 4 TIEMPOS;;;1988;GASOLINA;39503;O2 EN ALTAS RPM;1;3750
LIVIANO;AUTOMOVIL 4 TIEMPOS;;;1988;GASOLINA;39505;MONOXIDO DE CARBONO (CO) 2500 RPM;3;3750
LIVIANO;AUTOMOVIL 4 TIEMPOS;;;1988;GASOLINA;39508;RPM EN ALTAS;2487;3712
LIVIANO;AUTOMOVIL 4 TIEMPOS;;;1989;DIESEL;1301;ODOMETRO VEHICULO;25459;7
LIVIANO;AUTOMOVIL 4 TIEMPOS;;;1989;DIESEL;38501;OPACIDAD - VEHI. DIE;1;2
LIVIANO;AUTOMOVIL 4 TIEMPOS;;;1989;GASOLINA;1301;ODOMETRO VEHICULO;202094;8661
LIVIANO;AUTOMOVIL 4 TIEMPOS;;;1989;GASOLINA;39001;HIDROCARBUROS NO COMBUSTIONADOS (HC) RAL;511;5577
LIVIANO;AUTOMOVIL 4 TIEMPOS;;;1989;GASOLINA;39003;O2 EN BAJAS;2;5593
LIVIANO;AUTOMOVIL 4 TIEMPOS;;;1989;GASOLINA;39005;MONOXIDO DE CARBONO (CO) RALENTI;2;5577
LIVIANO;AUTOMOVIL 4 TIEMPOS;;;1989;GASOLINA;39008;RPM EN RALENTI;916;5574
LIVIANO;AUTOMOVIL 4 TIEMPOS;;;1989;GASOLINA;39501;HIDROCARBUROS NO COMBUSTIONADOS (HC) 250;291;5577
LIVIANO;AUTOMOVIL 4 TIEMPOS;;;1989;GASOLINA;39503;O2 EN ALTAS RPM;1;5581
LIVIANO;AUTOMOVIL 4 TIEMPOS;;;1989;GASOLINA;39505;MONOXIDO DE CARBONO (CO) 2500 RPM;3;5586
LIVIANO;AUTOMOVIL 4 TIEMPOS;;;1989;GASOLINA;39508;RPM EN ALTAS;2497;5512
LIVIANO;AUTOMOVIL 4 TIEMPOS;;;1990;DIESEL;1301;ODOMETRO VEHICULO;443270;6
LIVIANO;AUTOMOVIL 4 TIEMPOS;;;1990;DIESEL;38501;OPACIDAD - VEHI. DIE;11;3
LIVIANO;AUTOMOVIL 4 TIEMPOS;;;1990;GASOLINA;1301;ODOMETRO VEHICULO;212014;10179
LIVIANO;AUTOMOVIL 4 TIEMPOS;;;1990;GASOLINA;39001;HIDROCARBUROS NO COMBUSTIONADOS (HC) RAL;451;7034
LIVIANO;AUTOMOVIL 4 TIEMPOS;;;1990;GASOLINA;39003;O2 EN BAJAS;2;7049
LIVIANO;AUTOMOVIL 4 TIEMPOS;;;1990;GASOLINA;39005;MONOXIDO DE CARBONO (CO) RALENTI;2;7036
LIVIANO;AUTOMOVIL 4 TIEMPOS;;;1990;GASOLINA;39008;RPM EN RALENTI;914;7030
LIVIANO;AUTOMOVIL 4 TIEMPOS;;;1990;GASOLINA;39501;HIDROCARBUROS NO COMBUSTIONADOS (HC) 250;248;7034
LIVIANO;AUTOMOVIL 4 TIEMPOS;;;1990;GASOLINA;39503;O2 EN ALTAS RPM;1;7040
LIVIANO;AUTOMOVIL 4 TIEMPOS;;;1990;GASOLINA;39505;MONOXIDO DE CARBONO (CO) 2500 RPM;2;7061
LIVIANO;AUTOMOVIL 4 TIEMPOS;;;1990;GASOLINA;39508;RPM EN ALTAS;2495;6990
LIVIANO;AUTOMOVIL 4 TIEMPOS;;;1991;DIESEL;1301;ODOMETRO VEHICULO;223767;12
LIVIANO;AUTOMOVIL 4 TIEMPOS;;;1991;DIESEL;38501;OPACIDAD - VEHI. DIE;16;2
LIVIANO;AUTOMOVIL 4 TIEMPOS;;;1991;DIESEL;39001;HIDROCARBUROS NO COMBUSTIONADOS (HC) RAL;218;5
LIVIANO;AUTOMOVIL 4 TIEMPOS;;;1991;DIESEL;39003;O2 EN BAJAS;2;5
LIVIANO;AUTOMOVIL 4 TIEMPOS;;;1991;DIESEL;39005;MONOXIDO DE CARBONO (CO) RALENTI;0;5
LIVIANO;AUTOMOVIL 4 TIEMPOS;;;1991;DIESEL;39008;RPM EN RALENTI;868;5
LIVIANO;AUTOMOVIL 4 TIEMPOS;;;1991;DIESEL;39501;HIDROCARBUROS NO COMBUSTIONADOS (HC) 250;230;5
LIVIANO;AUTOMOVIL 4 TIEMPOS;;;1991;DIESEL;39503;O2 EN ALTAS RPM;1;5
LIVIANO;AUTOMOVIL 4 TIEMPOS;;;1991;DIESEL;39505;MONOXIDO DE CARBONO (CO) 2500 RPM;1;5
LIVIANO;AUTOMOVIL 4 TIEMPOS;;;1991;DIESEL;39508;RPM EN ALTAS;2498;5
LIVIANO;AUTOMOVIL 4 TIEMPOS;;;1991;GASOLINA;1301;ODOMETRO VEHICULO;172544;13503
LIVIANO;AUTOMOVIL 4 TIEMPOS;;;1991;GASOLINA;39001;HIDROCARBUROS NO COMBUSTIONADOS (HC) RAL;447;9442
LIVIANO;AUTOMOVIL 4 TIEMPOS;;;1991;GASOLINA;39003;O2 EN BAJAS;2;9465
LIVIANO;AUTOMOVIL 4 TIEMPOS;;;1991;GASOLINA;39005;MONOXIDO DE CARBONO (CO) RALENTI;2;9451
LIVIANO;AUTOMOVIL 4 TIEMPOS;;;1991;GASOLINA;39008;RPM EN RALENTI;913;9440
LIVIANO;AUTOMOVIL 4 TIEMPOS;;;1991;GASOLINA;39501;HIDROCARBUROS NO COMBUSTIONADOS (HC) 250;245;9445
LIVIANO;AUTOMOVIL 4 TIEMPOS;;;1991;GASOLINA;39503;O2 EN ALTAS RPM;1;9458
LIVIANO;AUTOMOVIL 4 TIEMPOS;;;1991;GASOLINA;39505;MONOXIDO DE CARBONO (CO) 2500 RPM;2;9466
LIVIANO;AUTOMOVIL 4 TIEMPOS;;;1991;GASOLINA;39508;RPM EN ALTAS;2495;9367
LIVIANO;AUTOMOVIL 4 TIEMPOS;;;1992;DIESEL;1301;ODOMETRO VEHICULO;351676;3
LIVIANO;AUTOMOVIL 4 TIEMPOS;;;1992;DIESEL;38501;OPACIDAD - VEHI. DIE;18;2
LIVIANO;AUTOMOVIL 4 TIEMPOS;;;1992;GASOLINA;1301;ODOMETRO VEHICULO;194279;27325
LIVIANO;AUTOMOVIL 4 TIEMPOS;;;1992;GASOLINA;38501;OPACIDAD - VEHI. DIE;1;1
LIVIANO;AUTOMOVIL 4 TIEMPOS;;;1992;GASOLINA;39001;HIDROCARBUROS NO COMBUSTIONADOS (HC) RAL;425;19200
LIVIANO;AUTOMOVIL 4 TIEMPOS;;;1992;GASOLINA;39003;O2 EN BAJAS;1;19254
LIVIANO;AUTOMOVIL 4 TIEMPOS;;;1992;GASOLINA;39005;MONOXIDO DE CARBONO (CO) RALENTI;2;19216
LIVIANO;AUTOMOVIL 4 TIEMPOS;;;1992;GASOLINA;39008;RPM EN RALENTI;892;19195
LIVIANO;AUTOMOVIL 4 TIEMPOS;;;1992;GASOLINA;39501;HIDROCARBUROS NO COMBUSTIONADOS (HC) 250;227;19196
LIVIANO;AUTOMOVIL 4 TIEMPOS;;;1992;GASOLINA;39503;O2 EN ALTAS RPM;1;19229
LIVIANO;AUTOMOVIL 4 TIEMPOS;;;1992;GASOLINA;39505;MONOXIDO DE CARBONO (CO) 2500 RPM;2;19239
LIVIANO;AUTOMOVIL 4 TIEMPOS;;;1992;GASOLINA;39508;RPM EN ALTAS;2485;18982
LIVIANO;AUTOMOVIL 4 TIEMPOS;;;1993;DIESEL;1301;ODOMETRO VEHICULO;281529;45
LIVIANO;AUTOMOVIL 4 TIEMPOS;;;1993;DIESEL;38501;OPACIDAD - VEHI. DIE;32;26
LIVIANO;AUTOMOVIL 4 TIEMPOS;;;1993;GASOLINA;1301;ODOMETRO VEHICULO;202928;25919
LIVIANO;AUTOMOVIL 4 TIEMPOS;;;1993;GASOLINA;39001;HIDROCARBUROS NO COMBUSTIONADOS (HC) RAL;436;17999
LIVIANO;AUTOMOVIL 4 TIEMPOS;;;1993;GASOLINA;39003;O2 EN BAJAS;1;18054
LIVIANO;AUTOMOVIL 4 TIEMPOS;;;1993;GASOLINA;39005;MONOXIDO DE CARBONO (CO) RALENTI;2;18014
LIVIANO;AUTOMOVIL 4 TIEMPOS;;;1993;GASOLINA;39008;RPM EN RALENTI;883;17996
LIVIANO;AUTOMOVIL 4 TIEMPOS;;;1993;GASOLINA;39501;HIDROCARBUROS NO COMBUSTIONADOS (HC) 250;233;18001
LIVIANO;AUTOMOVIL 4 TIEMPOS;;;1993;GASOLINA;39503;O2 EN ALTAS RPM;1;18033
LIVIANO;AUTOMOVIL 4 TIEMPOS;;;1993;GASOLINA;39505;MONOXIDO DE CARBONO (CO) 2500 RPM;2;18034
LIVIANO;AUTOMOVIL 4 TIEMPOS;;;1993;GASOLINA;39508;RPM EN ALTAS;2483;17817
LIVIANO;AUTOMOVIL 4 TIEMPOS;;;1994;DIESEL;1301;ODOMETRO VEHICULO;255390;29
LIVIANO;AUTOMOVIL 4 TIEMPOS;;;1994;DIESEL;38501;OPACIDAD - VEHI. DIE;35;8
LIVIANO;AUTOMOVIL 4 TIEMPOS;;;1994;DIESEL;39001;HIDROCARBUROS NO COMBUSTIONADOS (HC) RAL;328;10
LIVIANO;AUTOMOVIL 4 TIEMPOS;;;1994;DIESEL;39003;O2 EN BAJAS;1;9
LIVIANO;AUTOMOVIL 4 TIEMPOS;;;1994;DIESEL;39005;MONOXIDO DE CARBONO (CO) RALENTI;1;9
LIVIANO;AUTOMOVIL 4 TIEMPOS;;;1994;DIESEL;39008;RPM EN RALENTI;894;9
LIVIANO;AUTOMOVIL 4 TIEMPOS;;;1994;DIESEL;39501;HIDROCARBUROS NO COMBUSTIONADOS (HC) 250;216;9
LIVIANO;AUTOMOVIL 4 TIEMPOS;;;1994;DIESEL;39503;O2 EN ALTAS RPM;1;9
LIVIANO;AUTOMOVIL 4 TIEMPOS;;;1994;DIESEL;39505;MONOXIDO DE CARBONO (CO) 2500 RPM;1;9
LIVIANO;AUTOMOVIL 4 TIEMPOS;;;1994;DIESEL;39508;RPM EN ALTAS;2482;9
LIVIANO;AUTOMOVIL 4 TIEMPOS;;;1994;GASOLINA;1301;ODOMETRO VEHICULO;223962;41722
LIVIANO;AUTOMOVIL 4 TIEMPOS;;;1994;GASOLINA;39001;HIDROCARBUROS NO COMBUSTIONADOS (HC) RAL;432;28937
LIVIANO;AUTOMOVIL 4 TIEMPOS;;;1994;GASOLINA;39003;O2 EN BAJAS;1;29020
LIVIANO;AUTOMOVIL 4 TIEMPOS;;;1994;GASOLINA;39005;MONOXIDO DE CARBONO (CO) RALENTI;2;28971
LIVIANO;AUTOMOVIL 4 TIEMPOS;;;1994;GASOLINA;39008;RPM EN RALENTI;885;28931
LIVIANO;AUTOMOVIL 4 TIEMPOS;;;1994;GASOLINA;39501;HIDROCARBUROS NO COMBUSTIONADOS (HC) 250;230;28934
LIVIANO;AUTOMOVIL 4 TIEMPOS;;;1994;GASOLINA;39503;O2 EN ALTAS RPM;1;28987
LIVIANO;AUTOMOVIL 4 TIEMPOS;;;1994;GASOLINA;39505;MONOXIDO DE CARBONO (CO) 2500 RPM;2;28989
LIVIANO;AUTOMOVIL 4 TIEMPOS;;;1994;GASOLINA;39508;RPM EN ALTAS;2484;28653
LIVIANO;AUTOMOVIL 4 TIEMPOS;;;1995;DIESEL;1301;ODOMETRO VEHICULO;227964;82
LIVIANO;AUTOMOVIL 4 TIEMPOS;;;1995;DIESEL;38501;OPACIDAD - VEHI. DIE;32;51
LIVIANO;AUTOMOVIL 4 TIEMPOS;;;1995;GASOLINA;1301;ODOMETRO VEHICULO;217944;34596
LIVIANO;AUTOMOVIL 4 TIEMPOS;;;1995;GASOLINA;39001;HIDROCARBUROS NO COMBUSTIONADOS (HC) RAL;404;23946
LIVIANO;AUTOMOVIL 4 TIEMPOS;;;1995;GASOLINA;39003;O2 EN BAJAS;1;24001
LIVIANO;AUTOMOVIL 4 TIEMPOS;;;1995;GASOLINA;39005;MONOXIDO DE CARBONO (CO) RALENTI;1;23974
LIVIANO;AUTOMOVIL 4 TIEMPOS;;;1995;GASOLINA;39008;RPM EN RALENTI;875;23945
LIVIANO;AUTOMOVIL 4 TIEMPOS;;;1995;GASOLINA;39501;HIDROCARBUROS NO COMBUSTIONADOS (HC) 250;231;23948
LIVIANO;AUTOMOVIL 4 TIEMPOS;;;1995;GASOLINA;39503;O2 EN ALTAS RPM;1;23992
LIVIANO;AUTOMOVIL 4 TIEMPOS;;;1995;GASOLINA;39505;MONOXIDO DE CARBONO (CO) 2500 RPM;2;23987
LIVIANO;AUTOMOVIL 4 TIEMPOS;;;1995;GASOLINA;39508;RPM EN ALTAS;2479;23706
LIVIANO;AUTOMOVIL 4 TIEMPOS;;;1996;DIESEL;1301;ODOMETRO VEHICULO;125356;14
LIVIANO;AUTOMOVIL 4 TIEMPOS;;;1996;DIESEL;38501;OPACIDAD - VEHI. DIE;21;3
LIVIANO;AUTOMOVIL 4 TIEMPOS;;;1996;DIESEL;39001;HIDROCARBUROS NO COMBUSTIONADOS (HC) RAL;455;8
LIVIANO;AUTOMOVIL 4 TIEMPOS;;;1996;DIESEL;39003;O2 EN BAJAS;1;8
LIVIANO;AUTOMOVIL 4 TIEMPOS;;;1996;DIESEL;39005;MONOXIDO DE CARBONO (CO) RALENTI;3;9
LIVIANO;AUTOMOVIL 4 TIEMPOS;;;1996;DIESEL;39008;RPM EN RALENTI;747;8
LIVIANO;AUTOMOVIL 4 TIEMPOS;;;1996;DIESEL;39501;HIDROCARBUROS NO COMBUSTIONADOS (HC) 250;162;8
LIVIANO;AUTOMOVIL 4 TIEMPOS;;;1996;DIESEL;39503;O2 EN ALTAS RPM;1;8
LIVIANO;AUTOMOVIL 4 TIEMPOS;;;1996;DIESEL;39505;MONOXIDO DE CARBONO (CO) 2500 RPM;1;8
LIVIANO;AUTOMOVIL 4 TIEMPOS;;;1996;DIESEL;39508;RPM EN ALTAS;2412;8
LIVIANO;AUTOMOVIL 4 TIEMPOS;;;1996;GASOLINA;1301;ODOMETRO VEHICULO;210816;30072
LIVIANO;AUTOMOVIL 4 TIEMPOS;;;1996;GASOLINA;39001;HIDROCARBUROS NO COMBUSTIONADOS (HC) RAL;393;20830
LIVIANO;AUTOMOVIL 4 TIEMPOS;;;1996;GASOLINA;39003;O2 EN BAJAS;1;20888
LIVIANO;AUTOMOVIL 4 TIEMPOS;;;1996;GASOLINA;39005;MONOXIDO DE CARBONO (CO) RALENTI;1;20844
LIVIANO;AUTOMOVIL 4 TIEMPOS;;;1996;GASOLINA;39008;RPM EN RALENTI;871;20824
LIVIANO;AUTOMOVIL 4 TIEMPOS;;;1996;GASOLINA;39501;HIDROCARBUROS NO COMBUSTIONADOS (HC) 250;220;20829
LIVIANO;AUTOMOVIL 4 TIEMPOS;;;1996;GASOLINA;39503;O2 EN ALTAS RPM;1;20876
LIVIANO;AUTOMOVIL 4 TIEMPOS;;;1996;GASOLINA;39505;MONOXIDO DE CARBONO (CO) 2500 RPM;2;20853
LIVIANO;AUTOMOVIL 4 TIEMPOS;;;1996;GASOLINA;39508;RPM EN ALTAS;2478;20589
LIVIANO;AUTOMOVIL 4 TIEMPOS;;;1997;DIESEL;1301;ODOMETRO VEHICULO;205749;76
LIVIANO;AUTOMOVIL 4 TIEMPOS;;;1997;DIESEL;38501;OPACIDAD - VEHI. DIE;28;39
LIVIANO;AUTOMOVIL 4 TIEMPOS;;;1997;DIESEL;39001;HIDROCARBUROS NO COMBUSTIONADOS (HC) RAL;286;3
LIVIANO;AUTOMOVIL 4 TIEMPOS;;;1997;DIESEL;39003;O2 EN BAJAS;2;3
LIVIANO;AUTOMOVIL 4 TIEMPOS;;;1997;DIESEL;39005;MONOXIDO DE CARBONO (CO) RALENTI;1;3
LIVIANO;AUTOMOVIL 4 TIEMPOS;;;1997;DIESEL;39008;RPM EN RALENTI;700;3
LIVIANO;AUTOMOVIL 4 TIEMPOS;;;1997;DIESEL;39501;HIDROCARBUROS NO COMBUSTIONADOS (HC) 250;134;3
LIVIANO;AUTOMOVIL 4 TIEMPOS;;;1997;DIESEL;39503;O2 EN ALTAS RPM;2;3
LIVIANO;AUTOMOVIL 4 TIEMPOS;;;1997;DIESEL;39505;MONOXIDO DE CARBONO (CO) 2500 RPM;0;3
LIVIANO;AUTOMOVIL 4 TIEMPOS;;;1997;DIESEL;39508;RPM EN ALTAS;2523;3
LIVIANO;AUTOMOVIL 4 TIEMPOS;;;1997;GASOLINA;1301;ODOMETRO VEHICULO;217106;29778
LIVIANO;AUTOMOVIL 4 TIEMPOS;;;1997;GASOLINA;39001;HIDROCARBUROS NO COMBUSTIONADOS (HC) RAL;361;20593
LIVIANO;AUTOMOVIL 4 TIEMPOS;;;1997;GASOLINA;39003;O2 EN BAJAS;1;20655
LIVIANO;AUTOMOVIL 4 TIEMPOS;;;1997;GASOLINA;39005;MONOXIDO DE CARBONO (CO) RALENTI;1;20615
LIVIANO;AUTOMOVIL 4 TIEMPOS;;;1997;GASOLINA;39008;RPM EN RALENTI;855;20591
LIVIANO;AUTOMOVIL 4 TIEMPOS;;;1997;GASOLINA;39501;HIDROCARBUROS NO COMBUSTIONADOS (HC) 250;199;20596
LIVIANO;AUTOMOVIL 4 TIEMPOS;;;1997;GASOLINA;39503;O2 EN ALTAS RPM;1;20646
LIVIANO;AUTOMOVIL 4 TIEMPOS;;;1997;GASOLINA;39505;MONOXIDO DE CARBONO (CO) 2500 RPM;1;20608
LIVIANO;AUTOMOVIL 4 TIEMPOS;;;1997;GASOLINA;39508;RPM EN ALTAS;2475;20387
LIVIANO;AUTOMOVIL 4 TIEMPOS;;;1998;DIESEL;1301;ODOMETRO VEHICULO;231020;124
LIVIANO;AUTOMOVIL 4 TIEMPOS;;;1998;DIESEL;38501;OPACIDAD - VEHI. DIE;30;65
LIVIANO;AUTOMOVIL 4 TIEMPOS;;;1998;DIESEL;39001;HIDROCARBUROS NO COMBUSTIONADOS (HC) RAL;416;10
LIVIANO;AUTOMOVIL 4 TIEMPOS;;;1998;DIESEL;39003;O2 EN BAJAS;1;10
LIVIANO;AUTOMOVIL 4 TIEMPOS;;;1998;DIESEL;39005;MONOXIDO DE CARBONO (CO) RALENTI;1;10
LIVIANO;AUTOMOVIL 4 TIEMPOS;;;1998;DIESEL;39008;RPM EN RALENTI;822;10
LIVIANO;AUTOMOVIL 4 TIEMPOS;;;1998;DIESEL;39501;HIDROCARBUROS NO COMBUSTIONADOS (HC) 250;261;10
LIVIANO;AUTOMOVIL 4 TIEMPOS;;;1998;DIESEL;39503;O2 EN ALTAS RPM;2;10
LIVIANO;AUTOMOVIL 4 TIEMPOS;;;1998;DIESEL;39505;MONOXIDO DE CARBONO (CO) 2500 RPM;0;10
LIVIANO;AUTOMOVIL 4 TIEMPOS;;;1998;DIESEL;39508;RPM EN ALTAS;2481;10
LIVIANO;AUTOMOVIL 4 TIEMPOS;;;1998;GASOLINA;1301;ODOMETRO VEHICULO;240382;46046
LIVIANO;AUTOMOVIL 4 TIEMPOS;;;1998;GASOLINA;39001;HIDROCARBUROS NO COMBUSTIONADOS (HC) RAL;348;32483
LIVIANO;AUTOMOVIL 4 TIEMPOS;;;1998;GASOLINA;39003;O2 EN BAJAS;1;32546
LIVIANO;AUTOMOVIL 4 TIEMPOS;;;1998;GASOLINA;39005;MONOXIDO DE CARBONO (CO) RALENTI;1;32513
LIVIANO;AUTOMOVIL 4 TIEMPOS;;;1998;GASOLINA;39008;RPM EN RALENTI;855;32478
LIVIANO;AUTOMOVIL 4 TIEMPOS;;;1998;GASOLINA;39501;HIDROCARBUROS NO COMBUSTIONADOS (HC) 250;203;32482
LIVIANO;AUTOMOVIL 4 TIEMPOS;;;1998;GASOLINA;39503;O2 EN ALTAS RPM;1;32543
LIVIANO;AUTOMOVIL 4 TIEMPOS;;;1998;GASOLINA;39505;MONOXIDO DE CARBONO (CO) 2500 RPM;1;32518
LIVIANO;AUTOMOVIL 4 TIEMPOS;;;1998;GASOLINA;39508;RPM EN ALTAS;2474;32102
LIVIANO;AUTOMOVIL 4 TIEMPOS;;;1999;DIESEL;1301;ODOMETRO VEHICULO;262508;27
LIVIANO;AUTOMOVIL 4 TIEMPOS;;;1999;DIESEL;38501;OPACIDAD - VEHI. DIE;22;13
LIVIANO;AUTOMOVIL 4 TIEMPOS;;;1999;GASOLINA;1301;ODOMETRO VEHICULO;226769;32530
LIVIANO;AUTOMOVIL 4 TIEMPOS;;;1999;GASOLINA;39001;HIDROCARBUROS NO COMBUSTIONADOS (HC) RAL;329;23006
LIVIANO;AUTOMOVIL 4 TIEMPOS;;;1999;GASOLINA;39003;O2 EN BAJAS;1;23041
LIVIANO;AUTOMOVIL 4 TIEMPOS;;;1999;GASOLINA;39005;MONOXIDO DE CARBONO (CO) RALENTI;1;23026
LIVIANO;AUTOMOVIL 4 TIEMPOS;;;1999;GASOLINA;39008;RPM EN RALENTI;856;23002
LIVIANO;AUTOMOVIL 4 TIEMPOS;;;1999;GASOLINA;39501;HIDROCARBUROS NO COMBUSTIONADOS (HC) 250;200;23010
LIVIANO;AUTOMOVIL 4 TIEMPOS;;;1999;GASOLINA;39503;O2 EN ALTAS RPM;1;23051
LIVIANO;AUTOMOVIL 4 TIEMPOS;;;1999;GASOLINA;39505;MONOXIDO DE CARBONO (CO) 2500 RPM;1;23029
LIVIANO;AUTOMOVIL 4 TIEMPOS;;;1999;GASOLINA;39508;RPM EN ALTAS;2474;22701
LIVIANO;AUTOMOVIL 4 TIEMPOS;;;2000;DIESEL;1301;ODOMETRO VEHICULO;288483;134
LIVIANO;AUTOMOVIL 4 TIEMPOS;;;2000;DIESEL;38501;OPACIDAD - VEHI. DIE;34;106
LIVIANO;AUTOMOVIL 4 TIEMPOS;;;2000;GASOLINA;1301;ODOMETRO VEHICULO;226006;6093
LIVIANO;AUTOMOVIL 4 TIEMPOS;;;2000;GASOLINA;39001;HIDROCARBUROS NO COMBUSTIONADOS (HC) RAL;143;4723
LIVIANO;AUTOMOVIL 4 TIEMPOS;;;2000;GASOLINA;39003;O2 EN BAJAS;1;4716
LIVIANO;AUTOMOVIL 4 TIEMPOS;;;2000;GASOLINA;39005;MONOXIDO DE CARBONO (CO) RALENTI;0;4724
LIVIANO;AUTOMOVIL 4 TIEMPOS;;;2000;GASOLINA;39008;RPM EN RALENTI;839;4716
LIVIANO;AUTOMOVIL 4 TIEMPOS;;;2000;GASOLINA;39501;HIDROCARBUROS NO COMBUSTIONADOS (HC) 250;93;4720
LIVIANO;AUTOMOVIL 4 TIEMPOS;;;2000;GASOLINA;39503;O2 EN ALTAS RPM;1;4718
LIVIANO;AUTOMOVIL 4 TIEMPOS;;;2000;GASOLINA;39505;MONOXIDO DE CARBONO (CO) 2500 RPM;0;4731
LIVIANO;AUTOMOVIL 4 TIEMPOS;;;2000;GASOLINA;39508;RPM EN ALTAS;2469;4663
LIVIANO;AUTOMOVIL 4 TIEMPOS;;;2001;DIESEL;1301;ODOMETRO VEHICULO;214580;228
LIVIANO;AUTOMOVIL 4 TIEMPOS;;;2001;DIESEL;38501;OPACIDAD - VEHI. DIE;32;150
LIVIANO;AUTOMOVIL 4 TIEMPOS;;;2001;DIESEL;39001;HIDROCARBUROS NO COMBUSTIONADOS (HC) RAL;73;11
LIVIANO;AUTOMOVIL 4 TIEMPOS;;;2001;DIESEL;39003;O2 EN BAJAS;0;11
LIVIANO;AUTOMOVIL 4 TIEMPOS;;;2001;DIESEL;39005;MONOXIDO DE CARBONO (CO) RALENTI;0;11
LIVIANO;AUTOMOVIL 4 TIEMPOS;;;2001;DIESEL;39008;RPM EN RALENTI;820;11
LIVIANO;AUTOMOVIL 4 TIEMPOS;;;2001;DIESEL;39501;HIDROCARBUROS NO COMBUSTIONADOS (HC) 250;66;11
LIVIANO;AUTOMOVIL 4 TIEMPOS;;;2001;DIESEL;39503;O2 EN ALTAS RPM;1;11
LIVIANO;AUTOMOVIL 4 TIEMPOS;;;2001;DIESEL;39505;MONOXIDO DE CARBONO (CO) 2500 RPM;0;11
LIVIANO;AUTOMOVIL 4 TIEMPOS;;;2001;DIESEL;39508;RPM EN ALTAS;2433;11
LIVIANO;AUTOMOVIL 4 TIEMPOS;;;2001;GASOLINA;1301;ODOMETRO VEHICULO;229855;58001
LIVIANO;AUTOMOVIL 4 TIEMPOS;;;2001;GASOLINA;39001;HIDROCARBUROS NO COMBUSTIONADOS (HC) RAL;146;44721
LIVIANO;AUTOMOVIL 4 TIEMPOS;;;2001;GASOLINA;39003;O2 EN BAJAS;1;44677
LIVIANO;AUTOMOVIL 4 TIEMPOS;;;2001;GASOLINA;39005;MONOXIDO DE CARBONO (CO) RALENTI;0;44695
LIVIANO;AUTOMOVIL 4 TIEMPOS;;;2001;GASOLINA;39008;RPM EN RALENTI;838;44656
LIVIANO;AUTOMOVIL 4 TIEMPOS;;;2001;GASOLINA;39501;HIDROCARBUROS NO COMBUSTIONADOS (HC) 250;104;44677
LIVIANO;AUTOMOVIL 4 TIEMPOS;;;2001;GASOLINA;39503;O2 EN ALTAS RPM;1;44666
LIVIANO;AUTOMOVIL 4 TIEMPOS;;;2001;GASOLINA;39505;MONOXIDO DE CARBONO (CO) 2500 RPM;0;44779
LIVIANO;AUTOMOVIL 4 TIEMPOS;;;2001;GASOLINA;39508;RPM EN ALTAS;2472;44125
LIVIANO;AUTOMOVIL 4 TIEMPOS;;;2002;DIESEL;1301;ODOMETRO VEHICULO;219718;300
LIVIANO;AUTOMOVIL 4 TIEMPOS;;;2002;DIESEL;38501;OPACIDAD - VEHI. DIE;32;213
LIVIANO;AUTOMOVIL 4 TIEMPOS;;;2002;DIESEL;39001;HIDROCARBUROS NO COMBUSTIONADOS (HC) RAL;46;9
LIVIANO;AUTOMOVIL 4 TIEMPOS;;;2002;DIESEL;39003;O2 EN BAJAS;1;9
LIVIANO;AUTOMOVIL 4 TIEMPOS;;;2002;DIESEL;39005;MONOXIDO DE CARBONO (CO) RALENTI;0;9
LIVIANO;AUTOMOVIL 4 TIEMPOS;;;2002;DIESEL;39008;RPM EN RALENTI;837;9
LIVIANO;AUTOMOVIL 4 TIEMPOS;;;2002;DIESEL;39501;HIDROCARBUROS NO COMBUSTIONADOS (HC) 250;64;9
LIVIANO;AUTOMOVIL 4 TIEMPOS;;;2002;DIESEL;39503;O2 EN ALTAS RPM;1;9
LIVIANO;AUTOMOVIL 4 TIEMPOS;;;2002;DIESEL;39505;MONOXIDO DE CARBONO (CO) 2500 RPM;0;9
LIVIANO;AUTOMOVIL 4 TIEMPOS;;;2002;DIESEL;39508;RPM EN ALTAS;2466;9
LIVIANO;AUTOMOVIL 4 TIEMPOS;;;2002;GASOLINA;1301;ODOMETRO VEHICULO;237110;97933
LIVIANO;AUTOMOVIL 4 TIEMPOS;;;2002;GASOLINA;38501;OPACIDAD - VEHI. DIE;8;2
LIVIANO;AUTOMOVIL 4 TIEMPOS;;;2002;GASOLINA;39001;HIDROCARBUROS NO COMBUSTIONADOS (HC) RAL;145;75273
LIVIANO;AUTOMOVIL 4 TIEMPOS;;;2002;GASOLINA;39003;O2 EN BAJAS;1;75193
LIVIANO;AUTOMOVIL 4 TIEMPOS;;;2002;GASOLINA;39005;MONOXIDO DE CARBONO (CO) RALENTI;0;75234
LIVIANO;AUTOMOVIL 4 TIEMPOS;;;2002;GASOLINA;39008;RPM EN RALENTI;841;75148
LIVIANO;AUTOMOVIL 4 TIEMPOS;;;2002;GASOLINA;39501;HIDROCARBUROS NO COMBUSTIONADOS (HC) 250;105;75194
LIVIANO;AUTOMOVIL 4 TIEMPOS;;;2002;GASOLINA;39503;O2 EN ALTAS RPM;1;75190
LIVIANO;AUTOMOVIL 4 TIEMPOS;;;2002;GASOLINA;39505;MONOXIDO DE CARBONO (CO) 2500 RPM;0;75382
LIVIANO;AUTOMOVIL 4 TIEMPOS;;;2002;GASOLINA;39508;RPM EN ALTAS;2471;74293
LIVIANO;AUTOMOVIL 4 TIEMPOS;;;2003;DIESEL;1301;ODOMETRO VEHICULO;218696;306
LIVIANO;AUTOMOVIL 4 TIEMPOS;;;2003;DIESEL;38501;OPACIDAD - VEHI. DIE;29;216
LIVIANO;AUTOMOVIL 4 TIEMPOS;;;2003;DIESEL;39001;HIDROCARBUROS NO COMBUSTIONADOS (HC) RAL;410;3
LIVIANO;AUTOMOVIL 4 TIEMPOS;;;2003;DIESEL;39003;O2 EN BAJAS;3;3
LIVIANO;AUTOMOVIL 4 TIEMPOS;;;2003;DIESEL;39005;MONOXIDO DE CARBONO (CO) RALENTI;0;3
LIVIANO;AUTOMOVIL 4 TIEMPOS;;;2003;DIESEL;39008;RPM EN RALENTI;840;3
LIVIANO;AUTOMOVIL 4 TIEMPOS;;;2003;DIESEL;39501;HIDROCARBUROS NO COMBUSTIONADOS (HC) 250;151;3
LIVIANO;AUTOMOVIL 4 TIEMPOS;;;2003;DIESEL;39503;O2 EN ALTAS RPM;0;3
LIVIANO;AUTOMOVIL 4 TIEMPOS;;;2003;DIESEL;39505;MONOXIDO DE CARBONO (CO) 2500 RPM;0;3
LIVIANO;AUTOMOVIL 4 TIEMPOS;;;2003;DIESEL;39508;RPM EN ALTAS;2433;3
LIVIANO;AUTOMOVIL 4 TIEMPOS;;;2003;GASOLINA;1301;ODOMETRO VEHICULO;234678;90233
LIVIANO;AUTOMOVIL 4 TIEMPOS;;;2003;GASOLINA;38501;OPACIDAD - VEHI. DIE;31;1
LIVIANO;AUTOMOVIL 4 TIEMPOS;;;2003;GASOLINA;39001;HIDROCARBUROS NO COMBUSTIONADOS (HC) RAL;128;68804
LIVIANO;AUTOMOVIL 4 TIEMPOS;;;2003;GASOLINA;39003;O2 EN BAJAS;1;68731
LIVIANO;AUTOMOVIL 4 TIEMPOS;;;2003;GASOLINA;39005;MONOXIDO DE CARBONO (CO) RALENTI;0;68769
LIVIANO;AUTOMOVIL 4 TIEMPOS;;;2003;GASOLINA;39008;RPM EN RALENTI;829;68694
LIVIANO;AUTOMOVIL 4 TIEMPOS;;;2003;GASOLINA;39501;HIDROCARBUROS NO COMBUSTIONADOS (HC) 250;91;68735
LIVIANO;AUTOMOVIL 4 TIEMPOS;;;2003;GASOLINA;39503;O2 EN ALTAS RPM;1;68736
LIVIANO;AUTOMOVIL 4 TIEMPOS;;;2003;GASOLINA;39505;MONOXIDO DE CARBONO (CO) 2500 RPM;0;68892
LIVIANO;AUTOMOVIL 4 TIEMPOS;;;2003;GASOLINA;39508;RPM EN ALTAS;2469;67934
LIVIANO;AUTOMOVIL 4 TIEMPOS;;;2004;DIESEL;1301;ODOMETRO VEHICULO;229601;272
LIVIANO;AUTOMOVIL 4 TIEMPOS;;;2004;DIESEL;38501;OPACIDAD - VEHI. DIE;27;186
LIVIANO;AUTOMOVIL 4 TIEMPOS;;;2004;DIESEL;39001;HIDROCARBUROS NO COMBUSTIONADOS (HC) RAL;80;7
LIVIANO;AUTOMOVIL 4 TIEMPOS;;;2004;DIESEL;39003;O2 EN BAJAS;0;7
LIVIANO;AUTOMOVIL 4 TIEMPOS;;;2004;DIESEL;39005;MONOXIDO DE CARBONO (CO) RALENTI;0;7
LIVIANO;AUTOMOVIL 4 TIEMPOS;;;2004;DIESEL;39008;RPM EN RALENTI;752;7
LIVIANO;AUTOMOVIL 4 TIEMPOS;;;2004;DIESEL;39501;HIDROCARBUROS NO COMBUSTIONADOS (HC) 250;46;7
LIVIANO;AUTOMOVIL 4 TIEMPOS;;;2004;DIESEL;39503;O2 EN ALTAS RPM;0;7
LIVIANO;AUTOMOVIL 4 TIEMPOS;;;2004;DIESEL;39505;MONOXIDO DE CARBONO (CO) 2500 RPM;0;7
LIVIANO;AUTOMOVIL 4 TIEMPOS;;;2004;DIESEL;39508;RPM EN ALTAS;2404;7
LIVIANO;AUTOMOVIL 4 TIEMPOS;;;2004;GASOLINA;1301;ODOMETRO VEHICULO;229919;88210
LIVIANO;AUTOMOVIL 4 TIEMPOS;;;2004;GASOLINA;39001;HIDROCARBUROS NO COMBUSTIONADOS (HC) RAL;124;67003
LIVIANO;AUTOMOVIL 4 TIEMPOS;;;2004;GASOLINA;39003;O2 EN BAJAS;0;66956
LIVIANO;AUTOMOVIL 4 TIEMPOS;;;2004;GASOLINA;39005;MONOXIDO DE CARBONO (CO) RALENTI;0;66972
LIVIANO;AUTOMOVIL 4 TIEMPOS;;;2004;GASOLINA;39008;RPM EN RALENTI;817;66914
LIVIANO;AUTOMOVIL 4 TIEMPOS;;;2004;GASOLINA;39501;HIDROCARBUROS NO COMBUSTIONADOS (HC) 250;85;66951
LIVIANO;AUTOMOVIL 4 TIEMPOS;;;2004;GASOLINA;39503;O2 EN ALTAS RPM;1;66973
LIVIANO;AUTOMOVIL 4 TIEMPOS;;;2004;GASOLINA;39505;MONOXIDO DE CARBONO (CO) 2500 RPM;0;67070
LIVIANO;AUTOMOVIL 4 TIEMPOS;;;2004;GASOLINA;39508;RPM EN ALTAS;2467;66113
LIVIANO;AUTOMOVIL 4 TIEMPOS;;;2005;DIESEL;1301;ODOMETRO VEHICULO;223522;1588
LIVIANO;AUTOMOVIL 4 TIEMPOS;;;2005;DIESEL;38501;OPACIDAD - VEHI. DIE;28;1226
LIVIANO;AUTOMOVIL 4 TIEMPOS;;;2005;DIESEL;39001;HIDROCARBUROS NO COMBUSTIONADOS (HC) RAL;80;4
LIVIANO;AUTOMOVIL 4 TIEMPOS;;;2005;DIESEL;39003;O2 EN BAJAS;1;4
LIVIANO;AUTOMOVIL 4 TIEMPOS;;;2005;DIESEL;39005;MONOXIDO DE CARBONO (CO) RALENTI;0;4
LIVIANO;AUTOMOVIL 4 TIEMPOS;;;2005;DIESEL;39008;RPM EN RALENTI;855;4
LIVIANO;AUTOMOVIL 4 TIEMPOS;;;2005;DIESEL;39501;HIDROCARBUROS NO COMBUSTIONADOS (HC) 250;57;4
LIVIANO;AUTOMOVIL 4 TIEMPOS;;;2005;DIESEL;39503;O2 EN ALTAS RPM;0;4
LIVIANO;AUTOMOVIL 4 TIEMPOS;;;2005;DIESEL;39505;MONOXIDO DE CARBONO (CO) 2500 RPM;0;4
LIVIANO;AUTOMOVIL 4 TIEMPOS;;;2005;DIESEL;39508;RPM EN ALTAS;2405;4
LIVIANO;AUTOMOVIL 4 TIEMPOS;;;2005;GASOLINA;1301;ODOMETRO VEHICULO;231228;132447
LIVIANO;AUTOMOVIL 4 TIEMPOS;;;2005;GASOLINA;39001;HIDROCARBUROS NO COMBUSTIONADOS (HC) RAL;112;100690
LIVIANO;AUTOMOVIL 4 TIEMPOS;;;2005;GASOLINA;39003;O2 EN BAJAS;0;100648
LIVIANO;AUTOMOVIL 4 TIEMPOS;;;2005;GASOLINA;39005;MONOXIDO DE CARBONO (CO) RALENTI;0;100662
LIVIANO;AUTOMOVIL 4 TIEMPOS;;;2005;GASOLINA;39008;RPM EN RALENTI;813;100578
LIVIANO;AUTOMOVIL 4 TIEMPOS;;;2005;GASOLINA;39501;HIDROCARBUROS NO COMBUSTIONADOS (HC) 250;78;100629
LIVIANO;AUTOMOVIL 4 TIEMPOS;;;2005;GASOLINA;39503;O2 EN ALTAS RPM;0;100623
LIVIANO;AUTOMOVIL 4 TIEMPOS;;;2005;GASOLINA;39505;MONOXIDO DE CARBONO (CO) 2500 RPM;0;100772
LIVIANO;AUTOMOVIL 4 TIEMPOS;;;2005;GASOLINA;39508;RPM EN ALTAS;2465;99376
LIVIANO;AUTOMOVIL 4 TIEMPOS;;;2006;DIESEL;1301;ODOMETRO VEHICULO;213333;4070
LIVIANO;AUTOMOVIL 4 TIEMPOS;;;2006;DIESEL;38501;OPACIDAD - VEHI. DIE;27;3084
LIVIANO;AUTOMOVIL 4 TIEMPOS;;;2006;DIESEL;39001;HIDROCARBUROS NO COMBUSTIONADOS (HC) RAL;80;15
LIVIANO;AUTOMOVIL 4 TIEMPOS;;;2006;DIESEL;39003;O2 EN BAJAS;1;15
LIVIANO;AUTOMOVIL 4 TIEMPOS;;;2006;DIESEL;39005;MONOXIDO DE CARBONO (CO) RALENTI;0;15
LIVIANO;AUTOMOVIL 4 TIEMPOS;;;2006;DIESEL;39008;RPM EN RALENTI;826;15
LIVIANO;AUTOMOVIL 4 TIEMPOS;;;2006;DIESEL;39501;HIDROCARBUROS NO COMBUSTIONADOS (HC) 250;58;15
LIVIANO;AUTOMOVIL 4 TIEMPOS;;;2006;DIESEL;39503;O2 EN ALTAS RPM;0;15
LIVIANO;AUTOMOVIL 4 TIEMPOS;;;2006;DIESEL;39505;MONOXIDO DE CARBONO (CO) 2500 RPM;0;15
LIVIANO;AUTOMOVIL 4 TIEMPOS;;;2006;DIESEL;39508;RPM EN ALTAS;2463;15
LIVIANO;AUTOMOVIL 4 TIEMPOS;;;2006;GASOLINA;1301;ODOMETRO VEHICULO;198361;143067
LIVIANO;AUTOMOVIL 4 TIEMPOS;;;2006;GASOLINA;38501;OPACIDAD - VEHI. DIE;31;1
LIVIANO;AUTOMOVIL 4 TIEMPOS;;;2006;GASOLINA;39001;HIDROCARBUROS NO COMBUSTIONADOS (HC) RAL;98;110459
LIVIANO;AUTOMOVIL 4 TIEMPOS;;;2006;GASOLINA;39003;O2 EN BAJAS;0;110427
LIVIANO;AUTOMOVIL 4 TIEMPOS;;;2006;GASOLINA;39005;MONOXIDO DE CARBONO (CO) RALENTI;0;110448
LIVIANO;AUTOMOVIL 4 TIEMPOS;;;2006;GASOLINA;39008;RPM EN RALENTI;806;110380
LIVIANO;AUTOMOVIL 4 TIEMPOS;;;2006;GASOLINA;39501;HIDROCARBUROS NO COMBUSTIONADOS (HC) 250;69;110405
LIVIANO;AUTOMOVIL 4 TIEMPOS;;;2006;GASOLINA;39503;O2 EN ALTAS RPM;0;110413
LIVIANO;AUTOMOVIL 4 TIEMPOS;;;2006;GASOLINA;39505;MONOXIDO DE CARBONO (CO) 2500 RPM;0;110538
LIVIANO;AUTOMOVIL 4 TIEMPOS;;;2006;GASOLINA;39508;RPM EN ALTAS;2465;109001
LIVIANO;AUTOMOVIL 4 TIEMPOS;;;2007;DIESEL;1301;ODOMETRO VEHICULO;191550;5529
LIVIANO;AUTOMOVIL 4 TIEMPOS;;;2007;DIESEL;38501;OPACIDAD - VEHI. DIE;26;4277
LIVIANO;AUTOMOVIL 4 TIEMPOS;;;2007;DIESEL;39001;HIDROCARBUROS NO COMBUSTIONADOS (HC) RAL;211;19
LIVIANO;AUTOMOVIL 4 TIEMPOS;;;2007;DIESEL;39003;O2 EN BAJAS;1;19
LIVIANO;AUTOMOVIL 4 TIEMPOS;;;2007;DIESEL;39005;MONOXIDO DE CARBONO (CO) RALENTI;0;19
LIVIANO;AUTOMOVIL 4 TIEMPOS;;;2007;DIESEL;39008;RPM EN RALENTI;838;19
LIVIANO;AUTOMOVIL 4 TIEMPOS;;;2007;DIESEL;39501;HIDROCARBUROS NO COMBUSTIONADOS (HC) 250;106;19
LIVIANO;AUTOMOVIL 4 TIEMPOS;;;2007;DIESEL;39503;O2 EN ALTAS RPM;0;19
LIVIANO;AUTOMOVIL 4 TIEMPOS;;;2007;DIESEL;39505;MONOXIDO DE CARBONO (CO) 2500 RPM;0;19
LIVIANO;AUTOMOVIL 4 TIEMPOS;;;2007;DIESEL;39508;RPM EN ALTAS;2463;19
LIVIANO;AUTOMOVIL 4 TIEMPOS;;;2007;GASOLINA;1301;ODOMETRO VEHICULO;185708;151303
LIVIANO;AUTOMOVIL 4 TIEMPOS;;;2007;GASOLINA;39001;HIDROCARBUROS NO COMBUSTIONADOS (HC) RAL;80;117830
LIVIANO;AUTOMOVIL 4 TIEMPOS;;;2007;GASOLINA;39003;O2 EN BAJAS;0;117833
LIVIANO;AUTOMOVIL 4 TIEMPOS;;;2007;GASOLINA;39005;MONOXIDO DE CARBONO (CO) RALENTI;0;117823
LIVIANO;AUTOMOVIL 4 TIEMPOS;;;2007;GASOLINA;39008;RPM EN RALENTI;798;117754
LIVIANO;AUTOMOVIL 4 TIEMPOS;;;2007;GASOLINA;39501;HIDROCARBUROS NO COMBUSTIONADOS (HC) 250;58;117787
LIVIANO;AUTOMOVIL 4 TIEMPOS;;;2007;GASOLINA;39503;O2 EN ALTAS RPM;0;117791
LIVIANO;AUTOMOVIL 4 TIEMPOS;;;2007;GASOLINA;39505;MONOXIDO DE CARBONO (CO) 2500 RPM;0;117923
LIVIANO;AUTOMOVIL 4 TIEMPOS;;;2007;GASOLINA;39508;RPM EN ALTAS;2463;116250
LIVIANO;AUTOMOVIL 4 TIEMPOS;;;2008;DIESEL;1301;ODOMETRO VEHICULO;173488;3723
LIVIANO;AUTOMOVIL 4 TIEMPOS;;;2008;DIESEL;38501;OPACIDAD - VEHI. DIE;23;2995
LIVIANO;AUTOMOVIL 4 TIEMPOS;;;2008;DIESEL;39001;HIDROCARBUROS NO COMBUSTIONADOS (HC) RAL;125;1
LIVIANO;AUTOMOVIL 4 TIEMPOS;;;2008;DIESEL;39003;O2 EN BAJAS;2;1
LIVIANO;AUTOMOVIL 4 TIEMPOS;;;2008;DIESEL;39005;MONOXIDO DE CARBONO (CO) RALENTI;0;1
LIVIANO;AUTOMOVIL 4 TIEMPOS;;;2008;DIESEL;39008;RPM EN RALENTI;720;1
LIVIANO;AUTOMOVIL 4 TIEMPOS;;;2008;DIESEL;39501;HIDROCARBUROS NO COMBUSTIONADOS (HC) 250;75;1
LIVIANO;AUTOMOVIL 4 TIEMPOS;;;2008;DIESEL;39503;O2 EN ALTAS RPM;3;1
LIVIANO;AUTOMOVIL 4 TIEMPOS;;;2008;DIESEL;39505;MONOXIDO DE CARBONO (CO) 2500 RPM;0;1
LIVIANO;AUTOMOVIL 4 TIEMPOS;;;2008;DIESEL;39508;RPM EN ALTAS;2400;1
LIVIANO;AUTOMOVIL 4 TIEMPOS;;;2008;GASOLINA;1301;ODOMETRO VEHICULO;182984;145581
LIVIANO;AUTOMOVIL 4 TIEMPOS;;;2008;GASOLINA;39001;HIDROCARBUROS NO COMBUSTIONADOS (HC) RAL;66;113371
LIVIANO;AUTOMOVIL 4 TIEMPOS;;;2008;GASOLINA;39003;O2 EN BAJAS;0;113367
LIVIANO;AUTOMOVIL 4 TIEMPOS;;;2008;GASOLINA;39005;MONOXIDO DE CARBONO (CO) RALENTI;0;113339
LIVIANO;AUTOMOVIL 4 TIEMPOS;;;2008;GASOLINA;39008;RPM EN RALENTI;791;113312
LIVIANO;AUTOMOVIL 4 TIEMPOS;;;2008;GASOLINA;39501;HIDROCARBUROS NO COMBUSTIONADOS (HC) 250;52;113343
LIVIANO;AUTOMOVIL 4 TIEMPOS;;;2008;GASOLINA;39503;O2 EN ALTAS RPM;0;113340
LIVIANO;AUTOMOVIL 4 TIEMPOS;;;2008;GASOLINA;39505;MONOXIDO DE CARBONO (CO) 2500 RPM;0;113411
LIVIANO;AUTOMOVIL 4 TIEMPOS;;;2008;GASOLINA;39508;RPM EN ALTAS;2460;111860
LIVIANO;AUTOMOVIL 4 TIEMPOS;;;2009;DIESEL;1301;ODOMETRO VEHICULO;173123;3814
LIVIANO;AUTOMOVIL 4 TIEMPOS;;;2009;DIESEL;38501;OPACIDAD - VEHI. DIE;21;3088
LIVIANO;AUTOMOVIL 4 TIEMPOS;;;2009;DIESEL;39001;HIDROCARBUROS NO COMBUSTIONADOS (HC) RAL;46;23
LIVIANO;AUTOMOVIL 4 TIEMPOS;;;2009;DIESEL;39003;O2 EN BAJAS;0;23
LIVIANO;AUTOMOVIL 4 TIEMPOS;;;2009;DIESEL;39005;MONOXIDO DE CARBONO (CO) RALENTI;0;23
LIVIANO;AUTOMOVIL 4 TIEMPOS;;;2009;DIESEL;39008;RPM EN RALENTI;801;23
LIVIANO;AUTOMOVIL 4 TIEMPOS;;;2009;DIESEL;39501;HIDROCARBUROS NO COMBUSTIONADOS (HC) 250;35;23
LIVIANO;AUTOMOVIL 4 TIEMPOS;;;2009;DIESEL;39503;O2 EN ALTAS RPM;1;23
LIVIANO;AUTOMOVIL 4 TIEMPOS;;;2009;DIESEL;39505;MONOXIDO DE CARBONO (CO) 2500 RPM;0;23
LIVIANO;AUTOMOVIL 4 TIEMPOS;;;2009;DIESEL;39508;RPM EN ALTAS;2433;23
LIVIANO;AUTOMOVIL 4 TIEMPOS;;;2009;GASOLINA;1301;ODOMETRO VEHICULO;193699;194068
LIVIANO;AUTOMOVIL 4 TIEMPOS;;;2009;GASOLINA;38501;OPACIDAD - VEHI. DIE;4;2
LIVIANO;AUTOMOVIL 4 TIEMPOS;;;2009;GASOLINA;39001;HIDROCARBUROS NO COMBUSTIONADOS (HC) RAL;60;152466
LIVIANO;AUTOMOVIL 4 TIEMPOS;;;2009;GASOLINA;39003;O2 EN BAJAS;0;152489
LIVIANO;AUTOMOVIL 4 TIEMPOS;;;2009;GASOLINA;39005;MONOXIDO DE CARBONO (CO) RALENTI;0;152461
LIVIANO;AUTOMOVIL 4 TIEMPOS;;;2009;GASOLINA;39008;RPM EN RALENTI;778;152407
LIVIANO;AUTOMOVIL 4 TIEMPOS;;;2009;GASOLINA;39501;HIDROCARBUROS NO COMBUSTIONADOS (HC) 250;48;152458
LIVIANO;AUTOMOVIL 4 TIEMPOS;;;2009;GASOLINA;39503;O2 EN ALTAS RPM;0;152459
LIVIANO;AUTOMOVIL 4 TIEMPOS;;;2009;GASOLINA;39505;MONOXIDO DE CARBONO (CO) 2500 RPM;0;152573
LIVIANO;AUTOMOVIL 4 TIEMPOS;;;2009;GASOLINA;39508;RPM EN ALTAS;2465;150286
LIVIANO;AUTOMOVIL 4 TIEMPOS;;;2010;DIESEL;1301;ODOMETRO VEHICULO;166290;2909
LIVIANO;AUTOMOVIL 4 TIEMPOS;;;2010;DIESEL;38501;OPACIDAD - VEHI. DIE;23;2301
LIVIANO;AUTOMOVIL 4 TIEMPOS;;;2010;DIESEL;39001;HIDROCARBUROS NO COMBUSTIONADOS (HC) RAL;12;4
LIVIANO;AUTOMOVIL 4 TIEMPOS;;;2010;DIESEL;39003;O2 EN BAJAS;0;4
LIVIANO;AUTOMOVIL 4 TIEMPOS;;;2010;DIESEL;39005;MONOXIDO DE CARBONO (CO) RALENTI;0;4
LIVIANO;AUTOMOVIL 4 TIEMPOS;;;2010;DIESEL;39008;RPM EN RALENTI;785;4
LIVIANO;AUTOMOVIL 4 TIEMPOS;;;2010;DIESEL;39501;HIDROCARBUROS NO COMBUSTIONADOS (HC) 250;14;4
LIVIANO;AUTOMOVIL 4 TIEMPOS;;;2010;DIESEL;39503;O2 EN ALTAS RPM;0;4
LIVIANO;AUTOMOVIL 4 TIEMPOS;;;2010;DIESEL;39505;MONOXIDO DE CARBONO (CO) 2500 RPM;0;4
LIVIANO;AUTOMOVIL 4 TIEMPOS;;;2010;DIESEL;39508;RPM EN ALTAS;2482;4
LIVIANO;AUTOMOVIL 4 TIEMPOS;;;2010;GASOLINA;1301;ODOMETRO VEHICULO;179817;168966
LIVIANO;AUTOMOVIL 4 TIEMPOS;;;2010;GASOLINA;39001;HIDROCARBUROS NO COMBUSTIONADOS (HC) RAL;52;133372
LIVIANO;AUTOMOVIL 4 TIEMPOS;;;2010;GASOLINA;39003;O2 EN BAJAS;0;133394
LIVIANO;AUTOMOVIL 4 TIEMPOS;;;2010;GASOLINA;39005;MONOXIDO DE CARBONO (CO) RALENTI;0;133366
LIVIANO;AUTOMOVIL 4 TIEMPOS;;;2010;GASOLINA;39008;RPM EN RALENTI;775;133339
LIVIANO;AUTOMOVIL 4 TIEMPOS;;;2010;GASOLINA;39501;HIDROCARBUROS NO COMBUSTIONADOS (HC) 250;44;133368
LIVIANO;AUTOMOVIL 4 TIEMPOS;;;2010;GASOLINA;39503;O2 EN ALTAS RPM;0;133367
LIVIANO;AUTOMOVIL 4 TIEMPOS;;;2010;GASOLINA;39505;MONOXIDO DE CARBONO (CO) 2500 RPM;0;133418
LIVIANO;AUTOMOVIL 4 TIEMPOS;;;2010;GASOLINA;39508;RPM EN ALTAS;2463;131488
LIVIANO;AUTOMOVIL 4 TIEMPOS;;;2011;DIESEL;1301;ODOMETRO VEHICULO;157961;2538
LIVIANO;AUTOMOVIL 4 TIEMPOS;;;2011;DIESEL;38501;OPACIDAD - VEHI. DIE;21;1978
LIVIANO;AUTOMOVIL 4 TIEMPOS;;;2011;DIESEL;39001;HIDROCARBUROS NO COMBUSTIONADOS (HC) RAL;159;8
LIVIANO;AUTOMOVIL 4 TIEMPOS;;;2011;DIESEL;39003;O2 EN BAJAS;1;8
LIVIANO;AUTOMOVIL 4 TIEMPOS;;;2011;DIESEL;39005;MONOXIDO DE CARBONO (CO) RALENTI;0;8
LIVIANO;AUTOMOVIL 4 TIEMPOS;;;2011;DIESEL;39008;RPM EN RALENTI;842;8
LIVIANO;AUTOMOVIL 4 TIEMPOS;;;2011;DIESEL;39501;HIDROCARBUROS NO COMBUSTIONADOS (HC) 250;122;8
LIVIANO;AUTOMOVIL 4 TIEMPOS;;;2011;DIESEL;39503;O2 EN ALTAS RPM;1;8
LIVIANO;AUTOMOVIL 4 TIEMPOS;;;2011;DIESEL;39505;MONOXIDO DE CARBONO (CO) 2500 RPM;0;8
LIVIANO;AUTOMOVIL 4 TIEMPOS;;;2011;DIESEL;39508;RPM EN ALTAS;2543;8
LIVIANO;AUTOMOVIL 4 TIEMPOS;;;2011;GASOLINA;1301;ODOMETRO VEHICULO;145929;271400
LIVIANO;AUTOMOVIL 4 TIEMPOS;;;2011;GASOLINA;38501;OPACIDAD - VEHI. DIE;1;1
LIVIANO;AUTOMOVIL 4 TIEMPOS;;;2011;GASOLINA;39001;HIDROCARBUROS NO COMBUSTIONADOS (HC) RAL;48;216113
LIVIANO;AUTOMOVIL 4 TIEMPOS;;;2011;GASOLINA;39003;O2 EN BAJAS;0;216147
LIVIANO;AUTOMOVIL 4 TIEMPOS;;;2011;GASOLINA;39005;MONOXIDO DE CARBONO (CO) RALENTI;0;216118
LIVIANO;AUTOMOVIL 4 TIEMPOS;;;2011;GASOLINA;39008;RPM EN RALENTI;775;216080
LIVIANO;AUTOMOVIL 4 TIEMPOS;;;2011;GASOLINA;39501;HIDROCARBUROS NO COMBUSTIONADOS (HC) 250;41;216104
LIVIANO;AUTOMOVIL 4 TIEMPOS;;;2011;GASOLINA;39503;O2 EN ALTAS RPM;0;216122
LIVIANO;AUTOMOVIL 4 TIEMPOS;;;2011;GASOLINA;39505;MONOXIDO DE CARBONO (CO) 2500 RPM;0;216199
LIVIANO;AUTOMOVIL 4 TIEMPOS;;;2011;GASOLINA;39508;RPM EN ALTAS;2465;213104
LIVIANO;AUTOMOVIL 4 TIEMPOS;;;2012;DIESEL;1301;ODOMETRO VEHICULO;150347;1791
LIVIANO;AUTOMOVIL 4 TIEMPOS;;;2012;DIESEL;38501;OPACIDAD - VEHI. DIE;21;1414
LIVIANO;AUTOMOVIL 4 TIEMPOS;;;2012;DIESEL;39001;HIDROCARBUROS NO COMBUSTIONADOS (HC) RAL;58;11
LIVIANO;AUTOMOVIL 4 TIEMPOS;;;2012;DIESEL;39003;O2 EN BAJAS;0;11
LIVIANO;AUTOMOVIL 4 TIEMPOS;;;2012;DIESEL;39005;MONOXIDO DE CARBONO (CO) RALENTI;0;11
LIVIANO;AUTOMOVIL 4 TIEMPOS;;;2012;DIESEL;39008;RPM EN RALENTI;840;11
LIVIANO;AUTOMOVIL 4 TIEMPOS;;;2012;DIESEL;39501;HIDROCARBUROS NO COMBUSTIONADOS (HC) 250;45;11
LIVIANO;AUTOMOVIL 4 TIEMPOS;;;2012;DIESEL;39503;O2 EN ALTAS RPM;0;11
LIVIANO;AUTOMOVIL 4 TIEMPOS;;;2012;DIESEL;39505;MONOXIDO DE CARBONO (CO) 2500 RPM;0;11
LIVIANO;AUTOMOVIL 4 TIEMPOS;;;2012;DIESEL;39508;RPM EN ALTAS;2418;11
LIVIANO;AUTOMOVIL 4 TIEMPOS;;;2012;GASOLINA;1301;ODOMETRO VEHICULO;122938;245251
LIVIANO;AUTOMOVIL 4 TIEMPOS;;;2012;GASOLINA;38501;OPACIDAD - VEHI. DIE;0;4
LIVIANO;AUTOMOVIL 4 TIEMPOS;;;2012;GASOLINA;39001;HIDROCARBUROS NO COMBUSTIONADOS (HC) RAL;45;199235
LIVIANO;AUTOMOVIL 4 TIEMPOS;;;2012;GASOLINA;39003;O2 EN BAJAS;0;199275
LIVIANO;AUTOMOVIL 4 TIEMPOS;;;2012;GASOLINA;39005;MONOXIDO DE CARBONO (CO) RALENTI;0;199247
LIVIANO;AUTOMOVIL 4 TIEMPOS;;;2012;GASOLINA;39008;RPM EN RALENTI;779;199222
LIVIANO;AUTOMOVIL 4 TIEMPOS;;;2012;GASOLINA;39501;HIDROCARBUROS NO COMBUSTIONADOS (HC) 250;40;199246
LIVIANO;AUTOMOVIL 4 TIEMPOS;;;2012;GASOLINA;39503;O2 EN ALTAS RPM;0;199273
LIVIANO;AUTOMOVIL 4 TIEMPOS;;;2012;GASOLINA;39505;MONOXIDO DE CARBONO (CO) 2500 RPM;0;199306
LIVIANO;AUTOMOVIL 4 TIEMPOS;;;2012;GASOLINA;39508;RPM EN ALTAS;2465;196164
LIVIANO;AUTOMOVIL 4 TIEMPOS;;;2013;DIESEL;1301;ODOMETRO VEHICULO;144890;4477
LIVIANO;AUTOMOVIL 4 TIEMPOS;;;2013;DIESEL;38501;OPACIDAD - VEHI. DIE;20;3473
LIVIANO;AUTOMOVIL 4 TIEMPOS;;;2013;DIESEL;39001;HIDROCARBUROS NO COMBUSTIONADOS (HC) RAL;219;3
LIVIANO;AUTOMOVIL 4 TIEMPOS;;;2013;DIESEL;39003;O2 EN BAJAS;2;3
LIVIANO;AUTOMOVIL 4 TIEMPOS;;;2013;DIESEL;39005;MONOXIDO DE CARBONO (CO) RALENTI;0;3
LIVIANO;AUTOMOVIL 4 TIEMPOS;;;2013;DIESEL;39008;RPM EN RALENTI;810;3
LIVIANO;AUTOMOVIL 4 TIEMPOS;;;2013;DIESEL;39501;HIDROCARBUROS NO COMBUSTIONADOS (HC) 250;38;3
LIVIANO;AUTOMOVIL 4 TIEMPOS;;;2013;DIESEL;39503;O2 EN ALTAS RPM;0;3
LIVIANO;AUTOMOVIL 4 TIEMPOS;;;2013;DIESEL;39505;MONOXIDO DE CARBONO (CO) 2500 RPM;0;3
LIVIANO;AUTOMOVIL 4 TIEMPOS;;;2013;DIESEL;39508;RPM EN ALTAS;2486;3
LIVIANO;AUTOMOVIL 4 TIEMPOS;;;2013;GASOLINA;1301;ODOMETRO VEHICULO;111080;220730
LIVIANO;AUTOMOVIL 4 TIEMPOS;;;2013;GASOLINA;38501;OPACIDAD - VEHI. DIE;0;1
LIVIANO;AUTOMOVIL 4 TIEMPOS;;;2013;GASOLINA;39001;HIDROCARBUROS NO COMBUSTIONADOS (HC) RAL;37;181822
LIVIANO;AUTOMOVIL 4 TIEMPOS;;;2013;GASOLINA;39003;O2 EN BAJAS;0;181837
LIVIANO;AUTOMOVIL 4 TIEMPOS;;;2013;GASOLINA;39005;MONOXIDO DE CARBONO (CO) RALENTI;0;181825
LIVIANO;AUTOMOVIL 4 TIEMPOS;;;2013;GASOLINA;39008;RPM EN RALENTI;779;181822
LIVIANO;AUTOMOVIL 4 TIEMPOS;;;2013;GASOLINA;39501;HIDROCARBUROS NO COMBUSTIONADOS (HC) 250;34;181839
LIVIANO;AUTOMOVIL 4 TIEMPOS;;;2013;GASOLINA;39503;O2 EN ALTAS RPM;0;181851
LIVIANO;AUTOMOVIL 4 TIEMPOS;;;2013;GASOLINA;39505;MONOXIDO DE CARBONO (CO) 2500 RPM;0;181857
LIVIANO;AUTOMOVIL 4 TIEMPOS;;;2013;GASOLINA;39508;RPM EN ALTAS;2462;178812
LIVIANO;AUTOMOVIL 4 TIEMPOS;;;2014;DIESEL;1301;ODOMETRO VEHICULO;132681;8917
LIVIANO;AUTOMOVIL 4 TIEMPOS;;;2014;DIESEL;38501;OPACIDAD - VEHI. DIE;19;6992
LIVIANO;AUTOMOVIL 4 TIEMPOS;;;2014;DIESEL;39001;HIDROCARBUROS NO COMBUSTIONADOS (HC) RAL;112;5
LIVIANO;AUTOMOVIL 4 TIEMPOS;;;2014;DIESEL;39003;O2 EN BAJAS;0;5
LIVIANO;AUTOMOVIL 4 TIEMPOS;;;2014;DIESEL;39005;MONOXIDO DE CARBONO (CO) RALENTI;0;5
LIVIANO;AUTOMOVIL 4 TIEMPOS;;;2014;DIESEL;39008;RPM EN RALENTI;874;5
LIVIANO;AUTOMOVIL 4 TIEMPOS;;;2014;DIESEL;39501;HIDROCARBUROS NO COMBUSTIONADOS (HC) 250;94;5
LIVIANO;AUTOMOVIL 4 TIEMPOS;;;2014;DIESEL;39503;O2 EN ALTAS RPM;0;5
LIVIANO;AUTOMOVIL 4 TIEMPOS;;;2014;DIESEL;39505;MONOXIDO DE CARBONO (CO) 2500 RPM;0;5
LIVIANO;AUTOMOVIL 4 TIEMPOS;;;2014;DIESEL;39508;RPM EN ALTAS;2460;5
LIVIANO;AUTOMOVIL 4 TIEMPOS;;;2014;GASOLINA;1301;ODOMETRO VEHICULO;98017;168865
LIVIANO;AUTOMOVIL 4 TIEMPOS;;;2014;GASOLINA;39001;HIDROCARBUROS NO COMBUSTIONADOS (HC) RAL;30;142918
LIVIANO;AUTOMOVIL 4 TIEMPOS;;;2014;GASOLINA;39003;O2 EN BAJAS;0;142924
LIVIANO;AUTOMOVIL 4 TIEMPOS;;;2014;GASOLINA;39005;MONOXIDO DE CARBONO (CO) RALENTI;0;142920
LIVIANO;AUTOMOVIL 4 TIEMPOS;;;2014;GASOLINA;39008;RPM EN RALENTI;777;142923
LIVIANO;AUTOMOVIL 4 TIEMPOS;;;2014;GASOLINA;39501;HIDROCARBUROS NO COMBUSTIONADOS (HC) 250;27;142929
LIVIANO;AUTOMOVIL 4 TIEMPOS;;;2014;GASOLINA;39503;O2 EN ALTAS RPM;0;142937
LIVIANO;AUTOMOVIL 4 TIEMPOS;;;2014;GASOLINA;39505;MONOXIDO DE CARBONO (CO) 2500 RPM;0;142937
LIVIANO;AUTOMOVIL 4 TIEMPOS;;;2014;GASOLINA;39508;RPM EN ALTAS;2460;140154
LIVIANO;AUTOMOVIL 4 TIEMPOS;;;2015;DIESEL;1301;ODOMETRO VEHICULO;111607;8693
LIVIANO;AUTOMOVIL 4 TIEMPOS;;;2015;DIESEL;38501;OPACIDAD - VEHI. DIE;19;7102
LIVIANO;AUTOMOVIL 4 TIEMPOS;;;2015;DIESEL;39001;HIDROCARBUROS NO COMBUSTIONADOS (HC) RAL;50;8
LIVIANO;AUTOMOVIL 4 TIEMPOS;;;2015;DIESEL;39003;O2 EN BAJAS;0;8
LIVIANO;AUTOMOVIL 4 TIEMPOS;;;2015;DIESEL;39005;MONOXIDO DE CARBONO (CO) RALENTI;0;8
LIVIANO;AUTOMOVIL 4 TIEMPOS;;;2015;DIESEL;39008;RPM EN RALENTI;775;8
LIVIANO;AUTOMOVIL 4 TIEMPOS;;;2015;DIESEL;39501;HIDROCARBUROS NO COMBUSTIONADOS (HC) 250;67;8
LIVIANO;AUTOMOVIL 4 TIEMPOS;;;2015;DIESEL;39503;O2 EN ALTAS RPM;0;8
LIVIANO;AUTOMOVIL 4 TIEMPOS;;;2015;DIESEL;39505;MONOXIDO DE CARBONO (CO) 2500 RPM;0;8
LIVIANO;AUTOMOVIL 4 TIEMPOS;;;2015;DIESEL;39508;RPM EN ALTAS;2483;8
LIVIANO;AUTOMOVIL 4 TIEMPOS;;;2015;GASOLINA;1301;ODOMETRO VEHICULO;112425;175554
LIVIANO;AUTOMOVIL 4 TIEMPOS;;;2015;GASOLINA;38501;OPACIDAD - VEHI. DIE;2;2
LIVIANO;AUTOMOVIL 4 TIEMPOS;;;2015;GASOLINA;39001;HIDROCARBUROS NO COMBUSTIONADOS (HC) RAL;26;151238
LIVIANO;AUTOMOVIL 4 TIEMPOS;;;2015;GASOLINA;39003;O2 EN BAJAS;0;151243
LIVIANO;AUTOMOVIL 4 TIEMPOS;;;2015;GASOLINA;39005;MONOXIDO DE CARBONO (CO) RALENTI;0;151242
LIVIANO;AUTOMOVIL 4 TIEMPOS;;;2015;GASOLINA;39008;RPM EN RALENTI;774;151248
LIVIANO;AUTOMOVIL 4 TIEMPOS;;;2015;GASOLINA;39501;HIDROCARBUROS NO COMBUSTIONADOS (HC) 250;25;151266
LIVIANO;AUTOMOVIL 4 TIEMPOS;;;2015;GASOLINA;39503;O2 EN ALTAS RPM;0;151272
LIVIANO;AUTOMOVIL 4 TIEMPOS;;;2015;GASOLINA;39505;MONOXIDO DE CARBONO (CO) 2500 RPM;0;151267
LIVIANO;AUTOMOVIL 4 TIEMPOS;;;2015;GASOLINA;39508;RPM EN ALTAS;2459;148039
LIVIANO;AUTOMOVIL 4 TIEMPOS;;;2016;DIESEL;1301;ODOMETRO VEHICULO;100229;4290
LIVIANO;AUTOMOVIL 4 TIEMPOS;;;2016;DIESEL;38501;OPACIDAD - VEHI. DIE;15;3634
LIVIANO;AUTOMOVIL 4 TIEMPOS;;;2016;GASOLINA;1301;ODOMETRO VEHICULO;72214;80131
LIVIANO;AUTOMOVIL 4 TIEMPOS;;;2016;GASOLINA;38501;OPACIDAD - VEHI. DIE;1;2
LIVIANO;AUTOMOVIL 4 TIEMPOS;;;2016;GASOLINA;39001;HIDROCARBUROS NO COMBUSTIONADOS (HC) RAL;24;70815
LIVIANO;AUTOMOVIL 4 TIEMPOS;;;2016;GASOLINA;39003;O2 EN BAJAS;0;70816
LIVIANO;AUTOMOVIL 4 TIEMPOS;;;2016;GASOLINA;39005;MONOXIDO DE CARBONO (CO) RALENTI;0;70816
LIVIANO;AUTOMOVIL 4 TIEMPOS;;;2016;GASOLINA;39008;RPM EN RALENTI;774;70819
LIVIANO;AUTOMOVIL 4 TIEMPOS;;;2016;GASOLINA;39501;HIDROCARBUROS NO COMBUSTIONADOS (HC) 250;22;70832
LIVIANO;AUTOMOVIL 4 TIEMPOS;;;2016;GASOLINA;39503;O2 EN ALTAS RPM;0;70833
LIVIANO;AUTOMOVIL 4 TIEMPOS;;;2016;GASOLINA;39505;MONOXIDO DE CARBONO (CO) 2500 RPM;0;70833
LIVIANO;AUTOMOVIL 4 TIEMPOS;;;2016;GASOLINA;39508;RPM EN ALTAS;2461;69141
LIVIANO;AUTOMOVIL 4 TIEMPOS;;;2017;DIESEL;1301;ODOMETRO VEHICULO;83174;5229
LIVIANO;AUTOMOVIL 4 TIEMPOS;;;2017;DIESEL;38501;OPACIDAD - VEHI. DIE;18;4557
LIVIANO;AUTOMOVIL 4 TIEMPOS;;;2017;DIESEL;39001;HIDROCARBUROS NO COMBUSTIONADOS (HC) RAL;12;1
LIVIANO;AUTOMOVIL 4 TIEMPOS;;;2017;DIESEL;39003;O2 EN BAJAS;0;1
LIVIANO;AUTOMOVIL 4 TIEMPOS;;;2017;DIESEL;39005;MONOXIDO DE CARBONO (CO) RALENTI;0;1
LIVIANO;AUTOMOVIL 4 TIEMPOS;;;2017;DIESEL;39008;RPM EN RALENTI;900;1
LIVIANO;AUTOMOVIL 4 TIEMPOS;;;2017;DIESEL;39501;HIDROCARBUROS NO COMBUSTIONADOS (HC) 250;10;1
LIVIANO;AUTOMOVIL 4 TIEMPOS;;;2017;DIESEL;39503;O2 EN ALTAS RPM;0;1
LIVIANO;AUTOMOVIL 4 TIEMPOS;;;2017;DIESEL;39505;MONOXIDO DE CARBONO (CO) 2500 RPM;0;1
LIVIANO;AUTOMOVIL 4 TIEMPOS;;;2017;DIESEL;39508;RPM EN ALTAS;2400;1
LIVIANO;AUTOMOVIL 4 TIEMPOS;;;2017;GASOLINA;1301;ODOMETRO VEHICULO;65234;76223
LIVIANO;AUTOMOVIL 4 TIEMPOS;;;2017;GASOLINA;38501;OPACIDAD - VEHI. DIE;0;2
LIVIANO;AUTOMOVIL 4 TIEMPOS;;;2017;GASOLINA;39001;HIDROCARBUROS NO COMBUSTIONADOS (HC) RAL;21;68306
LIVIANO;AUTOMOVIL 4 TIEMPOS;;;2017;GASOLINA;39003;O2 EN BAJAS;0;68306
LIVIANO;AUTOMOVIL 4 TIEMPOS;;;2017;GASOLINA;39005;MONOXIDO DE CARBONO (CO) RALENTI;0;68306
LIVIANO;AUTOMOVIL 4 TIEMPOS;;;2017;GASOLINA;39008;RPM EN RALENTI;774;68308
LIVIANO;AUTOMOVIL 4 TIEMPOS;;;2017;GASOLINA;39501;HIDROCARBUROS NO COMBUSTIONADOS (HC) 250;21;68313
LIVIANO;AUTOMOVIL 4 TIEMPOS;;;2017;GASOLINA;39503;O2 EN ALTAS RPM;0;68313
LIVIANO;AUTOMOVIL 4 TIEMPOS;;;2017;GASOLINA;39505;MONOXIDO DE CARBONO (CO) 2500 RPM;0;68312
LIVIANO;AUTOMOVIL 4 TIEMPOS;;;2017;GASOLINA;39508;RPM EN ALTAS;2456;66249
LIVIANO;AUTOMOVIL 4 TIEMPOS;;;2018;DIESEL;1301;ODOMETRO VEHICULO;73526;5647
LIVIANO;AUTOMOVIL 4 TIEMPOS;;;2018;DIESEL;38501;OPACIDAD - VEHI. DIE;18;4926
LIVIANO;AUTOMOVIL 4 TIEMPOS;;;2018;DIESEL;39001;HIDROCARBUROS NO COMBUSTIONADOS (HC) RAL;12;4
LIVIANO;AUTOMOVIL 4 TIEMPOS;;;2018;DIESEL;39003;O2 EN BAJAS;0;4
LIVIANO;AUTOMOVIL 4 TIEMPOS;;;2018;DIESEL;39005;MONOXIDO DE CARBONO (CO) RALENTI;0;4
LIVIANO;AUTOMOVIL 4 TIEMPOS;;;2018;DIESEL;39008;RPM EN RALENTI;757;4
LIVIANO;AUTOMOVIL 4 TIEMPOS;;;2018;DIESEL;39501;HIDROCARBUROS NO COMBUSTIONADOS (HC) 250;19;4
LIVIANO;AUTOMOVIL 4 TIEMPOS;;;2018;DIESEL;39503;O2 EN ALTAS RPM;0;4
LIVIANO;AUTOMOVIL 4 TIEMPOS;;;2018;DIESEL;39505;MONOXIDO DE CARBONO (CO) 2500 RPM;0;4
LIVIANO;AUTOMOVIL 4 TIEMPOS;;;2018;DIESEL;39508;RPM EN ALTAS;2487;4
LIVIANO;AUTOMOVIL 4 TIEMPOS;;;2018;GASOLINA;1301;ODOMETRO VEHICULO;58242;119750
LIVIANO;AUTOMOVIL 4 TIEMPOS;;;2018;GASOLINA;39001;HIDROCARBUROS NO COMBUSTIONADOS (HC) RAL;17;108794
LIVIANO;AUTOMOVIL 4 TIEMPOS;;;2018;GASOLINA;39003;O2 EN BAJAS;0;108796
LIVIANO;AUTOMOVIL 4 TIEMPOS;;;2018;GASOLINA;39005;MONOXIDO DE CARBONO (CO) RALENTI;0;108796
LIVIANO;AUTOMOVIL 4 TIEMPOS;;;2018;GASOLINA;39008;RPM EN RALENTI;772;108799
LIVIANO;AUTOMOVIL 4 TIEMPOS;;;2018;GASOLINA;39501;HIDROCARBUROS NO COMBUSTIONADOS (HC) 250;18;108814
LIVIANO;AUTOMOVIL 4 TIEMPOS;;;2018;GASOLINA;39503;O2 EN ALTAS RPM;0;108817
LIVIANO;AUTOMOVIL 4 TIEMPOS;;;2018;GASOLINA;39505;MONOXIDO DE CARBONO (CO) 2500 RPM;0;108817
LIVIANO;AUTOMOVIL 4 TIEMPOS;;;2018;GASOLINA;39508;RPM EN ALTAS;2456;105273
LIVIANO;AUTOMOVIL 4 TIEMPOS;;;2019;DIESEL;1301;ODOMETRO VEHICULO;61881;5444
LIVIANO;AUTOMOVIL 4 TIEMPOS;;;2019;DIESEL;38501;OPACIDAD - VEHI. DIE;17;4988
LIVIANO;AUTOMOVIL 4 TIEMPOS;;;2019;DIESEL;39001;HIDROCARBUROS NO COMBUSTIONADOS (HC) RAL;10;1
LIVIANO;AUTOMOVIL 4 TIEMPOS;;;2019;DIESEL;39003;O2 EN BAJAS;0;1
LIVIANO;AUTOMOVIL 4 TIEMPOS;;;2019;DIESEL;39005;MONOXIDO DE CARBONO (CO) RALENTI;0;1
LIVIANO;AUTOMOVIL 4 TIEMPOS;;;2019;DIESEL;39008;RPM EN RALENTI;800;1
LIVIANO;AUTOMOVIL 4 TIEMPOS;;;2019;DIESEL;39501;HIDROCARBUROS NO COMBUSTIONADOS (HC) 250;12;1
LIVIANO;AUTOMOVIL 4 TIEMPOS;;;2019;DIESEL;39503;O2 EN ALTAS RPM;0;1
LIVIANO;AUTOMOVIL 4 TIEMPOS;;;2019;DIESEL;39505;MONOXIDO DE CARBONO (CO) 2500 RPM;0;1
LIVIANO;AUTOMOVIL 4 TIEMPOS;;;2019;DIESEL;39508;RPM EN ALTAS;2330;1
LIVIANO;AUTOMOVIL 4 TIEMPOS;;;2019;GASOLINA;1301;ODOMETRO VEHICULO;49757;161419
LIVIANO;AUTOMOVIL 4 TIEMPOS;;;2019;GASOLINA;38501;OPACIDAD - VEHI. DIE;33;4
LIVIANO;AUTOMOVIL 4 TIEMPOS;;;2019;GASOLINA;39001;HIDROCARBUROS NO COMBUSTIONADOS (HC) RAL;15;146157
LIVIANO;AUTOMOVIL 4 TIEMPOS;;;2019;GASOLINA;39003;O2 EN BAJAS;0;146157
LIVIANO;AUTOMOVIL 4 TIEMPOS;;;2019;GASOLINA;39005;MONOXIDO DE CARBONO (CO) RALENTI;0;146156
LIVIANO;AUTOMOVIL 4 TIEMPOS;;;2019;GASOLINA;39008;RPM EN RALENTI;761;146157
LIVIANO;AUTOMOVIL 4 TIEMPOS;;;2019;GASOLINA;39501;HIDROCARBUROS NO COMBUSTIONADOS (HC) 250;17;146174
LIVIANO;AUTOMOVIL 4 TIEMPOS;;;2019;GASOLINA;39503;O2 EN ALTAS RPM;0;146176
LIVIANO;AUTOMOVIL 4 TIEMPOS;;;2019;GASOLINA;39505;MONOXIDO DE CARBONO (CO) 2500 RPM;0;146176
LIVIANO;AUTOMOVIL 4 TIEMPOS;;;2019;GASOLINA;39508;RPM EN ALTAS;2459;140683
LIVIANO;AUTOMOVIL 4 TIEMPOS;;;2020;DIESEL;1301;ODOMETRO VEHICULO;51639;3032
LIVIANO;AUTOMOVIL 4 TIEMPOS;;;2020;DIESEL;38501;OPACIDAD - VEHI. DIE;18;2850
LIVIANO;AUTOMOVIL 4 TIEMPOS;;;2020;GASOLINA;1301;ODOMETRO VEHICULO;39545;68887
LIVIANO;AUTOMOVIL 4 TIEMPOS;;;2020;GASOLINA;38501;OPACIDAD - VEHI. DIE;12;1
LIVIANO;AUTOMOVIL 4 TIEMPOS;;;2020;GASOLINA;39001;HIDROCARBUROS NO COMBUSTIONADOS (HC) RAL;14;63430
LIVIANO;AUTOMOVIL 4 TIEMPOS;;;2020;GASOLINA;39003;O2 EN BAJAS;0;63430
LIVIANO;AUTOMOVIL 4 TIEMPOS;;;2020;GASOLINA;39005;MONOXIDO DE CARBONO (CO) RALENTI;0;63430
LIVIANO;AUTOMOVIL 4 TIEMPOS;;;2020;GASOLINA;39008;RPM EN RALENTI;762;63430
LIVIANO;AUTOMOVIL 4 TIEMPOS;;;2020;GASOLINA;39501;HIDROCARBUROS NO COMBUSTIONADOS (HC) 250;16;63437
LIVIANO;AUTOMOVIL 4 TIEMPOS;;;2020;GASOLINA;39503;O2 EN ALTAS RPM;0;63437
LIVIANO;AUTOMOVIL 4 TIEMPOS;;;2020;GASOLINA;39505;MONOXIDO DE CARBONO (CO) 2500 RPM;0;63437
LIVIANO;AUTOMOVIL 4 TIEMPOS;;;2020;GASOLINA;39508;RPM EN ALTAS;2456;61549
LIVIANO;AUTOMOVIL 4 TIEMPOS;;;2021;DIESEL;1301;ODOMETRO VEHICULO;44226;1956
LIVIANO;AUTOMOVIL 4 TIEMPOS;;;2021;DIESEL;38501;OPACIDAD - VEHI. DIE;16;1800
LIVIANO;AUTOMOVIL 4 TIEMPOS;;;2021;GASOLINA;1301;ODOMETRO VEHICULO;30373;23062
LIVIANO;AUTOMOVIL 4 TIEMPOS;;;2021;GASOLINA;38501;OPACIDAD - VEHI. DIE;15;2
LIVIANO;AUTOMOVIL 4 TIEMPOS;;;2021;GASOLINA;39001;HIDROCARBUROS NO COMBUSTIONADOS (HC) RAL;11;21525
LIVIANO;AUTOMOVIL 4 TIEMPOS;;;2021;GASOLINA;39003;O2 EN BAJAS;0;21525
LIVIANO;AUTOMOVIL 4 TIEMPOS;;;2021;GASOLINA;39005;MONOXIDO DE CARBONO (CO) RALENTI;0;21525
LIVIANO;AUTOMOVIL 4 TIEMPOS;;;2021;GASOLINA;39008;RPM EN RALENTI;782;21526
LIVIANO;AUTOMOVIL 4 TIEMPOS;;;2021;GASOLINA;39501;HIDROCARBUROS NO COMBUSTIONADOS (HC) 250;13;21534
LIVIANO;AUTOMOVIL 4 TIEMPOS;;;2021;GASOLINA;39503;O2 EN ALTAS RPM;0;21534
LIVIANO;AUTOMOVIL 4 TIEMPOS;;;2021;GASOLINA;39505;MONOXIDO DE CARBONO (CO) 2500 RPM;0;21534
LIVIANO;AUTOMOVIL 4 TIEMPOS;;;2021;GASOLINA;39508;RPM EN ALTAS;2456;21320
LIVIANO;AUTOMOVIL 4 TIEMPOS;;;2022;DIESEL;1301;ODOMETRO VEHICULO;26846;1558
LIVIANO;AUTOMOVIL 4 TIEMPOS;;;2022;DIESEL;38501;OPACIDAD - VEHI. DIE;13;1461
LIVIANO;AUTOMOVIL 4 TIEMPOS;;;2022;GASOLINA;1301;ODOMETRO VEHICULO;22396;25673
LIVIANO;AUTOMOVIL 4 TIEMPOS;;;2022;GASOLINA;38501;OPACIDAD - VEHI. DIE;3;5
LIVIANO;AUTOMOVIL 4 TIEMPOS;;;2022;GASOLINA;39001;HIDROCARBUROS NO COMBUSTIONADOS (HC) RAL;10;24392
LIVIANO;AUTOMOVIL 4 TIEMPOS;;;2022;GASOLINA;39003;O2 EN BAJAS;0;24392
LIVIANO;AUTOMOVIL 4 TIEMPOS;;;2022;GASOLINA;39005;MONOXIDO DE CARBONO (CO) RALENTI;0;24392
LIVIANO;AUTOMOVIL 4 TIEMPOS;;;2022;GASOLINA;39008;RPM EN RALENTI;768;24393
LIVIANO;AUTOMOVIL 4 TIEMPOS;;;2022;GASOLINA;39501;HIDROCARBUROS NO COMBUSTIONADOS (HC) 250;12;24394
LIVIANO;AUTOMOVIL 4 TIEMPOS;;;2022;GASOLINA;39503;O2 EN ALTAS RPM;0;24394
LIVIANO;AUTOMOVIL 4 TIEMPOS;;;2022;GASOLINA;39505;MONOXIDO DE CARBONO (CO) 2500 RPM;0;24394
LIVIANO;AUTOMOVIL 4 TIEMPOS;;;2022;GASOLINA;39508;RPM EN ALTAS;2450;24155
LIVIANO;AUTOMOVIL 4 TIEMPOS;;;2023;DIESEL;1301;ODOMETRO VEHICULO;5403;62
LIVIANO;AUTOMOVIL 4 TIEMPOS;;;2023;DIESEL;38501;OPACIDAD - VEHI. DIE;14;66
LIVIANO;AUTOMOVIL 4 TIEMPOS;;;2023;GASOLINA;1301;ODOMETRO VEHICULO;4396;861
LIVIANO;AUTOMOVIL 4 TIEMPOS;;;2023;GASOLINA;39001;HIDROCARBUROS NO COMBUSTIONADOS (HC) RAL;7;986
LIVIANO;AUTOMOVIL 4 TIEMPOS;;;2023;GASOLINA;39003;O2 EN BAJAS;0;986
LIVIANO;AUTOMOVIL 4 TIEMPOS;;;2023;GASOLINA;39005;MONOXIDO DE CARBONO (CO) RALENTI;0;986
LIVIANO;AUTOMOVIL 4 TIEMPOS;;;2023;GASOLINA;39008;RPM EN RALENTI;775;986
LIVIANO;AUTOMOVIL 4 TIEMPOS;;;2023;GASOLINA;39501;HIDROCARBUROS NO COMBUSTIONADOS (HC) 250;9;987
LIVIANO;AUTOMOVIL 4 TIEMPOS;;;2023;GASOLINA;39503;O2 EN ALTAS RPM;0;987
LIVIANO;AUTOMOVIL 4 TIEMPOS;;;2023;GASOLINA;39505;MONOXIDO DE CARBONO (CO) 2500 RPM;0;987
LIVIANO;AUTOMOVIL 4 TIEMPOS;;;2023;GASOLINA;39508;RPM EN ALTAS;2446;913
LIVIANO;AUTOMOVIL 4 TIEMPOS;;;2024;DIESEL;1301;ODOMETRO VEHICULO;641;59
LIVIANO;AUTOMOVIL 4 TIEMPOS;;;2024;DIESEL;38501;OPACIDAD - VEHI. DIE;9;57
LIVIANO;AUTOMOVIL 4 TIEMPOS;;;2024;GASOLINA;1301;ODOMETRO VEHICULO;680;1098
LIVIANO;AUTOMOVIL 4 TIEMPOS;;;2024;GASOLINA;38501;OPACIDAD - VEHI. DIE;16;2
LIVIANO;AUTOMOVIL 4 TIEMPOS;;;2024;GASOLINA;39001;HIDROCARBUROS NO COMBUSTIONADOS (HC) RAL;4;1084
LIVIANO;AUTOMOVIL 4 TIEMPOS;;;2024;GASOLINA;39003;O2 EN BAJAS;0;1084
LIVIANO;AUTOMOVIL 4 TIEMPOS;;;2024;GASOLINA;39005;MONOXIDO DE CARBONO (CO) RALENTI;0;1084
LIVIANO;AUTOMOVIL 4 TIEMPOS;;;2024;GASOLINA;39008;RPM EN RALENTI;761;1084
LIVIANO;AUTOMOVIL 4 TIEMPOS;;;2024;GASOLINA;39501;HIDROCARBUROS NO COMBUSTIONADOS (HC) 250;5;1084
LIVIANO;AUTOMOVIL 4 TIEMPOS;;;2024;GASOLINA;39503;O2 EN ALTAS RPM;0;1084
LIVIANO;AUTOMOVIL 4 TIEMPOS;;;2024;GASOLINA;39505;MONOXIDO DE CARBONO (CO) 2500 RPM;0;1084
LIVIANO;AUTOMOVIL 4 TIEMPOS;;;2024;GASOLINA;39508;RPM EN ALTAS;2480;1016
LIVIANO;AUTOMOVIL 4 TIEMPOS;;;2025;DIESEL;1301;ODOMETRO VEHICULO;1769;4
LIVIANO;AUTOMOVIL 4 TIEMPOS;;;2025;DIESEL;38501;OPACIDAD - VEHI. DIE;9;4
LIVIANO;AUTOMOVIL 4 TIEMPOS;;;2025;GASOLINA;1301;ODOMETRO VEHICULO;348;271
LIVIANO;AUTOMOVIL 4 TIEMPOS;;;2025;GASOLINA;39001;HIDROCARBUROS NO COMBUSTIONADOS (HC) RAL;6;270
LIVIANO;AUTOMOVIL 4 TIEMPOS;;;2025;GASOLINA;39003;O2 EN BAJAS;0;270
LIVIANO;AUTOMOVIL 4 TIEMPOS;;;2025;GASOLINA;39005;MONOXIDO DE CARBONO (CO) RALENTI;0;270
LIVIANO;AUTOMOVIL 4 TIEMPOS;;;2025;GASOLINA;39008;RPM EN RALENTI;734;270
LIVIANO;AUTOMOVIL 4 TIEMPOS;;;2025;GASOLINA;39501;HIDROCARBUROS NO COMBUSTIONADOS (HC) 250;6;270
LIVIANO;AUTOMOVIL 4 TIEMPOS;;;2025;GASOLINA;39503;O2 EN ALTAS RPM;0;270
LIVIANO;AUTOMOVIL 4 TIEMPOS;;;2025;GASOLINA;39505;MONOXIDO DE CARBONO (CO) 2500 RPM;0;270
LIVIANO;AUTOMOVIL 4 TIEMPOS;;;2025;GASOLINA;39508;RPM EN ALTAS;2473;270
LIVIANO;AUTOMOVIL 4 TIEMPOS;TAXI;;2005;GASOLINA;1301;ODOMETRO VEHICULO;880565;10
LIVIANO;AUTOMOVIL 4 TIEMPOS;TAXI;;2005;GASOLINA;39001;HIDROCARBUROS NO COMBUSTIONADOS (HC) RAL;84;6
LIVIANO;AUTOMOVIL 4 TIEMPOS;TAXI;;2005;GASOLINA;39003;O2 EN BAJAS;0;6
LIVIANO;AUTOMOVIL 4 TIEMPOS;TAXI;;2005;GASOLINA;39005;MONOXIDO DE CARBONO (CO) RALENTI;0;6
LIVIANO;AUTOMOVIL 4 TIEMPOS;TAXI;;2005;GASOLINA;39008;RPM EN RALENTI;808;6
LIVIANO;AUTOMOVIL 4 TIEMPOS;TAXI;;2005;GASOLINA;39501;HIDROCARBUROS NO COMBUSTIONADOS (HC) 250;50;6
LIVIANO;AUTOMOVIL 4 TIEMPOS;TAXI;;2005;GASOLINA;39503;O2 EN ALTAS RPM;1;6
LIVIANO;AUTOMOVIL 4 TIEMPOS;TAXI;;2005;GASOLINA;39505;MONOXIDO DE CARBONO (CO) 2500 RPM;0;6
LIVIANO;AUTOMOVIL 4 TIEMPOS;TAXI;;2005;GASOLINA;39508;RPM EN ALTAS;2443;6
LIVIANO;AUTOMOVIL 4 TIEMPOS;TAXI;;2006;GASOLINA;1301;ODOMETRO VEHICULO;434965;127
LIVIANO;AUTOMOVIL 4 TIEMPOS;TAXI;;2006;GASOLINA;39001;HIDROCARBUROS NO COMBUSTIONADOS (HC) RAL;119;87
LIVIANO;AUTOMOVIL 4 TIEMPOS;TAXI;;2006;GASOLINA;39003;O2 EN BAJAS;0;87
LIVIANO;AUTOMOVIL 4 TIEMPOS;TAXI;;2006;GASOLINA;39005;MONOXIDO DE CARBONO (CO) RALENTI;0;87
LIVIANO;AUTOMOVIL 4 TIEMPOS;TAXI;;2006;GASOLINA;39008;RPM EN RALENTI;798;87
LIVIANO;AUTOMOVIL 4 TIEMPOS;TAXI;;2006;GASOLINA;39501;HIDROCARBUROS NO COMBUSTIONADOS (HC) 250;79;87
LIVIANO;AUTOMOVIL 4 TIEMPOS;TAXI;;2006;GASOLINA;39503;O2 EN ALTAS RPM;0;87
LIVIANO;AUTOMOVIL 4 TIEMPOS;TAXI;;2006;GASOLINA;39505;MONOXIDO DE CARBONO (CO) 2500 RPM;0;87
LIVIANO;AUTOMOVIL 4 TIEMPOS;TAXI;;2006;GASOLINA;39508;RPM EN ALTAS;2507;86
LIVIANO;AUTOMOVIL 4 TIEMPOS;TAXI;;2007;GASOLINA;1301;ODOMETRO VEHICULO;508105;347
LIVIANO;AUTOMOVIL 4 TIEMPOS;TAXI;;2007;GASOLINA;39001;HIDROCARBUROS NO COMBUSTIONADOS (HC) RAL;151;246
LIVIANO;AUTOMOVIL 4 TIEMPOS;TAXI;;2007;GASOLINA;39003;O2 EN BAJAS;1;245
LIVIANO;AUTOMOVIL 4 TIEMPOS;TAXI;;2007;GASOLINA;39005;MONOXIDO DE CARBONO (CO) RALENTI;0;245
LIVIANO;AUTOMOVIL 4 TIEMPOS;TAXI;;2007;GASOLINA;39008;RPM EN RALENTI;810;245
LIVIANO;AUTOMOVIL 4 TIEMPOS;TAXI;;2007;GASOLINA;39501;HIDROCARBUROS NO COMBUSTIONADOS (HC) 250;107;246
LIVIANO;AUTOMOVIL 4 TIEMPOS;TAXI;;2007;GASOLINA;39503;O2 EN ALTAS RPM;1;245
LIVIANO;AUTOMOVIL 4 TIEMPOS;TAXI;;2007;GASOLINA;39505;MONOXIDO DE CARBONO (CO) 2500 RPM;0;247
LIVIANO;AUTOMOVIL 4 TIEMPOS;TAXI;;2007;GASOLINA;39508;RPM EN ALTAS;2495;242
LIVIANO;AUTOMOVIL 4 TIEMPOS;TAXI;;2008;GASOLINA;1301;ODOMETRO VEHICULO;512399;548
LIVIANO;AUTOMOVIL 4 TIEMPOS;TAXI;;2008;GASOLINA;39001;HIDROCARBUROS NO COMBUSTIONADOS (HC) RAL;108;369
LIVIANO;AUTOMOVIL 4 TIEMPOS;TAXI;;2008;GASOLINA;39003;O2 EN BAJAS;1;369
LIVIANO;AUTOMOVIL 4 TIEMPOS;TAXI;;2008;GASOLINA;39005;MONOXIDO DE CARBONO (CO) RALENTI;0;369
LIVIANO;AUTOMOVIL 4 TIEMPOS;TAXI;;2008;GASOLINA;39008;RPM EN RALENTI;795;369
LIVIANO;AUTOMOVIL 4 TIEMPOS;TAXI;;2008;GASOLINA;39501;HIDROCARBUROS NO COMBUSTIONADOS (HC) 250;81;369
LIVIANO;AUTOMOVIL 4 TIEMPOS;TAXI;;2008;GASOLINA;39503;O2 EN ALTAS RPM;1;369
LIVIANO;AUTOMOVIL 4 TIEMPOS;TAXI;;2008;GASOLINA;39505;MONOXIDO DE CARBONO (CO) 2500 RPM;0;370
LIVIANO;AUTOMOVIL 4 TIEMPOS;TAXI;;2008;GASOLINA;39508;RPM EN ALTAS;2492;367
LIVIANO;AUTOMOVIL 4 TIEMPOS;TAXI;;2009;DIESEL;1301;ODOMETRO VEHICULO;211910;9
LIVIANO;AUTOMOVIL 4 TIEMPOS;TAXI;;2009;DIESEL;38501;OPACIDAD - VEHI. DIE;32;8
LIVIANO;AUTOMOVIL 4 TIEMPOS;TAXI;;2009;GASOLINA;1301;ODOMETRO VEHICULO;453286;1545
LIVIANO;AUTOMOVIL 4 TIEMPOS;TAXI;;2009;GASOLINA;39001;HIDROCARBUROS NO COMBUSTIONADOS (HC) RAL;104;1046
LIVIANO;AUTOMOVIL 4 TIEMPOS;TAXI;;2009;GASOLINA;39003;O2 EN BAJAS;1;1047
LIVIANO;AUTOMOVIL 4 TIEMPOS;TAXI;;2009;GASOLINA;39005;MONOXIDO DE CARBONO (CO) RALENTI;0;1046
LIVIANO;AUTOMOVIL 4 TIEMPOS;TAXI;;2009;GASOLINA;39008;RPM EN RALENTI;801;1045
LIVIANO;AUTOMOVIL 4 TIEMPOS;TAXI;;2009;GASOLINA;39501;HIDROCARBUROS NO COMBUSTIONADOS (HC) 250;95;1045
LIVIANO;AUTOMOVIL 4 TIEMPOS;TAXI;;2009;GASOLINA;39503;O2 EN ALTAS RPM;1;1046
LIVIANO;AUTOMOVIL 4 TIEMPOS;TAXI;;2009;GASOLINA;39505;MONOXIDO DE CARBONO (CO) 2500 RPM;0;1048
LIVIANO;AUTOMOVIL 4 TIEMPOS;TAXI;;2009;GASOLINA;39508;RPM EN ALTAS;2489;1024
LIVIANO;AUTOMOVIL 4 TIEMPOS;TAXI;;2010;GASOLINA;1301;ODOMETRO VEHICULO;464585;2936
LIVIANO;AUTOMOVIL 4 TIEMPOS;TAXI;;2010;GASOLINA;39001;HIDROCARBUROS NO COMBUSTIONADOS (HC) RAL;109;2035
LIVIANO;AUTOMOVIL 4 TIEMPOS;TAXI;;2010;GASOLINA;39003;O2 EN BAJAS;0;2036
LIVIANO;AUTOMOVIL 4 TIEMPOS;TAXI;;2010;GASOLINA;39005;MONOXIDO DE CARBONO (CO) RALENTI;0;2035
LIVIANO;AUTOMOVIL 4 TIEMPOS;TAXI;;2010;GASOLINA;39008;RPM EN RALENTI;799;2035
LIVIANO;AUTOMOVIL 4 TIEMPOS;TAXI;;2010;GASOLINA;39501;HIDROCARBUROS NO COMBUSTIONADOS (HC) 250;87;2039
LIVIANO;AUTOMOVIL 4 TIEMPOS;TAXI;;2010;GASOLINA;39503;O2 EN ALTAS RPM;1;2036
LIVIANO;AUTOMOVIL 4 TIEMPOS;TAXI;;2010;GASOLINA;39505;MONOXIDO DE CARBONO (CO) 2500 RPM;0;2040
LIVIANO;AUTOMOVIL 4 TIEMPOS;TAXI;;2010;GASOLINA;39508;RPM EN ALTAS;2493;2011
LIVIANO;AUTOMOVIL 4 TIEMPOS;TAXI;;2011;GASOLINA;1301;ODOMETRO VEHICULO;408965;3672
LIVIANO;AUTOMOVIL 4 TIEMPOS;TAXI;;2011;GASOLINA;39001;HIDROCARBUROS NO COMBUSTIONADOS (HC) RAL;93;2567
LIVIANO;AUTOMOVIL 4 TIEMPOS;TAXI;;2011;GASOLINA;39003;O2 EN BAJAS;0;2565
LIVIANO;AUTOMOVIL 4 TIEMPOS;TAXI;;2011;GASOLINA;39005;MONOXIDO DE CARBONO (CO) RALENTI;0;2565
LIVIANO;AUTOMOVIL 4 TIEMPOS;TAXI;;2011;GASOLINA;39008;RPM EN RALENTI;799;2564
LIVIANO;AUTOMOVIL 4 TIEMPOS;TAXI;;2011;GASOLINA;39501;HIDROCARBUROS NO COMBUSTIONADOS (HC) 250;79;2567
LIVIANO;AUTOMOVIL 4 TIEMPOS;TAXI;;2011;GASOLINA;39503;O2 EN ALTAS RPM;0;2566
LIVIANO;AUTOMOVIL 4 TIEMPOS;TAXI;;2011;GASOLINA;39505;MONOXIDO DE CARBONO (CO) 2500 RPM;0;2567
LIVIANO;AUTOMOVIL 4 TIEMPOS;TAXI;;2011;GASOLINA;39508;RPM EN ALTAS;2489;2529
LIVIANO;AUTOMOVIL 4 TIEMPOS;TAXI;;2012;GASOLINA;1301;ODOMETRO VEHICULO;332352;2180
LIVIANO;AUTOMOVIL 4 TIEMPOS;TAXI;;2012;GASOLINA;39001;HIDROCARBUROS NO COMBUSTIONADOS (HC) RAL;81;1527
LIVIANO;AUTOMOVIL 4 TIEMPOS;TAXI;;2012;GASOLINA;39003;O2 EN BAJAS;0;1527
LIVIANO;AUTOMOVIL 4 TIEMPOS;TAXI;;2012;GASOLINA;39005;MONOXIDO DE CARBONO (CO) RALENTI;0;1528
LIVIANO;AUTOMOVIL 4 TIEMPOS;TAXI;;2012;GASOLINA;39008;RPM EN RALENTI;790;1527
LIVIANO;AUTOMOVIL 4 TIEMPOS;TAXI;;2012;GASOLINA;39501;HIDROCARBUROS NO COMBUSTIONADOS (HC) 250;68;1527
LIVIANO;AUTOMOVIL 4 TIEMPOS;TAXI;;2012;GASOLINA;39503;O2 EN ALTAS RPM;0;1528
LIVIANO;AUTOMOVIL 4 TIEMPOS;TAXI;;2012;GASOLINA;39505;MONOXIDO DE CARBONO (CO) 2500 RPM;0;1529
LIVIANO;AUTOMOVIL 4 TIEMPOS;TAXI;;2012;GASOLINA;39508;RPM EN ALTAS;2488;1501
LIVIANO;AUTOMOVIL 4 TIEMPOS;TAXI;;2013;GASOLINA;1301;ODOMETRO VEHICULO;313475;2937
LIVIANO;AUTOMOVIL 4 TIEMPOS;TAXI;;2013;GASOLINA;39001;HIDROCARBUROS NO COMBUSTIONADOS (HC) RAL;81;2089
LIVIANO;AUTOMOVIL 4 TIEMPOS;TAXI;;2013;GASOLINA;39003;O2 EN BAJAS;0;2086
LIVIANO;AUTOMOVIL 4 TIEMPOS;TAXI;;2013;GASOLINA;39005;MONOXIDO DE CARBONO (CO) RALENTI;0;2087
LIVIANO;AUTOMOVIL 4 TIEMPOS;TAXI;;2013;GASOLINA;39008;RPM EN RALENTI;793;2086
LIVIANO;AUTOMOVIL 4 TIEMPOS;TAXI;;2013;GASOLINA;39501;HIDROCARBUROS NO COMBUSTIONADOS (HC) 250;70;2088
LIVIANO;AUTOMOVIL 4 TIEMPOS;TAXI;;2013;GASOLINA;39503;O2 EN ALTAS RPM;0;2087
LIVIANO;AUTOMOVIL 4 TIEMPOS;TAXI;;2013;GASOLINA;39505;MONOXIDO DE CARBONO (CO) 2500 RPM;0;2090
LIVIANO;AUTOMOVIL 4 TIEMPOS;TAXI;;2013;GASOLINA;39508;RPM EN ALTAS;2486;2042
LIVIANO;AUTOMOVIL 4 TIEMPOS;TAXI;;2014;GASOLINA;1301;ODOMETRO VEHICULO;324037;2308
LIVIANO;AUTOMOVIL 4 TIEMPOS;TAXI;;2014;GASOLINA;39001;HIDROCARBUROS NO COMBUSTIONADOS (HC) RAL;78;1639
LIVIANO;AUTOMOVIL 4 TIEMPOS;TAXI;;2014;GASOLINA;39003;O2 EN BAJAS;0;1639
LIVIANO;AUTOMOVIL 4 TIEMPOS;TAXI;;2014;GASOLINA;39005;MONOXIDO DE CARBONO (CO) RALENTI;0;1639
LIVIANO;AUTOMOVIL 4 TIEMPOS;TAXI;;2014;GASOLINA;39008;RPM EN RALENTI;772;1639
LIVIANO;AUTOMOVIL 4 TIEMPOS;TAXI;;2014;GASOLINA;39501;HIDROCARBUROS NO COMBUSTIONADOS (HC) 250;69;1639
LIVIANO;AUTOMOVIL 4 TIEMPOS;TAXI;;2014;GASOLINA;39503;O2 EN ALTAS RPM;0;1639
LIVIANO;AUTOMOVIL 4 TIEMPOS;TAXI;;2014;GASOLINA;39505;MONOXIDO DE CARBONO (CO) 2500 RPM;0;1639
LIVIANO;AUTOMOVIL 4 TIEMPOS;TAXI;;2014;GASOLINA;39508;RPM EN ALTAS;2493;1617
LIVIANO;AUTOMOVIL 4 TIEMPOS;TAXI;;2015;GASOLINA;1301;ODOMETRO VEHICULO;259545;1993
LIVIANO;AUTOMOVIL 4 TIEMPOS;TAXI;;2015;GASOLINA;39001;HIDROCARBUROS NO COMBUSTIONADOS (HC) RAL;60;1408
LIVIANO;AUTOMOVIL 4 TIEMPOS;TAXI;;2015;GASOLINA;39003;O2 EN BAJAS;0;1408
LIVIANO;AUTOMOVIL 4 TIEMPOS;TAXI;;2015;GASOLINA;39005;MONOXIDO DE CARBONO (CO) RALENTI;0;1408
LIVIANO;AUTOMOVIL 4 TIEMPOS;TAXI;;2015;GASOLINA;39008;RPM EN RALENTI;797;1408
LIVIANO;AUTOMOVIL 4 TIEMPOS;TAXI;;2015;GASOLINA;39501;HIDROCARBUROS NO COMBUSTIONADOS (HC) 250;55;1408
LIVIANO;AUTOMOVIL 4 TIEMPOS;TAXI;;2015;GASOLINA;39503;O2 EN ALTAS RPM;0;1408
LIVIANO;AUTOMOVIL 4 TIEMPOS;TAXI;;2015;GASOLINA;39505;MONOXIDO DE CARBONO (CO) 2500 RPM;0;1408
LIVIANO;AUTOMOVIL 4 TIEMPOS;TAXI;;2015;GASOLINA;39508;RPM EN ALTAS;2493;1372
LIVIANO;AUTOMOVIL 4 TIEMPOS;TAXI;;2016;GASOLINA;1301;ODOMETRO VEHICULO;218381;945
LIVIANO;AUTOMOVIL 4 TIEMPOS;TAXI;;2016;GASOLINA;39001;HIDROCARBUROS NO COMBUSTIONADOS (HC) RAL;46;698
LIVIANO;AUTOMOVIL 4 TIEMPOS;TAXI;;2016;GASOLINA;39003;O2 EN BAJAS;0;698
LIVIANO;AUTOMOVIL 4 TIEMPOS;TAXI;;2016;GASOLINA;39005;MONOXIDO DE CARBONO (CO) RALENTI;0;698
LIVIANO;AUTOMOVIL 4 TIEMPOS;TAXI;;2016;GASOLINA;39008;RPM EN RALENTI;771;698
LIVIANO;AUTOMOVIL 4 TIEMPOS;TAXI;;2016;GASOLINA;39501;HIDROCARBUROS NO COMBUSTIONADOS (HC) 250;42;698
LIVIANO;AUTOMOVIL 4 TIEMPOS;TAXI;;2016;GASOLINA;39503;O2 EN ALTAS RPM;0;698
LIVIANO;AUTOMOVIL 4 TIEMPOS;TAXI;;2016;GASOLINA;39505;MONOXIDO DE CARBONO (CO) 2500 RPM;0;698
LIVIANO;AUTOMOVIL 4 TIEMPOS;TAXI;;2016;GASOLINA;39508;RPM EN ALTAS;2488;679
LIVIANO;AUTOMOVIL 4 TIEMPOS;TAXI;;2017;GASOLINA;1301;ODOMETRO VEHICULO;196905;713
LIVIANO;AUTOMOVIL 4 TIEMPOS;TAXI;;2017;GASOLINA;39001;HIDROCARBUROS NO COMBUSTIONADOS (HC) RAL;36;506
LIVIANO;AUTOMOVIL 4 TIEMPOS;TAXI;;2017;GASOLINA;39003;O2 EN BAJAS;0;506
LIVIANO;AUTOMOVIL 4 TIEMPOS;TAXI;;2017;GASOLINA;39005;MONOXIDO DE CARBONO (CO) RALENTI;0;506
LIVIANO;AUTOMOVIL 4 TIEMPOS;TAXI;;2017;GASOLINA;39008;RPM EN RALENTI;786;506
LIVIANO;AUTOMOVIL 4 TIEMPOS;TAXI;;2017;GASOLINA;39501;HIDROCARBUROS NO COMBUSTIONADOS (HC) 250;41;506
LIVIANO;AUTOMOVIL 4 TIEMPOS;TAXI;;2017;GASOLINA;39503;O2 EN ALTAS RPM;0;506
LIVIANO;AUTOMOVIL 4 TIEMPOS;TAXI;;2017;GASOLINA;39505;MONOXIDO DE CARBONO (CO) 2500 RPM;0;506
LIVIANO;AUTOMOVIL 4 TIEMPOS;TAXI;;2017;GASOLINA;39508;RPM EN ALTAS;2484;489
LIVIANO;AUTOMOVIL 4 TIEMPOS;TAXI;;2018;GASOLINA;1301;ODOMETRO VEHICULO;172806;1478
LIVIANO;AUTOMOVIL 4 TIEMPOS;TAXI;;2018;GASOLINA;39001;HIDROCARBUROS NO COMBUSTIONADOS (HC) RAL;34;1090
LIVIANO;AUTOMOVIL 4 TIEMPOS;TAXI;;2018;GASOLINA;39003;O2 EN BAJAS;0;1090
LIVIANO;AUTOMOVIL 4 TIEMPOS;TAXI;;2018;GASOLINA;39005;MONOXIDO DE CARBONO (CO) RALENTI;0;1090
LIVIANO;AUTOMOVIL 4 TIEMPOS;TAXI;;2018;GASOLINA;39008;RPM EN RALENTI;769;1090
LIVIANO;AUTOMOVIL 4 TIEMPOS;TAXI;;2018;GASOLINA;39501;HIDROCARBUROS NO COMBUSTIONADOS (HC) 250;35;1090
LIVIANO;AUTOMOVIL 4 TIEMPOS;TAXI;;2018;GASOLINA;39503;O2 EN ALTAS RPM;0;1090
LIVIANO;AUTOMOVIL 4 TIEMPOS;TAXI;;2018;GASOLINA;39505;MONOXIDO DE CARBONO (CO) 2500 RPM;0;1090
LIVIANO;AUTOMOVIL 4 TIEMPOS;TAXI;;2018;GASOLINA;39508;RPM EN ALTAS;2486;1069
LIVIANO;AUTOMOVIL 4 TIEMPOS;TAXI;;2019;DIESEL;1301;ODOMETRO VEHICULO;61633;8
LIVIANO;AUTOMOVIL 4 TIEMPOS;TAXI;;2019;DIESEL;38501;OPACIDAD - VEHI. DIE;27;8
LIVIANO;AUTOMOVIL 4 TIEMPOS;TAXI;;2019;GASOLINA;1301;ODOMETRO VEHICULO;133940;1096
LIVIANO;AUTOMOVIL 4 TIEMPOS;TAXI;;2019;GASOLINA;39001;HIDROCARBUROS NO COMBUSTIONADOS (HC) RAL;30;782
LIVIANO;AUTOMOVIL 4 TIEMPOS;TAXI;;2019;GASOLINA;39003;O2 EN BAJAS;0;782
LIVIANO;AUTOMOVIL 4 TIEMPOS;TAXI;;2019;GASOLINA;39005;MONOXIDO DE CARBONO (CO) RALENTI;0;782
LIVIANO;AUTOMOVIL 4 TIEMPOS;TAXI;;2019;GASOLINA;39008;RPM EN RALENTI;760;782
LIVIANO;AUTOMOVIL 4 TIEMPOS;TAXI;;2019;GASOLINA;39501;HIDROCARBUROS NO COMBUSTIONADOS (HC) 250;28;782
LIVIANO;AUTOMOVIL 4 TIEMPOS;TAXI;;2019;GASOLINA;39503;O2 EN ALTAS RPM;0;782
LIVIANO;AUTOMOVIL 4 TIEMPOS;TAXI;;2019;GASOLINA;39505;MONOXIDO DE CARBONO (CO) 2500 RPM;0;782
LIVIANO;AUTOMOVIL 4 TIEMPOS;TAXI;;2019;GASOLINA;39508;RPM EN ALTAS;2481;750
LIVIANO;AUTOMOVIL 4 TIEMPOS;TAXI;;2020;GASOLINA;1301;ODOMETRO VEHICULO;109424;197
LIVIANO;AUTOMOVIL 4 TIEMPOS;TAXI;;2020;GASOLINA;39001;HIDROCARBUROS NO COMBUSTIONADOS (HC) RAL;47;140
LIVIANO;AUTOMOVIL 4 TIEMPOS;TAXI;;2020;GASOLINA;39003;O2 EN BAJAS;0;140
LIVIANO;AUTOMOVIL 4 TIEMPOS;TAXI;;2020;GASOLINA;39005;MONOXIDO DE CARBONO (CO) RALENTI;0;140
LIVIANO;AUTOMOVIL 4 TIEMPOS;TAXI;;2020;GASOLINA;39008;RPM EN RALENTI;718;140
LIVIANO;AUTOMOVIL 4 TIEMPOS;TAXI;;2020;GASOLINA;39501;HIDROCARBUROS NO COMBUSTIONADOS (HC) 250;43;140
LIVIANO;AUTOMOVIL 4 TIEMPOS;TAXI;;2020;GASOLINA;39503;O2 EN ALTAS RPM;0;140
LIVIANO;AUTOMOVIL 4 TIEMPOS;TAXI;;2020;GASOLINA;39505;MONOXIDO DE CARBONO (CO) 2500 RPM;0;140
LIVIANO;AUTOMOVIL 4 TIEMPOS;TAXI;;2020;GASOLINA;39508;RPM EN ALTAS;2479;135
LIVIANO;AUTOMOVIL 4 TIEMPOS;TAXI;;2021;GASOLINA;1301;ODOMETRO VEHICULO;106981;36
LIVIANO;AUTOMOVIL 4 TIEMPOS;TAXI;;2021;GASOLINA;39001;HIDROCARBUROS NO COMBUSTIONADOS (HC) RAL;58;27
LIVIANO;AUTOMOVIL 4 TIEMPOS;TAXI;;2021;GASOLINA;39003;O2 EN BAJAS;1;27
LIVIANO;AUTOMOVIL 4 TIEMPOS;TAXI;;2021;GASOLINA;39005;MONOXIDO DE CARBONO (CO) RALENTI;0;27
LIVIANO;AUTOMOVIL 4 TIEMPOS;TAXI;;2021;GASOLINA;39008;RPM EN RALENTI;814;27
LIVIANO;AUTOMOVIL 4 TIEMPOS;TAXI;;2021;GASOLINA;39501;HIDROCARBUROS NO COMBUSTIONADOS (HC) 250;56;27
LIVIANO;AUTOMOVIL 4 TIEMPOS;TAXI;;2021;GASOLINA;39503;O2 EN ALTAS RPM;1;27
LIVIANO;AUTOMOVIL 4 TIEMPOS;TAXI;;2021;GASOLINA;39505;MONOXIDO DE CARBONO (CO) 2500 RPM;0;27
LIVIANO;AUTOMOVIL 4 TIEMPOS;TAXI;;2021;GASOLINA;39508;RPM EN ALTAS;2452;25
LIVIANO;AUTOMOVIL 4 TIEMPOS;TAXI;;2022;GASOLINA;1301;ODOMETRO VEHICULO;58534;42
LIVIANO;AUTOMOVIL 4 TIEMPOS;TAXI;;2022;GASOLINA;39001;HIDROCARBUROS NO COMBUSTIONADOS (HC) RAL;31;34
LIVIANO;AUTOMOVIL 4 TIEMPOS;TAXI;;2022;GASOLINA;39003;O2 EN BAJAS;0;34
LIVIANO;AUTOMOVIL 4 TIEMPOS;TAXI;;2022;GASOLINA;39005;MONOXIDO DE CARBONO (CO) RALENTI;0;34
LIVIANO;AUTOMOVIL 4 TIEMPOS;TAXI;;2022;GASOLINA;39008;RPM EN RALENTI;747;34
LIVIANO;AUTOMOVIL 4 TIEMPOS;TAXI;;2022;GASOLINA;39501;HIDROCARBUROS NO COMBUSTIONADOS (HC) 250;27;34
LIVIANO;AUTOMOVIL 4 TIEMPOS;TAXI;;2022;GASOLINA;39503;O2 EN ALTAS RPM;0;34
LIVIANO;AUTOMOVIL 4 TIEMPOS;TAXI;;2022;GASOLINA;39505;MONOXIDO DE CARBONO (CO) 2500 RPM;0;34
LIVIANO;AUTOMOVIL 4 TIEMPOS;TAXI;;2022;GASOLINA;39508;RPM EN ALTAS;2456;32
LIVIANO;AUTOMOVIL 4 TIEMPOS;TAXI;;2023;GASOLINA;1301;ODOMETRO VEHICULO;55165;112
LIVIANO;AUTOMOVIL 4 TIEMPOS;TAXI;;2023;GASOLINA;39001;HIDROCARBUROS NO COMBUSTIONADOS (HC) RAL;14;71
LIVIANO;AUTOMOVIL 4 TIEMPOS;TAXI;;2023;GASOLINA;39003;O2 EN BAJAS;0;71
LIVIANO;AUTOMOVIL 4 TIEMPOS;TAXI;;2023;GASOLINA;39005;MONOXIDO DE CARBONO (CO) RALENTI;0;71
LIVIANO;AUTOMOVIL 4 TIEMPOS;TAXI;;2023;GASOLINA;39008;RPM EN RALENTI;721;71
LIVIANO;AUTOMOVIL 4 TIEMPOS;TAXI;;2023;GASOLINA;39501;HIDROCARBUROS NO COMBUSTIONADOS (HC) 250;16;71
LIVIANO;AUTOMOVIL 4 TIEMPOS;TAXI;;2023;GASOLINA;39503;O2 EN ALTAS RPM;0;71
LIVIANO;AUTOMOVIL 4 TIEMPOS;TAXI;;2023;GASOLINA;39505;MONOXIDO DE CARBONO (CO) 2500 RPM;0;71
LIVIANO;AUTOMOVIL 4 TIEMPOS;TAXI;;2023;GASOLINA;39508;RPM EN ALTAS;2456;67
LIVIANO;AUTOMOVIL 4 TIEMPOS;TAXI;;2024;DIESEL;1301;ODOMETRO VEHICULO;49306;3
LIVIANO;AUTOMOVIL 4 TIEMPOS;TAXI;;2024;DIESEL;38501;OPACIDAD - VEHI. DIE;4;2
LIVIANO;AUTOMOVIL 4 TIEMPOS;TAXI;;2024;GASOLINA;1301;ODOMETRO VEHICULO;28619;68
LIVIANO;AUTOMOVIL 4 TIEMPOS;TAXI;;2024;GASOLINA;39001;HIDROCARBUROS NO COMBUSTIONADOS (HC) RAL;20;45
LIVIANO;AUTOMOVIL 4 TIEMPOS;TAXI;;2024;GASOLINA;39003;O2 EN BAJAS;0;45
LIVIANO;AUTOMOVIL 4 TIEMPOS;TAXI;;2024;GASOLINA;39005;MONOXIDO DE CARBONO (CO) RALENTI;0;45
LIVIANO;AUTOMOVIL 4 TIEMPOS;TAXI;;2024;GASOLINA;39008;RPM EN RALENTI;713;45
LIVIANO;AUTOMOVIL 4 TIEMPOS;TAXI;;2024;GASOLINA;39501;HIDROCARBUROS NO COMBUSTIONADOS (HC) 250;15;45
LIVIANO;AUTOMOVIL 4 TIEMPOS;TAXI;;2024;GASOLINA;39503;O2 EN ALTAS RPM;0;45
LIVIANO;AUTOMOVIL 4 TIEMPOS;TAXI;;2024;GASOLINA;39505;MONOXIDO DE CARBONO (CO) 2500 RPM;0;45
LIVIANO;AUTOMOVIL 4 TIEMPOS;TAXI;;2024;GASOLINA;39508;RPM EN ALTAS;2472;44
LIVIANO;AUTOMOVIL 4 TIEMPOS;TAXI;;2025;GASOLINA;1301;ODOMETRO VEHICULO;4935;3
LIVIANO;AUTOMOVIL 4 TIEMPOS;TAXI;;2025;GASOLINA;39001;HIDROCARBUROS NO COMBUSTIONADOS (HC) RAL;5;2
LIVIANO;AUTOMOVIL 4 TIEMPOS;TAXI;;2025;GASOLINA;39003;O2 EN BAJAS;0;2
LIVIANO;AUTOMOVIL 4 TIEMPOS;TAXI;;2025;GASOLINA;39005;MONOXIDO DE CARBONO (CO) RALENTI;0;2
LIVIANO;AUTOMOVIL 4 TIEMPOS;TAXI;;2025;GASOLINA;39008;RPM EN RALENTI;625;2
LIVIANO;AUTOMOVIL 4 TIEMPOS;TAXI;;2025;GASOLINA;39501;HIDROCARBUROS NO COMBUSTIONADOS (HC) 250;8;2
LIVIANO;AUTOMOVIL 4 TIEMPOS;TAXI;;2025;GASOLINA;39503;O2 EN ALTAS RPM;0;2
LIVIANO;AUTOMOVIL 4 TIEMPOS;TAXI;;2025;GASOLINA;39505;MONOXIDO DE CARBONO (CO) 2500 RPM;0;2
LIVIANO;AUTOMOVIL 4 TIEMPOS;TAXI;;2025;GASOLINA;39508;RPM EN ALTAS;2375;2
LIVIANO;AUTOMOVIL 4 TIEMPOS;TAXI;;2005;GASOLINA;1301;ODOMETRO VEHICULO;455389;57
LIVIANO;AUTOMOVIL 4 TIEMPOS;TAXI;;2005;GASOLINA;39001;HIDROCARBUROS NO COMBUSTIONADOS (HC) RAL;114;39
LIVIANO;AUTOMOVIL 4 TIEMPOS;TAXI;;2005;GASOLINA;39003;O2 EN BAJAS;1;39
LIVIANO;AUTOMOVIL 4 TIEMPOS;TAXI;;2005;GASOLINA;39005;MONOXIDO DE CARBONO (CO) RALENTI;0;39
LIVIANO;AUTOMOVIL 4 TIEMPOS;TAXI;;2005;GASOLINA;39008;RPM EN RALENTI;821;39
LIVIANO;AUTOMOVIL 4 TIEMPOS;TAXI;;2005;GASOLINA;39501;HIDROCARBUROS NO COMBUSTIONADOS (HC) 250;116;39
LIVIANO;AUTOMOVIL 4 TIEMPOS;TAXI;;2005;GASOLINA;39503;O2 EN ALTAS RPM;1;39
LIVIANO;AUTOMOVIL 4 TIEMPOS;TAXI;;2005;GASOLINA;39505;MONOXIDO DE CARBONO (CO) 2500 RPM;0;39
LIVIANO;AUTOMOVIL 4 TIEMPOS;TAXI;;2005;GASOLINA;39508;RPM EN ALTAS;2517;39
LIVIANO;AUTOMOVIL 4 TIEMPOS;TAXI;;2006;GASOLINA;1301;ODOMETRO VEHICULO;474865;132
LIVIANO;AUTOMOVIL 4 TIEMPOS;TAXI;;2006;GASOLINA;39001;HIDROCARBUROS NO COMBUSTIONADOS (HC) RAL;106;83
LIVIANO;AUTOMOVIL 4 TIEMPOS;TAXI;;2006;GASOLINA;39003;O2 EN BAJAS;1;83
LIVIANO;AUTOMOVIL 4 TIEMPOS;TAXI;;2006;GASOLINA;39005;MONOXIDO DE CARBONO (CO) RALENTI;0;83
LIVIANO;AUTOMOVIL 4 TIEMPOS;TAXI;;2006;GASOLINA;39008;RPM EN RALENTI;800;83
LIVIANO;AUTOMOVIL 4 TIEMPOS;TAXI;;2006;GASOLINA;39501;HIDROCARBUROS NO COMBUSTIONADOS (HC) 250;60;83
LIVIANO;AUTOMOVIL 4 TIEMPOS;TAXI;;2006;GASOLINA;39503;O2 EN ALTAS RPM;1;83
LIVIANO;AUTOMOVIL 4 TIEMPOS;TAXI;;2006;GASOLINA;39505;MONOXIDO DE CARBONO (CO) 2500 RPM;0;83
LIVIANO;AUTOMOVIL 4 TIEMPOS;TAXI;;2006;GASOLINA;39508;RPM EN ALTAS;2503;83
LIVIANO;AUTOMOVIL 4 TIEMPOS;TAXI;;2007;GASOLINA;1301;ODOMETRO VEHICULO;478371;214
LIVIANO;AUTOMOVIL 4 TIEMPOS;TAXI;;2007;GASOLINA;39001;HIDROCARBUROS NO COMBUSTIONADOS (HC) RAL;126;152
LIVIANO;AUTOMOVIL 4 TIEMPOS;TAXI;;2007;GASOLINA;39003;O2 EN BAJAS;0;152
LIVIANO;AUTOMOVIL 4 TIEMPOS;TAXI;;2007;GASOLINA;39005;MONOXIDO DE CARBONO (CO) RALENTI;0;152
LIVIANO;AUTOMOVIL 4 TIEMPOS;TAXI;;2007;GASOLINA;39008;RPM EN RALENTI;804;152
LIVIANO;AUTOMOVIL 4 TIEMPOS;TAXI;;2007;GASOLINA;39501;HIDROCARBUROS NO COMBUSTIONADOS (HC) 250;113;153
LIVIANO;AUTOMOVIL 4 TIEMPOS;TAXI;;2007;GASOLINA;39503;O2 EN ALTAS RPM;0;153
LIVIANO;AUTOMOVIL 4 TIEMPOS;TAXI;;2007;GASOLINA;39505;MONOXIDO DE CARBONO (CO) 2500 RPM;0;153
LIVIANO;AUTOMOVIL 4 TIEMPOS;TAXI;;2007;GASOLINA;39508;RPM EN ALTAS;2506;153
LIVIANO;AUTOMOVIL 4 TIEMPOS;TAXI;;2008;GASOLINA;1301;ODOMETRO VEHICULO;450682;473
LIVIANO;AUTOMOVIL 4 TIEMPOS;TAXI;;2008;GASOLINA;39001;HIDROCARBUROS NO COMBUSTIONADOS (HC) RAL;111;306
LIVIANO;AUTOMOVIL 4 TIEMPOS;TAXI;;2008;GASOLINA;39003;O2 EN BAJAS;1;306
LIVIANO;AUTOMOVIL 4 TIEMPOS;TAXI;;2008;GASOLINA;39005;MONOXIDO DE CARBONO (CO) RALENTI;0;306
LIVIANO;AUTOMOVIL 4 TIEMPOS;TAXI;;2008;GASOLINA;39008;RPM EN RALENTI;804;306
LIVIANO;AUTOMOVIL 4 TIEMPOS;TAXI;;2008;GASOLINA;39501;HIDROCARBUROS NO COMBUSTIONADOS (HC) 250;85;306
LIVIANO;AUTOMOVIL 4 TIEMPOS;TAXI;;2008;GASOLINA;39503;O2 EN ALTAS RPM;1;306
LIVIANO;AUTOMOVIL 4 TIEMPOS;TAXI;;2008;GASOLINA;39505;MONOXIDO DE CARBONO (CO) 2500 RPM;0;308
LIVIANO;AUTOMOVIL 4 TIEMPOS;TAXI;;2008;GASOLINA;39508;RPM EN ALTAS;2497;300
LIVIANO;AUTOMOVIL 4 TIEMPOS;TAXI;;2009;GASOLINA;1301;ODOMETRO VEHICULO;383878;1082
LIVIANO;AUTOMOVIL 4 TIEMPOS;TAXI;;2009;GASOLINA;39001;HIDROCARBUROS NO COMBUSTIONADOS (HC) RAL;92;734
LIVIANO;AUTOMOVIL 4 TIEMPOS;TAXI;;2009;GASOLINA;39003;O2 EN BAJAS;0;732
LIVIANO;AUTOMOVIL 4 TIEMPOS;TAXI;;2009;GASOLINA;39005;MONOXIDO DE CARBONO (CO) RALENTI;0;732
LIVIANO;AUTOMOVIL 4 TIEMPOS;TAXI;;2009;GASOLINA;39008;RPM EN RALENTI;800;732
LIVIANO;AUTOMOVIL 4 TIEMPOS;TAXI;;2009;GASOLINA;39501;HIDROCARBUROS NO COMBUSTIONADOS (HC) 250;78;732
LIVIANO;AUTOMOVIL 4 TIEMPOS;TAXI;;2009;GASOLINA;39503;O2 EN ALTAS RPM;1;732
LIVIANO;AUTOMOVIL 4 TIEMPOS;TAXI;;2009;GASOLINA;39505;MONOXIDO DE CARBONO (CO) 2500 RPM;0;734
LIVIANO;AUTOMOVIL 4 TIEMPOS;TAXI;;2009;GASOLINA;39508;RPM EN ALTAS;2489;725
LIVIANO;AUTOMOVIL 4 TIEMPOS;TAXI;;2010;DIESEL;1301;ODOMETRO VEHICULO;486678;20
LIVIANO;AUTOMOVIL 4 TIEMPOS;TAXI;;2010;DIESEL;38501;OPACIDAD - VEHI. DIE;30;13
LIVIANO;AUTOMOVIL 4 TIEMPOS;TAXI;;2010;GASOLINA;1301;ODOMETRO VEHICULO;401546;2567
LIVIANO;AUTOMOVIL 4 TIEMPOS;TAXI;;2010;GASOLINA;39001;HIDROCARBUROS NO COMBUSTIONADOS (HC) RAL;102;1733
LIVIANO;AUTOMOVIL 4 TIEMPOS;TAXI;;2010;GASOLINA;39003;O2 EN BAJAS;1;1732
LIVIANO;AUTOMOVIL 4 TIEMPOS;TAXI;;2010;GASOLINA;39005;MONOXIDO DE CARBONO (CO) RALENTI;0;1732
LIVIANO;AUTOMOVIL 4 TIEMPOS;TAXI;;2010;GASOLINA;39008;RPM EN RALENTI;807;1732
LIVIANO;AUTOMOVIL 4 TIEMPOS;TAXI;;2010;GASOLINA;39501;HIDROCARBUROS NO COMBUSTIONADOS (HC) 250;88;1734
LIVIANO;AUTOMOVIL 4 TIEMPOS;TAXI;;2010;GASOLINA;39503;O2 EN ALTAS RPM;1;1733
LIVIANO;AUTOMOVIL 4 TIEMPOS;TAXI;;2010;GASOLINA;39505;MONOXIDO DE CARBONO (CO) 2500 RPM;0;1735
LIVIANO;AUTOMOVIL 4 TIEMPOS;TAXI;;2010;GASOLINA;39508;RPM EN ALTAS;2490;1704
LIVIANO;AUTOMOVIL 4 TIEMPOS;TAXI;;2011;GASOLINA;1301;ODOMETRO VEHICULO;349670;3121
LIVIANO;AUTOMOVIL 4 TIEMPOS;TAXI;;2011;GASOLINA;39001;HIDROCARBUROS NO COMBUSTIONADOS (HC) RAL;93;2158
LIVIANO;AUTOMOVIL 4 TIEMPOS;TAXI;;2011;GASOLINA;39003;O2 EN BAJAS;1;2159
LIVIANO;AUTOMOVIL 4 TIEMPOS;TAXI;;2011;GASOLINA;39005;MONOXIDO DE CARBONO (CO) RALENTI;0;2156
LIVIANO;AUTOMOVIL 4 TIEMPOS;TAXI;;2011;GASOLINA;39008;RPM EN RALENTI;792;2156
LIVIANO;AUTOMOVIL 4 TIEMPOS;TAXI;;2011;GASOLINA;39501;HIDROCARBUROS NO COMBUSTIONADOS (HC) 250;78;2156
LIVIANO;AUTOMOVIL 4 TIEMPOS;TAXI;;2011;GASOLINA;39503;O2 EN ALTAS RPM;0;2157
LIVIANO;AUTOMOVIL 4 TIEMPOS;TAXI;;2011;GASOLINA;39505;MONOXIDO DE CARBONO (CO) 2500 RPM;0;2160
LIVIANO;AUTOMOVIL 4 TIEMPOS;TAXI;;2011;GASOLINA;39508;RPM EN ALTAS;2494;2115
LIVIANO;AUTOMOVIL 4 TIEMPOS;TAXI;;2012;GASOLINA;1301;ODOMETRO VEHICULO;286792;2020
LIVIANO;AUTOMOVIL 4 TIEMPOS;TAXI;;2012;GASOLINA;39001;HIDROCARBUROS NO COMBUSTIONADOS (HC) RAL;81;1400
LIVIANO;AUTOMOVIL 4 TIEMPOS;TAXI;;2012;GASOLINA;39003;O2 EN BAJAS;0;1400
LIVIANO;AUTOMOVIL 4 TIEMPOS;TAXI;;2012;GASOLINA;39005;MONOXIDO DE CARBONO (CO) RALENTI;0;1400
LIVIANO;AUTOMOVIL 4 TIEMPOS;TAXI;;2012;GASOLINA;39008;RPM EN RALENTI;793;1400
LIVIANO;AUTOMOVIL 4 TIEMPOS;TAXI;;2012;GASOLINA;39501;HIDROCARBUROS NO COMBUSTIONADOS (HC) 250;73;1401
LIVIANO;AUTOMOVIL 4 TIEMPOS;TAXI;;2012;GASOLINA;39503;O2 EN ALTAS RPM;0;1400
LIVIANO;AUTOMOVIL 4 TIEMPOS;TAXI;;2012;GASOLINA;39505;MONOXIDO DE CARBONO (CO) 2500 RPM;0;1402
LIVIANO;AUTOMOVIL 4 TIEMPOS;TAXI;;2012;GASOLINA;39508;RPM EN ALTAS;2492;1380
LIVIANO;AUTOMOVIL 4 TIEMPOS;TAXI;;2013;GASOLINA;1301;ODOMETRO VEHICULO;280269;2010
LIVIANO;AUTOMOVIL 4 TIEMPOS;TAXI;;2013;GASOLINA;39001;HIDROCARBUROS NO COMBUSTIONADOS (HC) RAL;74;1359
LIVIANO;AUTOMOVIL 4 TIEMPOS;TAXI;;2013;GASOLINA;39003;O2 EN BAJAS;0;1361
LIVIANO;AUTOMOVIL 4 TIEMPOS;TAXI;;2013;GASOLINA;39005;MONOXIDO DE CARBONO (CO) RALENTI;0;1359
LIVIANO;AUTOMOVIL 4 TIEMPOS;TAXI;;2013;GASOLINA;39008;RPM EN RALENTI;790;1359
LIVIANO;AUTOMOVIL 4 TIEMPOS;TAXI;;2013;GASOLINA;39501;HIDROCARBUROS NO COMBUSTIONADOS (HC) 250;61;1360
LIVIANO;AUTOMOVIL 4 TIEMPOS;TAXI;;2013;GASOLINA;39503;O2 EN ALTAS RPM;0;1363
LIVIANO;AUTOMOVIL 4 TIEMPOS;TAXI;;2013;GASOLINA;39505;MONOXIDO DE CARBONO (CO) 2500 RPM;0;1361
LIVIANO;AUTOMOVIL 4 TIEMPOS;TAXI;;2013;GASOLINA;39508;RPM EN ALTAS;2489;1331
LIVIANO;AUTOMOVIL 4 TIEMPOS;TAXI;;2014;GASOLINA;1301;ODOMETRO VEHICULO;221180;1129
LIVIANO;AUTOMOVIL 4 TIEMPOS;TAXI;;2014;GASOLINA;39001;HIDROCARBUROS NO COMBUSTIONADOS (HC) RAL;57;761
LIVIANO;AUTOMOVIL 4 TIEMPOS;TAXI;;2014;GASOLINA;39003;O2 EN BAJAS;0;761
LIVIANO;AUTOMOVIL 4 TIEMPOS;TAXI;;2014;GASOLINA;39005;MONOXIDO DE CARBONO (CO) RALENTI;0;761
LIVIANO;AUTOMOVIL 4 TIEMPOS;TAXI;;2014;GASOLINA;39008;RPM EN RALENTI;803;761
LIVIANO;AUTOMOVIL 4 TIEMPOS;TAXI;;2014;GASOLINA;39501;HIDROCARBUROS NO COMBUSTIONADOS (HC) 250;46;761
LIVIANO;AUTOMOVIL 4 TIEMPOS;TAXI;;2014;GASOLINA;39503;O2 EN ALTAS RPM;0;761
LIVIANO;AUTOMOVIL 4 TIEMPOS;TAXI;;2014;GASOLINA;39505;MONOXIDO DE CARBONO (CO) 2500 RPM;0;761
LIVIANO;AUTOMOVIL 4 TIEMPOS;TAXI;;2014;GASOLINA;39508;RPM EN ALTAS;2495;744
LIVIANO;AUTOMOVIL 4 TIEMPOS;TAXI;;2015;GASOLINA;1301;ODOMETRO VEHICULO;201983;1027
LIVIANO;AUTOMOVIL 4 TIEMPOS;TAXI;;2015;GASOLINA;39001;HIDROCARBUROS NO COMBUSTIONADOS (HC) RAL;42;697
LIVIANO;AUTOMOVIL 4 TIEMPOS;TAXI;;2015;GASOLINA;39003;O2 EN BAJAS;0;697
LIVIANO;AUTOMOVIL 4 TIEMPOS;TAXI;;2015;GASOLINA;39005;MONOXIDO DE CARBONO (CO) RALENTI;0;697
LIVIANO;AUTOMOVIL 4 TIEMPOS;TAXI;;2015;GASOLINA;39008;RPM EN RALENTI;805;697
LIVIANO;AUTOMOVIL 4 TIEMPOS;TAXI;;2015;GASOLINA;39501;HIDROCARBUROS NO COMBUSTIONADOS (HC) 250;43;697
LIVIANO;AUTOMOVIL 4 TIEMPOS;TAXI;;2015;GASOLINA;39503;O2 EN ALTAS RPM;0;697
LIVIANO;AUTOMOVIL 4 TIEMPOS;TAXI;;2015;GASOLINA;39505;MONOXIDO DE CARBONO (CO) 2500 RPM;0;697
LIVIANO;AUTOMOVIL 4 TIEMPOS;TAXI;;2015;GASOLINA;39508;RPM EN ALTAS;2491;685
LIVIANO;AUTOMOVIL 4 TIEMPOS;TAXI;;2016;GASOLINA;1301;ODOMETRO VEHICULO;173387;546
LIVIANO;AUTOMOVIL 4 TIEMPOS;TAXI;;2016;GASOLINA;39001;HIDROCARBUROS NO COMBUSTIONADOS (HC) RAL;49;392
LIVIANO;AUTOMOVIL 4 TIEMPOS;TAXI;;2016;GASOLINA;39003;O2 EN BAJAS;0;392
LIVIANO;AUTOMOVIL 4 TIEMPOS;TAXI;;2016;GASOLINA;39005;MONOXIDO DE CARBONO (CO) RALENTI;0;392
LIVIANO;AUTOMOVIL 4 TIEMPOS;TAXI;;2016;GASOLINA;39008;RPM EN RALENTI;788;392
LIVIANO;AUTOMOVIL 4 TIEMPOS;TAXI;;2016;GASOLINA;39501;HIDROCARBUROS NO COMBUSTIONADOS (HC) 250;45;392
LIVIANO;AUTOMOVIL 4 TIEMPOS;TAXI;;2016;GASOLINA;39503;O2 EN ALTAS RPM;0;392
LIVIANO;AUTOMOVIL 4 TIEMPOS;TAXI;;2016;GASOLINA;39505;MONOXIDO DE CARBONO (CO) 2500 RPM;0;392
LIVIANO;AUTOMOVIL 4 TIEMPOS;TAXI;;2016;GASOLINA;39508;RPM EN ALTAS;2489;378
LIVIANO;AUTOMOVIL 4 TIEMPOS;TAXI;;2017;GASOLINA;1301;ODOMETRO VEHICULO;170446;389
LIVIANO;AUTOMOVIL 4 TIEMPOS;TAXI;;2017;GASOLINA;39001;HIDROCARBUROS NO COMBUSTIONADOS (HC) RAL;40;266
LIVIANO;AUTOMOVIL 4 TIEMPOS;TAXI;;2017;GASOLINA;39003;O2 EN BAJAS;0;266
LIVIANO;AUTOMOVIL 4 TIEMPOS;TAXI;;2017;GASOLINA;39005;MONOXIDO DE CARBONO (CO) RALENTI;0;266
LIVIANO;AUTOMOVIL 4 TIEMPOS;TAXI;;2017;GASOLINA;39008;RPM EN RALENTI;780;266
LIVIANO;AUTOMOVIL 4 TIEMPOS;TAXI;;2017;GASOLINA;39501;HIDROCARBUROS NO COMBUSTIONADOS (HC) 250;41;266
LIVIANO;AUTOMOVIL 4 TIEMPOS;TAXI;;2017;GASOLINA;39503;O2 EN ALTAS RPM;0;266
LIVIANO;AUTOMOVIL 4 TIEMPOS;TAXI;;2017;GASOLINA;39505;MONOXIDO DE CARBONO (CO) 2500 RPM;0;266
LIVIANO;AUTOMOVIL 4 TIEMPOS;TAXI;;2017;GASOLINA;39508;RPM EN ALTAS;2501;256
LIVIANO;AUTOMOVIL 4 TIEMPOS;TAXI;;2018;GASOLINA;1301;ODOMETRO VEHICULO;163077;1095
LIVIANO;AUTOMOVIL 4 TIEMPOS;TAXI;;2018;GASOLINA;39001;HIDROCARBUROS NO COMBUSTIONADOS (HC) RAL;34;739
LIVIANO;AUTOMOVIL 4 TIEMPOS;TAXI;;2018;GASOLINA;39003;O2 EN BAJAS;0;739
LIVIANO;AUTOMOVIL 4 TIEMPOS;TAXI;;2018;GASOLINA;39005;MONOXIDO DE CARBONO (CO) RALENTI;0;739
LIVIANO;AUTOMOVIL 4 TIEMPOS;TAXI;;2018;GASOLINA;39008;RPM EN RALENTI;772;739
LIVIANO;AUTOMOVIL 4 TIEMPOS;TAXI;;2018;GASOLINA;39501;HIDROCARBUROS NO COMBUSTIONADOS (HC) 250;37;739
LIVIANO;AUTOMOVIL 4 TIEMPOS;TAXI;;2018;GASOLINA;39503;O2 EN ALTAS RPM;0;739
LIVIANO;AUTOMOVIL 4 TIEMPOS;TAXI;;2018;GASOLINA;39505;MONOXIDO DE CARBONO (CO) 2500 RPM;0;739
LIVIANO;AUTOMOVIL 4 TIEMPOS;TAXI;;2018;GASOLINA;39508;RPM EN ALTAS;2488;708
LIVIANO;AUTOMOVIL 4 TIEMPOS;TAXI;;2019;GASOLINA;1301;ODOMETRO VEHICULO;115463;377
LIVIANO;AUTOMOVIL 4 TIEMPOS;TAXI;;2019;GASOLINA;39001;HIDROCARBUROS NO COMBUSTIONADOS (HC) RAL;28;260
LIVIANO;AUTOMOVIL 4 TIEMPOS;TAXI;;2019;GASOLINA;39003;O2 EN BAJAS;0;260
LIVIANO;AUTOMOVIL 4 TIEMPOS;TAXI;;2019;GASOLINA;39005;MONOXIDO DE CARBONO (CO) RALENTI;0;260
LIVIANO;AUTOMOVIL 4 TIEMPOS;TAXI;;2019;GASOLINA;39008;RPM EN RALENTI;766;260
LIVIANO;AUTOMOVIL 4 TIEMPOS;TAXI;;2019;GASOLINA;39501;HIDROCARBUROS NO COMBUSTIONADOS (HC) 250;25;260
LIVIANO;AUTOMOVIL 4 TIEMPOS;TAXI;;2019;GASOLINA;39503;O2 EN ALTAS RPM;0;260
LIVIANO;AUTOMOVIL 4 TIEMPOS;TAXI;;2019;GASOLINA;39505;MONOXIDO DE CARBONO (CO) 2500 RPM;0;260
LIVIANO;AUTOMOVIL 4 TIEMPOS;TAXI;;2019;GASOLINA;39508;RPM EN ALTAS;2497;249
LIVIANO;AUTOMOVIL 4 TIEMPOS;TAXI;;2020;DIESEL;1301;ODOMETRO VEHICULO;70060;18
LIVIANO;AUTOMOVIL 4 TIEMPOS;TAXI;;2020;DIESEL;38501;OPACIDAD - VEHI. DIE;23;14
LIVIANO;AUTOMOVIL 4 TIEMPOS;TAXI;;2020;GASOLINA;1301;ODOMETRO VEHICULO;94532;65
LIVIANO;AUTOMOVIL 4 TIEMPOS;TAXI;;2020;GASOLINA;39001;HIDROCARBUROS NO COMBUSTIONADOS (HC) RAL;24;42
LIVIANO;AUTOMOVIL 4 TIEMPOS;TAXI;;2020;GASOLINA;39003;O2 EN BAJAS;0;42
LIVIANO;AUTOMOVIL 4 TIEMPOS;TAXI;;2020;GASOLINA;39005;MONOXIDO DE CARBONO (CO) RALENTI;0;42
LIVIANO;AUTOMOVIL 4 TIEMPOS;TAXI;;2020;GASOLINA;39008;RPM EN RALENTI;710;42
LIVIANO;AUTOMOVIL 4 TIEMPOS;TAXI;;2020;GASOLINA;39501;HIDROCARBUROS NO COMBUSTIONADOS (HC) 250;29;42
LIVIANO;AUTOMOVIL 4 TIEMPOS;TAXI;;2020;GASOLINA;39503;O2 EN ALTAS RPM;0;42
LIVIANO;AUTOMOVIL 4 TIEMPOS;TAXI;;2020;GASOLINA;39505;MONOXIDO DE CARBONO (CO) 2500 RPM;0;42
LIVIANO;AUTOMOVIL 4 TIEMPOS;TAXI;;2020;GASOLINA;39508;RPM EN ALTAS;2470;40
LIVIANO;AUTOMOVIL 4 TIEMPOS;TAXI;;2021;GASOLINA;1301;ODOMETRO VEHICULO;147108;15
LIVIANO;AUTOMOVIL 4 TIEMPOS;TAXI;;2021;GASOLINA;39001;HIDROCARBUROS NO COMBUSTIONADOS (HC) RAL;22;10
LIVIANO;AUTOMOVIL 4 TIEMPOS;TAXI;;2021;GASOLINA;39003;O2 EN BAJAS;0;10
LIVIANO;AUTOMOVIL 4 TIEMPOS;TAXI;;2021;GASOLINA;39005;MONOXIDO DE CARBONO (CO) RALENTI;0;10
LIVIANO;AUTOMOVIL 4 TIEMPOS;TAXI;;2021;GASOLINA;39008;RPM EN RALENTI;733;10
LIVIANO;AUTOMOVIL 4 TIEMPOS;TAXI;;2021;GASOLINA;39501;HIDROCARBUROS NO COMBUSTIONADOS (HC) 250;31;10
LIVIANO;AUTOMOVIL 4 TIEMPOS;TAXI;;2021;GASOLINA;39503;O2 EN ALTAS RPM;0;10
LIVIANO;AUTOMOVIL 4 TIEMPOS;TAXI;;2021;GASOLINA;39505;MONOXIDO DE CARBONO (CO) 2500 RPM;0;10
LIVIANO;AUTOMOVIL 4 TIEMPOS;TAXI;;2021;GASOLINA;39508;RPM EN ALTAS;2448;9
LIVIANO;AUTOMOVIL 4 TIEMPOS;TAXI;;2022;GASOLINA;1301;ODOMETRO VEHICULO;78142;17
LIVIANO;AUTOMOVIL 4 TIEMPOS;TAXI;;2022;GASOLINA;39001;HIDROCARBUROS NO COMBUSTIONADOS (HC) RAL;39;12
LIVIANO;AUTOMOVIL 4 TIEMPOS;TAXI;;2022;GASOLINA;39003;O2 EN BAJAS;0;12
LIVIANO;AUTOMOVIL 4 TIEMPOS;TAXI;;2022;GASOLINA;39005;MONOXIDO DE CARBONO (CO) RALENTI;0;12
LIVIANO;AUTOMOVIL 4 TIEMPOS;TAXI;;2022;GASOLINA;39008;RPM EN RALENTI;709;12
LIVIANO;AUTOMOVIL 4 TIEMPOS;TAXI;;2022;GASOLINA;39501;HIDROCARBUROS NO COMBUSTIONADOS (HC) 250;39;12
LIVIANO;AUTOMOVIL 4 TIEMPOS;TAXI;;2022;GASOLINA;39503;O2 EN ALTAS RPM;0;12
LIVIANO;AUTOMOVIL 4 TIEMPOS;TAXI;;2022;GASOLINA;39505;MONOXIDO DE CARBONO (CO) 2500 RPM;0;12
LIVIANO;AUTOMOVIL 4 TIEMPOS;TAXI;;2022;GASOLINA;39508;RPM EN ALTAS;2476;11
LIVIANO;AUTOMOVIL 4 TIEMPOS;TAXI;;2023;GASOLINA;1301;ODOMETRO VEHICULO;44701;9
LIVIANO;AUTOMOVIL 4 TIEMPOS;TAXI;;2023;GASOLINA;39001;HIDROCARBUROS NO COMBUSTIONADOS (HC) RAL;21;5
LIVIANO;AUTOMOVIL 4 TIEMPOS;TAXI;;2023;GASOLINA;39003;O2 EN BAJAS;0;5
LIVIANO;AUTOMOVIL 4 TIEMPOS;TAXI;;2023;GASOLINA;39005;MONOXIDO DE CARBONO (CO) RALENTI;0;5
LIVIANO;AUTOMOVIL 4 TIEMPOS;TAXI;;2023;GASOLINA;39008;RPM EN RALENTI;740;5
LIVIANO;AUTOMOVIL 4 TIEMPOS;TAXI;;2023;GASOLINA;39501;HIDROCARBUROS NO COMBUSTIONADOS (HC) 250;20;5
LIVIANO;AUTOMOVIL 4 TIEMPOS;TAXI;;2023;GASOLINA;39503;O2 EN ALTAS RPM;0;5
LIVIANO;AUTOMOVIL 4 TIEMPOS;TAXI;;2023;GASOLINA;39505;MONOXIDO DE CARBONO (CO) 2500 RPM;0;5
LIVIANO;AUTOMOVIL 4 TIEMPOS;TAXI;;2023;GASOLINA;39508;RPM EN ALTAS;2522;5
LIVIANO;AUTOMOVIL 4 TIEMPOS;TAXI;;2024;GASOLINA;1301;ODOMETRO VEHICULO;15405;16
LIVIANO;AUTOMOVIL 4 TIEMPOS;TAXI;;2024;GASOLINA;39001;HIDROCARBUROS NO COMBUSTIONADOS (HC) RAL;12;10
LIVIANO;AUTOMOVIL 4 TIEMPOS;TAXI;;2024;GASOLINA;39003;O2 EN BAJAS;0;10
LIVIANO;AUTOMOVIL 4 TIEMPOS;TAXI;;2024;GASOLINA;39005;MONOXIDO DE CARBONO (CO) RALENTI;0;10
LIVIANO;AUTOMOVIL 4 TIEMPOS;TAXI;;2024;GASOLINA;39008;RPM EN RALENTI;707;10
LIVIANO;AUTOMOVIL 4 TIEMPOS;TAXI;;2024;GASOLINA;39501;HIDROCARBUROS NO COMBUSTIONADOS (HC) 250;11;10
LIVIANO;AUTOMOVIL 4 TIEMPOS;TAXI;;2024;GASOLINA;39503;O2 EN ALTAS RPM;0;10
LIVIANO;AUTOMOVIL 4 TIEMPOS;TAXI;;2024;GASOLINA;39505;MONOXIDO DE CARBONO (CO) 2500 RPM;0;10
LIVIANO;AUTOMOVIL 4 TIEMPOS;TAXI;;2024;GASOLINA;39508;RPM EN ALTAS;2486;9
LIVIANO;AUTOMOVIL 4 TIEMPOS;TAXI;;2025;GASOLINA;1301;ODOMETRO VEHICULO;5973;1
LIVIANO;AUTOMOVIL 4 TIEMPOS;TAXI;;2025;GASOLINA;39001;HIDROCARBUROS NO COMBUSTIONADOS (HC) RAL;6;1
LIVIANO;AUTOMOVIL 4 TIEMPOS;TAXI;;2025;GASOLINA;39003;O2 EN BAJAS;0;1
LIVIANO;AUTOMOVIL 4 TIEMPOS;TAXI;;2025;GASOLINA;39005;MONOXIDO DE CARBONO (CO) RALENTI;0;1
LIVIANO;AUTOMOVIL 4 TIEMPOS;TAXI;;2025;GASOLINA;39008;RPM EN RALENTI;750;1
LIVIANO;AUTOMOVIL 4 TIEMPOS;TAXI;;2025;GASOLINA;39501;HIDROCARBUROS NO COMBUSTIONADOS (HC) 250;9;1
LIVIANO;AUTOMOVIL 4 TIEMPOS;TAXI;;2025;GASOLINA;39503;O2 EN ALTAS RPM;0;1
LIVIANO;AUTOMOVIL 4 TIEMPOS;TAXI;;2025;GASOLINA;39505;MONOXIDO DE CARBONO (CO) 2500 RPM;0;1
LIVIANO;AUTOMOVIL 4 TIEMPOS;TAXI;;2025;GASOLINA;39508;RPM EN ALTAS;2520;1
LIVIANO;AUTOMOVIL 4 TIEMPOS;TAXI;;2006;GASOLINA;1301;ODOMETRO VEHICULO;292262;1
LIVIANO;AUTOMOVIL 4 TIEMPOS;TAXI;;2007;GASOLINA;1301;ODOMETRO VEHICULO;459944;219
LIVIANO;AUTOMOVIL 4 TIEMPOS;TAXI;;2007;GASOLINA;39001;HIDROCARBUROS NO COMBUSTIONADOS (HC) RAL;137;167
LIVIANO;AUTOMOVIL 4 TIEMPOS;TAXI;;2007;GASOLINA;39003;O2 EN BAJAS;1;167
LIVIANO;AUTOMOVIL 4 TIEMPOS;TAXI;;2007;GASOLINA;39005;MONOXIDO DE CARBONO (CO) RALENTI;0;167
LIVIANO;AUTOMOVIL 4 TIEMPOS;TAXI;;2007;GASOLINA;39008;RPM EN RALENTI;821;167
LIVIANO;AUTOMOVIL 4 TIEMPOS;TAXI;;2007;GASOLINA;39501;HIDROCARBUROS NO COMBUSTIONADOS (HC) 250;101;167
LIVIANO;AUTOMOVIL 4 TIEMPOS;TAXI;;2007;GASOLINA;39503;O2 EN ALTAS RPM;1;168
LIVIANO;AUTOMOVIL 4 TIEMPOS;TAXI;;2007;GASOLINA;39505;MONOXIDO DE CARBONO (CO) 2500 RPM;0;167
LIVIANO;AUTOMOVIL 4 TIEMPOS;TAXI;;2007;GASOLINA;39508;RPM EN ALTAS;2499;167
LIVIANO;AUTOMOVIL 4 TIEMPOS;TAXI;;2008;GASOLINA;1301;ODOMETRO VEHICULO;441861;893
LIVIANO;AUTOMOVIL 4 TIEMPOS;TAXI;;2008;GASOLINA;39001;HIDROCARBUROS NO COMBUSTIONADOS (HC) RAL;102;569
LIVIANO;AUTOMOVIL 4 TIEMPOS;TAXI;;2008;GASOLINA;39003;O2 EN BAJAS;1;567
LIVIANO;AUTOMOVIL 4 TIEMPOS;TAXI;;2008;GASOLINA;39005;MONOXIDO DE CARBONO (CO) RALENTI;0;567
LIVIANO;AUTOMOVIL 4 TIEMPOS;TAXI;;2008;GASOLINA;39008;RPM EN RALENTI;804;567
LIVIANO;AUTOMOVIL 4 TIEMPOS;TAXI;;2008;GASOLINA;39501;HIDROCARBUROS NO COMBUSTIONADOS (HC) 250;72;567
LIVIANO;AUTOMOVIL 4 TIEMPOS;TAXI;;2008;GASOLINA;39503;O2 EN ALTAS RPM;1;567
LIVIANO;AUTOMOVIL 4 TIEMPOS;TAXI;;2008;GASOLINA;39505;MONOXIDO DE CARBONO (CO) 2500 RPM;0;568
LIVIANO;AUTOMOVIL 4 TIEMPOS;TAXI;;2008;GASOLINA;39508;RPM EN ALTAS;2500;561
LIVIANO;AUTOMOVIL 4 TIEMPOS;TAXI;;2009;GASOLINA;1301;ODOMETRO VEHICULO;433712;6026
LIVIANO;AUTOMOVIL 4 TIEMPOS;TAXI;;2009;GASOLINA;39001;HIDROCARBUROS NO COMBUSTIONADOS (HC) RAL;106;4000
LIVIANO;AUTOMOVIL 4 TIEMPOS;TAXI;;2009;GASOLINA;39003;O2 EN BAJAS;1;3997
LIVIANO;AUTOMOVIL 4 TIEMPOS;TAXI;;2009;GASOLINA;39005;MONOXIDO DE CARBONO (CO) RALENTI;0;3998
LIVIANO;AUTOMOVIL 4 TIEMPOS;TAXI;;2009;GASOLINA;39008;RPM EN RALENTI;797;3993
LIVIANO;AUTOMOVIL 4 TIEMPOS;TAXI;;2009;GASOLINA;39501;HIDROCARBUROS NO COMBUSTIONADOS (HC) 250;88;3994
LIVIANO;AUTOMOVIL 4 TIEMPOS;TAXI;;2009;GASOLINA;39503;O2 EN ALTAS RPM;1;3998
LIVIANO;AUTOMOVIL 4 TIEMPOS;TAXI;;2009;GASOLINA;39505;MONOXIDO DE CARBONO (CO) 2500 RPM;0;4009
LIVIANO;AUTOMOVIL 4 TIEMPOS;TAXI;;2009;GASOLINA;39508;RPM EN ALTAS;2494;3947
LIVIANO;AUTOMOVIL 4 TIEMPOS;TAXI;;2010;GASOLINA;1301;ODOMETRO VEHICULO;425503;14033
LIVIANO;AUTOMOVIL 4 TIEMPOS;TAXI;;2010;GASOLINA;39001;HIDROCARBUROS NO COMBUSTIONADOS (HC) RAL;102;9511
LIVIANO;AUTOMOVIL 4 TIEMPOS;TAXI;;2010;GASOLINA;39003;O2 EN BAJAS;1;9522
LIVIANO;AUTOMOVIL 4 TIEMPOS;TAXI;;2010;GASOLINA;39005;MONOXIDO DE CARBONO (CO) RALENTI;0;9509
LIVIANO;AUTOMOVIL 4 TIEMPOS;TAXI;;2010;GASOLINA;39008;RPM EN RALENTI;797;9505
LIVIANO;AUTOMOVIL 4 TIEMPOS;TAXI;;2010;GASOLINA;39501;HIDROCARBUROS NO COMBUSTIONADOS (HC) 250;85;9510
LIVIANO;AUTOMOVIL 4 TIEMPOS;TAXI;;2010;GASOLINA;39503;O2 EN ALTAS RPM;1;9512
LIVIANO;AUTOMOVIL 4 TIEMPOS;TAXI;;2010;GASOLINA;39505;MONOXIDO DE CARBONO (CO) 2500 RPM;0;9526
LIVIANO;AUTOMOVIL 4 TIEMPOS;TAXI;;2010;GASOLINA;39508;RPM EN ALTAS;2493;9386
LIVIANO;AUTOMOVIL 4 TIEMPOS;TAXI;;2011;GASOLINA;1301;ODOMETRO VEHICULO;376995;17210
LIVIANO;AUTOMOVIL 4 TIEMPOS;TAXI;;2011;GASOLINA;39001;HIDROCARBUROS NO COMBUSTIONADOS (HC) RAL;100;11704
LIVIANO;AUTOMOVIL 4 TIEMPOS;TAXI;;2011;GASOLINA;39003;O2 EN BAJAS;1;11699
LIVIANO;AUTOMOVIL 4 TIEMPOS;TAXI;;2011;GASOLINA;39005;MONOXIDO DE CARBONO (CO) RALENTI;0;11692
LIVIANO;AUTOMOVIL 4 TIEMPOS;TAXI;;2011;GASOLINA;39008;RPM EN RALENTI;797;11689
LIVIANO;AUTOMOVIL 4 TIEMPOS;TAXI;;2011;GASOLINA;39501;HIDROCARBUROS NO COMBUSTIONADOS (HC) 250;81;11695
LIVIANO;AUTOMOVIL 4 TIEMPOS;TAXI;;2011;GASOLINA;39503;O2 EN ALTAS RPM;1;11689
LIVIANO;AUTOMOVIL 4 TIEMPOS;TAXI;;2011;GASOLINA;39505;MONOXIDO DE CARBONO (CO) 2500 RPM;0;11706
LIVIANO;AUTOMOVIL 4 TIEMPOS;TAXI;;2011;GASOLINA;39508;RPM EN ALTAS;2493;11555
LIVIANO;AUTOMOVIL 4 TIEMPOS;TAXI;;2012;GASOLINA;1301;ODOMETRO VEHICULO;305058;8509
LIVIANO;AUTOMOVIL 4 TIEMPOS;TAXI;;2012;GASOLINA;39001;HIDROCARBUROS NO COMBUSTIONADOS (HC) RAL;86;5780
LIVIANO;AUTOMOVIL 4 TIEMPOS;TAXI;;2012;GASOLINA;39003;O2 EN BAJAS;0;5784
LIVIANO;AUTOMOVIL 4 TIEMPOS;TAXI;;2012;GASOLINA;39005;MONOXIDO DE CARBONO (CO) RALENTI;0;5780
LIVIANO;AUTOMOVIL 4 TIEMPOS;TAXI;;2012;GASOLINA;39008;RPM EN RALENTI;796;5778
LIVIANO;AUTOMOVIL 4 TIEMPOS;TAXI;;2012;GASOLINA;39501;HIDROCARBUROS NO COMBUSTIONADOS (HC) 250;74;5779
LIVIANO;AUTOMOVIL 4 TIEMPOS;TAXI;;2012;GASOLINA;39503;O2 EN ALTAS RPM;0;5781
LIVIANO;AUTOMOVIL 4 TIEMPOS;TAXI;;2012;GASOLINA;39505;MONOXIDO DE CARBONO (CO) 2500 RPM;0;5785
LIVIANO;AUTOMOVIL 4 TIEMPOS;TAXI;;2012;GASOLINA;39508;RPM EN ALTAS;2492;5696
LIVIANO;AUTOMOVIL 4 TIEMPOS;TAXI;;2013;GASOLINA;1301;ODOMETRO VEHICULO;306658;11227
LIVIANO;AUTOMOVIL 4 TIEMPOS;TAXI;;2013;GASOLINA;39001;HIDROCARBUROS NO COMBUSTIONADOS (HC) RAL;78;7554
LIVIANO;AUTOMOVIL 4 TIEMPOS;TAXI;;2013;GASOLINA;39003;O2 EN BAJAS;0;7560
LIVIANO;AUTOMOVIL 4 TIEMPOS;TAXI;;2013;GASOLINA;39005;MONOXIDO DE CARBONO (CO) RALENTI;0;7554
LIVIANO;AUTOMOVIL 4 TIEMPOS;TAXI;;2013;GASOLINA;39008;RPM EN RALENTI;791;7554
LIVIANO;AUTOMOVIL 4 TIEMPOS;TAXI;;2013;GASOLINA;39501;HIDROCARBUROS NO COMBUSTIONADOS (HC) 250;67;7556
LIVIANO;AUTOMOVIL 4 TIEMPOS;TAXI;;2013;GASOLINA;39503;O2 EN ALTAS RPM;0;7557
LIVIANO;AUTOMOVIL 4 TIEMPOS;TAXI;;2013;GASOLINA;39505;MONOXIDO DE CARBONO (CO) 2500 RPM;0;7560
LIVIANO;AUTOMOVIL 4 TIEMPOS;TAXI;;2013;GASOLINA;39508;RPM EN ALTAS;2490;7434
LIVIANO;AUTOMOVIL 4 TIEMPOS;TAXI;;2014;GASOLINA;1301;ODOMETRO VEHICULO;243804;4219
LIVIANO;AUTOMOVIL 4 TIEMPOS;TAXI;;2014;GASOLINA;39001;HIDROCARBUROS NO COMBUSTIONADOS (HC) RAL;59;2844
LIVIANO;AUTOMOVIL 4 TIEMPOS;TAXI;;2014;GASOLINA;39003;O2 EN BAJAS;0;2844
LIVIANO;AUTOMOVIL 4 TIEMPOS;TAXI;;2014;GASOLINA;39005;MONOXIDO DE CARBONO (CO) RALENTI;0;2844
LIVIANO;AUTOMOVIL 4 TIEMPOS;TAXI;;2014;GASOLINA;39008;RPM EN RALENTI;795;2844
LIVIANO;AUTOMOVIL 4 TIEMPOS;TAXI;;2014;GASOLINA;39501;HIDROCARBUROS NO COMBUSTIONADOS (HC) 250;51;2847
LIVIANO;AUTOMOVIL 4 TIEMPOS;TAXI;;2014;GASOLINA;39503;O2 EN ALTAS RPM;0;2846
LIVIANO;AUTOMOVIL 4 TIEMPOS;TAXI;;2014;GASOLINA;39505;MONOXIDO DE CARBONO (CO) 2500 RPM;0;2845
LIVIANO;AUTOMOVIL 4 TIEMPOS;TAXI;;2014;GASOLINA;39508;RPM EN ALTAS;2495;2778
LIVIANO;AUTOMOVIL 4 TIEMPOS;TAXI;;2015;GASOLINA;1301;ODOMETRO VEHICULO;232346;5619
LIVIANO;AUTOMOVIL 4 TIEMPOS;TAXI;;2015;GASOLINA;39001;HIDROCARBUROS NO COMBUSTIONADOS (HC) RAL;52;3876
LIVIANO;AUTOMOVIL 4 TIEMPOS;TAXI;;2015;GASOLINA;39003;O2 EN BAJAS;0;3879
LIVIANO;AUTOMOVIL 4 TIEMPOS;TAXI;;2015;GASOLINA;39005;MONOXIDO DE CARBONO (CO) RALENTI;0;3877
LIVIANO;AUTOMOVIL 4 TIEMPOS;TAXI;;2015;GASOLINA;39008;RPM EN RALENTI;802;3877
LIVIANO;AUTOMOVIL 4 TIEMPOS;TAXI;;2015;GASOLINA;39501;HIDROCARBUROS NO COMBUSTIONADOS (HC) 250;45;3877
LIVIANO;AUTOMOVIL 4 TIEMPOS;TAXI;;2015;GASOLINA;39503;O2 EN ALTAS RPM;0;3877
LIVIANO;AUTOMOVIL 4 TIEMPOS;TAXI;;2015;GASOLINA;39505;MONOXIDO DE CARBONO (CO) 2500 RPM;0;3877
LIVIANO;AUTOMOVIL 4 TIEMPOS;TAXI;;2015;GASOLINA;39508;RPM EN ALTAS;2494;3797
LIVIANO;AUTOMOVIL 4 TIEMPOS;TAXI;;2016;GASOLINA;1301;ODOMETRO VEHICULO;200670;2477
LIVIANO;AUTOMOVIL 4 TIEMPOS;TAXI;;2016;GASOLINA;39001;HIDROCARBUROS NO COMBUSTIONADOS (HC) RAL;43;1718
LIVIANO;AUTOMOVIL 4 TIEMPOS;TAXI;;2016;GASOLINA;39003;O2 EN BAJAS;0;1718
LIVIANO;AUTOMOVIL 4 TIEMPOS;TAXI;;2016;GASOLINA;39005;MONOXIDO DE CARBONO (CO) RALENTI;0;1718
LIVIANO;AUTOMOVIL 4 TIEMPOS;TAXI;;2016;GASOLINA;39008;RPM EN RALENTI;787;1719
LIVIANO;AUTOMOVIL 4 TIEMPOS;TAXI;;2016;GASOLINA;39501;HIDROCARBUROS NO COMBUSTIONADOS (HC) 250;42;1719
LIVIANO;AUTOMOVIL 4 TIEMPOS;TAXI;;2016;GASOLINA;39503;O2 EN ALTAS RPM;0;1720
LIVIANO;AUTOMOVIL 4 TIEMPOS;TAXI;;2016;GASOLINA;39505;MONOXIDO DE CARBONO (CO) 2500 RPM;0;1720
LIVIANO;AUTOMOVIL 4 TIEMPOS;TAXI;;2016;GASOLINA;39508;RPM EN ALTAS;2500;1677
LIVIANO;AUTOMOVIL 4 TIEMPOS;TAXI;;2017;GASOLINA;1301;ODOMETRO VEHICULO;174130;1843
LIVIANO;AUTOMOVIL 4 TIEMPOS;TAXI;;2017;GASOLINA;39001;HIDROCARBUROS NO COMBUSTIONADOS (HC) RAL;32;1268
LIVIANO;AUTOMOVIL 4 TIEMPOS;TAXI;;2017;GASOLINA;39003;O2 EN BAJAS;0;1268
LIVIANO;AUTOMOVIL 4 TIEMPOS;TAXI;;2017;GASOLINA;39005;MONOXIDO DE CARBONO (CO) RALENTI;0;1268
LIVIANO;AUTOMOVIL 4 TIEMPOS;TAXI;;2017;GASOLINA;39008;RPM EN RALENTI;779;1268
LIVIANO;AUTOMOVIL 4 TIEMPOS;TAXI;;2017;GASOLINA;39501;HIDROCARBUROS NO COMBUSTIONADOS (HC) 250;39;1269
LIVIANO;AUTOMOVIL 4 TIEMPOS;TAXI;;2017;GASOLINA;39503;O2 EN ALTAS RPM;0;1269
LIVIANO;AUTOMOVIL 4 TIEMPOS;TAXI;;2017;GASOLINA;39505;MONOXIDO DE CARBONO (CO) 2500 RPM;0;1269
LIVIANO;AUTOMOVIL 4 TIEMPOS;TAXI;;2017;GASOLINA;39508;RPM EN ALTAS;2493;1238
LIVIANO;AUTOMOVIL 4 TIEMPOS;TAXI;;2018;GASOLINA;1301;ODOMETRO VEHICULO;140343;3100
LIVIANO;AUTOMOVIL 4 TIEMPOS;TAXI;;2018;GASOLINA;39001;HIDROCARBUROS NO COMBUSTIONADOS (HC) RAL;27;2204
LIVIANO;AUTOMOVIL 4 TIEMPOS;TAXI;;2018;GASOLINA;39003;O2 EN BAJAS;0;2204
LIVIANO;AUTOMOVIL 4 TIEMPOS;TAXI;;2018;GASOLINA;39005;MONOXIDO DE CARBONO (CO) RALENTI;0;2204
LIVIANO;AUTOMOVIL 4 TIEMPOS;TAXI;;2018;GASOLINA;39008;RPM EN RALENTI;758;2204
LIVIANO;AUTOMOVIL 4 TIEMPOS;TAXI;;2018;GASOLINA;39501;HIDROCARBUROS NO COMBUSTIONADOS (HC) 250;27;2204
LIVIANO;AUTOMOVIL 4 TIEMPOS;TAXI;;2018;GASOLINA;39503;O2 EN ALTAS RPM;0;2204
LIVIANO;AUTOMOVIL 4 TIEMPOS;TAXI;;2018;GASOLINA;39505;MONOXIDO DE CARBONO (CO) 2500 RPM;0;2204
LIVIANO;AUTOMOVIL 4 TIEMPOS;TAXI;;2018;GASOLINA;39508;RPM EN ALTAS;2491;2145
LIVIANO;AUTOMOVIL 4 TIEMPOS;TAXI;;2019;DIESEL;1301;ODOMETRO VEHICULO;36769;4
LIVIANO;AUTOMOVIL 4 TIEMPOS;TAXI;;2019;DIESEL;38501;OPACIDAD - VEHI. DIE;19;3
LIVIANO;AUTOMOVIL 4 TIEMPOS;TAXI;;2019;GASOLINA;1301;ODOMETRO VEHICULO;111592;1578
LIVIANO;AUTOMOVIL 4 TIEMPOS;TAXI;;2019;GASOLINA;39001;HIDROCARBUROS NO COMBUSTIONADOS (HC) RAL;24;1123
LIVIANO;AUTOMOVIL 4 TIEMPOS;TAXI;;2019;GASOLINA;39003;O2 EN BAJAS;0;1123
LIVIANO;AUTOMOVIL 4 TIEMPOS;TAXI;;2019;GASOLINA;39005;MONOXIDO DE CARBONO (CO) RALENTI;0;1123
LIVIANO;AUTOMOVIL 4 TIEMPOS;TAXI;;2019;GASOLINA;39008;RPM EN RALENTI;764;1123
LIVIANO;AUTOMOVIL 4 TIEMPOS;TAXI;;2019;GASOLINA;39501;HIDROCARBUROS NO COMBUSTIONADOS (HC) 250;25;1123
LIVIANO;AUTOMOVIL 4 TIEMPOS;TAXI;;2019;GASOLINA;39503;O2 EN ALTAS RPM;0;1123
LIVIANO;AUTOMOVIL 4 TIEMPOS;TAXI;;2019;GASOLINA;39505;MONOXIDO DE CARBONO (CO) 2500 RPM;0;1123
LIVIANO;AUTOMOVIL 4 TIEMPOS;TAXI;;2019;GASOLINA;39508;RPM EN ALTAS;2492;1094
LIVIANO;AUTOMOVIL 4 TIEMPOS;TAXI;;2020;DIESEL;1301;ODOMETRO VEHICULO;110268;2
LIVIANO;AUTOMOVIL 4 TIEMPOS;TAXI;;2020;DIESEL;38501;OPACIDAD - VEHI. DIE;35;2
LIVIANO;AUTOMOVIL 4 TIEMPOS;TAXI;;2020;GASOLINA;1301;ODOMETRO VEHICULO;95731;286
LIVIANO;AUTOMOVIL 4 TIEMPOS;TAXI;;2020;GASOLINA;39001;HIDROCARBUROS NO COMBUSTIONADOS (HC) RAL;38;207
LIVIANO;AUTOMOVIL 4 TIEMPOS;TAXI;;2020;GASOLINA;39003;O2 EN BAJAS;0;207
LIVIANO;AUTOMOVIL 4 TIEMPOS;TAXI;;2020;GASOLINA;39005;MONOXIDO DE CARBONO (CO) RALENTI;0;207
LIVIANO;AUTOMOVIL 4 TIEMPOS;TAXI;;2020;GASOLINA;39008;RPM EN RALENTI;724;207
LIVIANO;AUTOMOVIL 4 TIEMPOS;TAXI;;2020;GASOLINA;39501;HIDROCARBUROS NO COMBUSTIONADOS (HC) 250;31;207
LIVIANO;AUTOMOVIL 4 TIEMPOS;TAXI;;2020;GASOLINA;39503;O2 EN ALTAS RPM;0;207
LIVIANO;AUTOMOVIL 4 TIEMPOS;TAXI;;2020;GASOLINA;39505;MONOXIDO DE CARBONO (CO) 2500 RPM;0;207
LIVIANO;AUTOMOVIL 4 TIEMPOS;TAXI;;2020;GASOLINA;39508;RPM EN ALTAS;2476;197
LIVIANO;AUTOMOVIL 4 TIEMPOS;TAXI;;2021;GASOLINA;1301;ODOMETRO VEHICULO;74692;64
LIVIANO;AUTOMOVIL 4 TIEMPOS;TAXI;;2021;GASOLINA;39001;HIDROCARBUROS NO COMBUSTIONADOS (HC) RAL;16;43
LIVIANO;AUTOMOVIL 4 TIEMPOS;TAXI;;2021;GASOLINA;39003;O2 EN BAJAS;0;43
LIVIANO;AUTOMOVIL 4 TIEMPOS;TAXI;;2021;GASOLINA;39005;MONOXIDO DE CARBONO (CO) RALENTI;0;43
LIVIANO;AUTOMOVIL 4 TIEMPOS;TAXI;;2021;GASOLINA;39008;RPM EN RALENTI;741;43
LIVIANO;AUTOMOVIL 4 TIEMPOS;TAXI;;2021;GASOLINA;39501;HIDROCARBUROS NO COMBUSTIONADOS (HC) 250;18;43
LIVIANO;AUTOMOVIL 4 TIEMPOS;TAXI;;2021;GASOLINA;39503;O2 EN ALTAS RPM;0;43
LIVIANO;AUTOMOVIL 4 TIEMPOS;TAXI;;2021;GASOLINA;39505;MONOXIDO DE CARBONO (CO) 2500 RPM;0;43
LIVIANO;AUTOMOVIL 4 TIEMPOS;TAXI;;2021;GASOLINA;39508;RPM EN ALTAS;2477;43
LIVIANO;AUTOMOVIL 4 TIEMPOS;TAXI;;2022;GASOLINA;1301;ODOMETRO VEHICULO;57008;76
LIVIANO;AUTOMOVIL 4 TIEMPOS;TAXI;;2022;GASOLINA;39001;HIDROCARBUROS NO COMBUSTIONADOS (HC) RAL;26;51
LIVIANO;AUTOMOVIL 4 TIEMPOS;TAXI;;2022;GASOLINA;39003;O2 EN BAJAS;0;51
LIVIANO;AUTOMOVIL 4 TIEMPOS;TAXI;;2022;GASOLINA;39005;MONOXIDO DE CARBONO (CO) RALENTI;0;51
LIVIANO;AUTOMOVIL 4 TIEMPOS;TAXI;;2022;GASOLINA;39008;RPM EN RALENTI;727;51
LIVIANO;AUTOMOVIL 4 TIEMPOS;TAXI;;2022;GASOLINA;39501;HIDROCARBUROS NO COMBUSTIONADOS (HC) 250;25;51
LIVIANO;AUTOMOVIL 4 TIEMPOS;TAXI;;2022;GASOLINA;39503;O2 EN ALTAS RPM;0;51
LIVIANO;AUTOMOVIL 4 TIEMPOS;TAXI;;2022;GASOLINA;39505;MONOXIDO DE CARBONO (CO) 2500 RPM;0;51
LIVIANO;AUTOMOVIL 4 TIEMPOS;TAXI;;2022;GASOLINA;39508;RPM EN ALTAS;2455;48
LIVIANO;AUTOMOVIL 4 TIEMPOS;TAXI;;2023;GASOLINA;1301;ODOMETRO VEHICULO;46114;96
LIVIANO;AUTOMOVIL 4 TIEMPOS;TAXI;;2023;GASOLINA;39001;HIDROCARBUROS NO COMBUSTIONADOS (HC) RAL;27;63
LIVIANO;AUTOMOVIL 4 TIEMPOS;TAXI;;2023;GASOLINA;39003;O2 EN BAJAS;0;63
LIVIANO;AUTOMOVIL 4 TIEMPOS;TAXI;;2023;GASOLINA;39005;MONOXIDO DE CARBONO (CO) RALENTI;0;63
LIVIANO;AUTOMOVIL 4 TIEMPOS;TAXI;;2023;GASOLINA;39008;RPM EN RALENTI;720;63
LIVIANO;AUTOMOVIL 4 TIEMPOS;TAXI;;2023;GASOLINA;39501;HIDROCARBUROS NO COMBUSTIONADOS (HC) 250;25;63
LIVIANO;AUTOMOVIL 4 TIEMPOS;TAXI;;2023;GASOLINA;39503;O2 EN ALTAS RPM;0;63
LIVIANO;AUTOMOVIL 4 TIEMPOS;TAXI;;2023;GASOLINA;39505;MONOXIDO DE CARBONO (CO) 2500 RPM;0;63
LIVIANO;AUTOMOVIL 4 TIEMPOS;TAXI;;2023;GASOLINA;39508;RPM EN ALTAS;2479;63
LIVIANO;AUTOMOVIL 4 TIEMPOS;TAXI;;2024;DIESEL;1301;ODOMETRO VEHICULO;5994;2
LIVIANO;AUTOMOVIL 4 TIEMPOS;TAXI;;2024;DIESEL;38501;OPACIDAD - VEHI. DIE;0;2
LIVIANO;AUTOMOVIL 4 TIEMPOS;TAXI;;2024;GASOLINA;1301;ODOMETRO VEHICULO;16639;133
LIVIANO;AUTOMOVIL 4 TIEMPOS;TAXI;;2024;GASOLINA;39001;HIDROCARBUROS NO COMBUSTIONADOS (HC) RAL;21;95
LIVIANO;AUTOMOVIL 4 TIEMPOS;TAXI;;2024;GASOLINA;39003;O2 EN BAJAS;0;95
LIVIANO;AUTOMOVIL 4 TIEMPOS;TAXI;;2024;GASOLINA;39005;MONOXIDO DE CARBONO (CO) RALENTI;0;95
LIVIANO;AUTOMOVIL 4 TIEMPOS;TAXI;;2024;GASOLINA;39008;RPM EN RALENTI;660;95
LIVIANO;AUTOMOVIL 4 TIEMPOS;TAXI;;2024;GASOLINA;39501;HIDROCARBUROS NO COMBUSTIONADOS (HC) 250;14;95
LIVIANO;AUTOMOVIL 4 TIEMPOS;TAXI;;2024;GASOLINA;39503;O2 EN ALTAS RPM;0;95
LIVIANO;AUTOMOVIL 4 TIEMPOS;TAXI;;2024;GASOLINA;39505;MONOXIDO DE CARBONO (CO) 2500 RPM;0;95
LIVIANO;AUTOMOVIL 4 TIEMPOS;TAXI;;2024;GASOLINA;39508;RPM EN ALTAS;2462;91
LIVIANO;AUTOMOVIL 4 TIEMPOS;TAXI;;2025;GASOLINA;1301;ODOMETRO VEHICULO;6296;9
LIVIANO;AUTOMOVIL 4 TIEMPOS;TAXI;;2025;GASOLINA;39001;HIDROCARBUROS NO COMBUSTIONADOS (HC) RAL;8;7
LIVIANO;AUTOMOVIL 4 TIEMPOS;TAXI;;2025;GASOLINA;39003;O2 EN BAJAS;1;7
LIVIANO;AUTOMOVIL 4 TIEMPOS;TAXI;;2025;GASOLINA;39005;MONOXIDO DE CARBONO (CO) RALENTI;0;7
LIVIANO;AUTOMOVIL 4 TIEMPOS;TAXI;;2025;GASOLINA;39008;RPM EN RALENTI;620;7
LIVIANO;AUTOMOVIL 4 TIEMPOS;TAXI;;2025;GASOLINA;39501;HIDROCARBUROS NO COMBUSTIONADOS (HC) 250;13;7
LIVIANO;AUTOMOVIL 4 TIEMPOS;TAXI;;2025;GASOLINA;39503;O2 EN ALTAS RPM;0;7
LIVIANO;AUTOMOVIL 4 TIEMPOS;TAXI;;2025;GASOLINA;39505;MONOXIDO DE CARBONO (CO) 2500 RPM;0;7
LIVIANO;AUTOMOVIL 4 TIEMPOS;TAXI;;2025;GASOLINA;39508;RPM EN ALTAS;2431;7
LIVIANO;AUTOMOVIL 4 TIEMPOS;TAXI;CONVE.PARROQUI.RURAL;2001;GASOLINA;1301;ODOMETRO VEHICULO;540108;3
LIVIANO;AUTOMOVIL 4 TIEMPOS;TAXI;CONVE.PARROQUI.RURAL;2001;GASOLINA;39001;HIDROCARBUROS NO COMBUSTIONADOS (HC) RAL;144;2
LIVIANO;AUTOMOVIL 4 TIEMPOS;TAXI;CONVE.PARROQUI.RURAL;2001;GASOLINA;39003;O2 EN BAJAS;2;3
LIVIANO;AUTOMOVIL 4 TIEMPOS;TAXI;CONVE.PARROQUI.RURAL;2001;GASOLINA;39005;MONOXIDO DE CARBONO (CO) RALENTI;0;2
LIVIANO;AUTOMOVIL 4 TIEMPOS;TAXI;CONVE.PARROQUI.RURAL;2001;GASOLINA;39008;RPM EN RALENTI;915;2
LIVIANO;AUTOMOVIL 4 TIEMPOS;TAXI;CONVE.PARROQUI.RURAL;2001;GASOLINA;39501;HIDROCARBUROS NO COMBUSTIONADOS (HC) 250;187;2
LIVIANO;AUTOMOVIL 4 TIEMPOS;TAXI;CONVE.PARROQUI.RURAL;2001;GASOLINA;39503;O2 EN ALTAS RPM;0;2
LIVIANO;AUTOMOVIL 4 TIEMPOS;TAXI;CONVE.PARROQUI.RURAL;2001;GASOLINA;39505;MONOXIDO DE CARBONO (CO) 2500 RPM;1;2
LIVIANO;AUTOMOVIL 4 TIEMPOS;TAXI;CONVE.PARROQUI.RURAL;2001;GASOLINA;39508;RPM EN ALTAS;2575;2
LIVIANO;AUTOMOVIL 4 TIEMPOS;TAXI;CONVE.PARROQUI.RURAL;2002;GASOLINA;1301;ODOMETRO VEHICULO;620661;12
LIVIANO;AUTOMOVIL 4 TIEMPOS;TAXI;CONVE.PARROQUI.RURAL;2002;GASOLINA;39001;HIDROCARBUROS NO COMBUSTIONADOS (HC) RAL;335;11
LIVIANO;AUTOMOVIL 4 TIEMPOS;TAXI;CONVE.PARROQUI.RURAL;2002;GASOLINA;39003;O2 EN BAJAS;1;11
LIVIANO;AUTOMOVIL 4 TIEMPOS;TAXI;CONVE.PARROQUI.RURAL;2002;GASOLINA;39005;MONOXIDO DE CARBONO (CO) RALENTI;0;11
LIVIANO;AUTOMOVIL 4 TIEMPOS;TAXI;CONVE.PARROQUI.RURAL;2002;GASOLINA;39008;RPM EN RALENTI;880;11
LIVIANO;AUTOMOVIL 4 TIEMPOS;TAXI;CONVE.PARROQUI.RURAL;2002;GASOLINA;39501;HIDROCARBUROS NO COMBUSTIONADOS (HC) 250;647;11
LIVIANO;AUTOMOVIL 4 TIEMPOS;TAXI;CONVE.PARROQUI.RURAL;2002;GASOLINA;39503;O2 EN ALTAS RPM;1;11
LIVIANO;AUTOMOVIL 4 TIEMPOS;TAXI;CONVE.PARROQUI.RURAL;2002;GASOLINA;39505;MONOXIDO DE CARBONO (CO) 2500 RPM;1;11
LIVIANO;AUTOMOVIL 4 TIEMPOS;TAXI;CONVE.PARROQUI.RURAL;2002;GASOLINA;39508;RPM EN ALTAS;2485;11
LIVIANO;AUTOMOVIL 4 TIEMPOS;TAXI;CONVE.PARROQUI.RURAL;2003;GASOLINA;1301;ODOMETRO VEHICULO;270433;25
LIVIANO;AUTOMOVIL 4 TIEMPOS;TAXI;CONVE.PARROQUI.RURAL;2003;GASOLINA;39001;HIDROCARBUROS NO COMBUSTIONADOS (HC) RAL;227;18
LIVIANO;AUTOMOVIL 4 TIEMPOS;TAXI;CONVE.PARROQUI.RURAL;2003;GASOLINA;39003;O2 EN BAJAS;1;18
LIVIANO;AUTOMOVIL 4 TIEMPOS;TAXI;CONVE.PARROQUI.RURAL;2003;GASOLINA;39005;MONOXIDO DE CARBONO (CO) RALENTI;1;18
LIVIANO;AUTOMOVIL 4 TIEMPOS;TAXI;CONVE.PARROQUI.RURAL;2003;GASOLINA;39008;RPM EN RALENTI;901;18
LIVIANO;AUTOMOVIL 4 TIEMPOS;TAXI;CONVE.PARROQUI.RURAL;2003;GASOLINA;39501;HIDROCARBUROS NO COMBUSTIONADOS (HC) 250;105;18
LIVIANO;AUTOMOVIL 4 TIEMPOS;TAXI;CONVE.PARROQUI.RURAL;2003;GASOLINA;39503;O2 EN ALTAS RPM;1;18
LIVIANO;AUTOMOVIL 4 TIEMPOS;TAXI;CONVE.PARROQUI.RURAL;2003;GASOLINA;39505;MONOXIDO DE CARBONO (CO) 2500 RPM;0;19
LIVIANO;AUTOMOVIL 4 TIEMPOS;TAXI;CONVE.PARROQUI.RURAL;2003;GASOLINA;39508;RPM EN ALTAS;2493;18
LIVIANO;AUTOMOVIL 4 TIEMPOS;TAXI;CONVE.PARROQUI.RURAL;2004;GASOLINA;1301;ODOMETRO VEHICULO;601270;81
LIVIANO;AUTOMOVIL 4 TIEMPOS;TAXI;CONVE.PARROQUI.RURAL;2004;GASOLINA;39001;HIDROCARBUROS NO COMBUSTIONADOS (HC) RAL;155;51
LIVIANO;AUTOMOVIL 4 TIEMPOS;TAXI;CONVE.PARROQUI.RURAL;2004;GASOLINA;39003;O2 EN BAJAS;1;51
LIVIANO;AUTOMOVIL 4 TIEMPOS;TAXI;CONVE.PARROQUI.RURAL;2004;GASOLINA;39005;MONOXIDO DE CARBONO (CO) RALENTI;0;52
LIVIANO;AUTOMOVIL 4 TIEMPOS;TAXI;CONVE.PARROQUI.RURAL;2004;GASOLINA;39008;RPM EN RALENTI;849;51
LIVIANO;AUTOMOVIL 4 TIEMPOS;TAXI;CONVE.PARROQUI.RURAL;2004;GASOLINA;39501;HIDROCARBUROS NO COMBUSTIONADOS (HC) 250;129;51
LIVIANO;AUTOMOVIL 4 TIEMPOS;TAXI;CONVE.PARROQUI.RURAL;2004;GASOLINA;39503;O2 EN ALTAS RPM;2;51
LIVIANO;AUTOMOVIL 4 TIEMPOS;TAXI;CONVE.PARROQUI.RURAL;2004;GASOLINA;39505;MONOXIDO DE CARBONO (CO) 2500 RPM;0;52
LIVIANO;AUTOMOVIL 4 TIEMPOS;TAXI;CONVE.PARROQUI.RURAL;2004;GASOLINA;39508;RPM EN ALTAS;2488;51
LIVIANO;AUTOMOVIL 4 TIEMPOS;TAXI;CONVE.PARROQUI.RURAL;2005;GASOLINA;1301;ODOMETRO VEHICULO;431359;213
LIVIANO;AUTOMOVIL 4 TIEMPOS;TAXI;CONVE.PARROQUI.RURAL;2005;GASOLINA;39001;HIDROCARBUROS NO COMBUSTIONADOS (HC) RAL;197;151
LIVIANO;AUTOMOVIL 4 TIEMPOS;TAXI;CONVE.PARROQUI.RURAL;2005;GASOLINA;39003;O2 EN BAJAS;1;151
LIVIANO;AUTOMOVIL 4 TIEMPOS;TAXI;CONVE.PARROQUI.RURAL;2005;GASOLINA;39005;MONOXIDO DE CARBONO (CO) RALENTI;0;154
LIVIANO;AUTOMOVIL 4 TIEMPOS;TAXI;CONVE.PARROQUI.RURAL;2005;GASOLINA;39008;RPM EN RALENTI;833;151
LIVIANO;AUTOMOVIL 4 TIEMPOS;TAXI;CONVE.PARROQUI.RURAL;2005;GASOLINA;39501;HIDROCARBUROS NO COMBUSTIONADOS (HC) 250;149;151
LIVIANO;AUTOMOVIL 4 TIEMPOS;TAXI;CONVE.PARROQUI.RURAL;2005;GASOLINA;39503;O2 EN ALTAS RPM;1;153
LIVIANO;AUTOMOVIL 4 TIEMPOS;TAXI;CONVE.PARROQUI.RURAL;2005;GASOLINA;39505;MONOXIDO DE CARBONO (CO) 2500 RPM;0;153
LIVIANO;AUTOMOVIL 4 TIEMPOS;TAXI;CONVE.PARROQUI.RURAL;2005;GASOLINA;39508;RPM EN ALTAS;2487;151
LIVIANO;AUTOMOVIL 4 TIEMPOS;TAXI;CONVE.PARROQUI.RURAL;2006;DIESEL;1301;ODOMETRO VEHICULO;664886;2
LIVIANO;AUTOMOVIL 4 TIEMPOS;TAXI;CONVE.PARROQUI.RURAL;2006;DIESEL;38501;OPACIDAD - VEHI. DIE;4;1
LIVIANO;AUTOMOVIL 4 TIEMPOS;TAXI;CONVE.PARROQUI.RURAL;2006;GASOLINA;1301;ODOMETRO VEHICULO;468512;202
LIVIANO;AUTOMOVIL 4 TIEMPOS;TAXI;CONVE.PARROQUI.RURAL;2006;GASOLINA;39001;HIDROCARBUROS NO COMBUSTIONADOS (HC) RAL;170;135
LIVIANO;AUTOMOVIL 4 TIEMPOS;TAXI;CONVE.PARROQUI.RURAL;2006;GASOLINA;39003;O2 EN BAJAS;1;137
LIVIANO;AUTOMOVIL 4 TIEMPOS;TAXI;CONVE.PARROQUI.RURAL;2006;GASOLINA;39005;MONOXIDO DE CARBONO (CO) RALENTI;0;134
LIVIANO;AUTOMOVIL 4 TIEMPOS;TAXI;CONVE.PARROQUI.RURAL;2006;GASOLINA;39008;RPM EN RALENTI;829;134
LIVIANO;AUTOMOVIL 4 TIEMPOS;TAXI;CONVE.PARROQUI.RURAL;2006;GASOLINA;39501;HIDROCARBUROS NO COMBUSTIONADOS (HC) 250;122;134
LIVIANO;AUTOMOVIL 4 TIEMPOS;TAXI;CONVE.PARROQUI.RURAL;2006;GASOLINA;39503;O2 EN ALTAS RPM;1;136
LIVIANO;AUTOMOVIL 4 TIEMPOS;TAXI;CONVE.PARROQUI.RURAL;2006;GASOLINA;39505;MONOXIDO DE CARBONO (CO) 2500 RPM;0;135
LIVIANO;AUTOMOVIL 4 TIEMPOS;TAXI;CONVE.PARROQUI.RURAL;2006;GASOLINA;39508;RPM EN ALTAS;2495;134
LIVIANO;AUTOMOVIL 4 TIEMPOS;TAXI;CONVE.PARROQUI.RURAL;2007;GASOLINA;1301;ODOMETRO VEHICULO;514064;229
LIVIANO;AUTOMOVIL 4 TIEMPOS;TAXI;CONVE.PARROQUI.RURAL;2007;GASOLINA;39001;HIDROCARBUROS NO COMBUSTIONADOS (HC) RAL;215;167
LIVIANO;AUTOMOVIL 4 TIEMPOS;TAXI;CONVE.PARROQUI.RURAL;2007;GASOLINA;39003;O2 EN BAJAS;1;166
LIVIANO;AUTOMOVIL 4 TIEMPOS;TAXI;CONVE.PARROQUI.RURAL;2007;GASOLINA;39005;MONOXIDO DE CARBONO (CO) RALENTI;0;167
LIVIANO;AUTOMOVIL 4 TIEMPOS;TAXI;CONVE.PARROQUI.RURAL;2007;GASOLINA;39008;RPM EN RALENTI;818;166
LIVIANO;AUTOMOVIL 4 TIEMPOS;TAXI;CONVE.PARROQUI.RURAL;2007;GASOLINA;39501;HIDROCARBUROS NO COMBUSTIONADOS (HC) 250;142;166
LIVIANO;AUTOMOVIL 4 TIEMPOS;TAXI;CONVE.PARROQUI.RURAL;2007;GASOLINA;39503;O2 EN ALTAS RPM;1;166
LIVIANO;AUTOMOVIL 4 TIEMPOS;TAXI;CONVE.PARROQUI.RURAL;2007;GASOLINA;39505;MONOXIDO DE CARBONO (CO) 2500 RPM;1;167
LIVIANO;AUTOMOVIL 4 TIEMPOS;TAXI;CONVE.PARROQUI.RURAL;2007;GASOLINA;39508;RPM EN ALTAS;2496;166
LIVIANO;AUTOMOVIL 4 TIEMPOS;TAXI;CONVE.PARROQUI.RURAL;2008;GASOLINA;1301;ODOMETRO VEHICULO;507108;435
LIVIANO;AUTOMOVIL 4 TIEMPOS;TAXI;CONVE.PARROQUI.RURAL;2008;GASOLINA;39001;HIDROCARBUROS NO COMBUSTIONADOS (HC) RAL;123;285
LIVIANO;AUTOMOVIL 4 TIEMPOS;TAXI;CONVE.PARROQUI.RURAL;2008;GASOLINA;39003;O2 EN BAJAS;1;286
LIVIANO;AUTOMOVIL 4 TIEMPOS;TAXI;CONVE.PARROQUI.RURAL;2008;GASOLINA;39005;MONOXIDO DE CARBONO (CO) RALENTI;0;286
LIVIANO;AUTOMOVIL 4 TIEMPOS;TAXI;CONVE.PARROQUI.RURAL;2008;GASOLINA;39008;RPM EN RALENTI;814;285
LIVIANO;AUTOMOVIL 4 TIEMPOS;TAXI;CONVE.PARROQUI.RURAL;2008;GASOLINA;39501;HIDROCARBUROS NO COMBUSTIONADOS (HC) 250;87;285
LIVIANO;AUTOMOVIL 4 TIEMPOS;TAXI;CONVE.PARROQUI.RURAL;2008;GASOLINA;39503;O2 EN ALTAS RPM;1;285
LIVIANO;AUTOMOVIL 4 TIEMPOS;TAXI;CONVE.PARROQUI.RURAL;2008;GASOLINA;39505;MONOXIDO DE CARBONO (CO) 2500 RPM;0;285
LIVIANO;AUTOMOVIL 4 TIEMPOS;TAXI;CONVE.PARROQUI.RURAL;2008;GASOLINA;39508;RPM EN ALTAS;2497;285
LIVIANO;AUTOMOVIL 4 TIEMPOS;TAXI;CONVE.PARROQUI.RURAL;2009;GASOLINA;1301;ODOMETRO VEHICULO;438133;805
LIVIANO;AUTOMOVIL 4 TIEMPOS;TAXI;CONVE.PARROQUI.RURAL;2009;GASOLINA;39001;HIDROCARBUROS NO COMBUSTIONADOS (HC) RAL;144;583
LIVIANO;AUTOMOVIL 4 TIEMPOS;TAXI;CONVE.PARROQUI.RURAL;2009;GASOLINA;39003;O2 EN BAJAS;1;582
LIVIANO;AUTOMOVIL 4 TIEMPOS;TAXI;CONVE.PARROQUI.RURAL;2009;GASOLINA;39005;MONOXIDO DE CARBONO (CO) RALENTI;0;581
LIVIANO;AUTOMOVIL 4 TIEMPOS;TAXI;CONVE.PARROQUI.RURAL;2009;GASOLINA;39008;RPM EN RALENTI;803;580
LIVIANO;AUTOMOVIL 4 TIEMPOS;TAXI;CONVE.PARROQUI.RURAL;2009;GASOLINA;39501;HIDROCARBUROS NO COMBUSTIONADOS (HC) 250;127;586
LIVIANO;AUTOMOVIL 4 TIEMPOS;TAXI;CONVE.PARROQUI.RURAL;2009;GASOLINA;39503;O2 EN ALTAS RPM;1;580
LIVIANO;AUTOMOVIL 4 TIEMPOS;TAXI;CONVE.PARROQUI.RURAL;2009;GASOLINA;39505;MONOXIDO DE CARBONO (CO) 2500 RPM;0;586
LIVIANO;AUTOMOVIL 4 TIEMPOS;TAXI;CONVE.PARROQUI.RURAL;2009;GASOLINA;39508;RPM EN ALTAS;2497;580
LIVIANO;AUTOMOVIL 4 TIEMPOS;TAXI;CONVE.PARROQUI.RURAL;2010;GASOLINA;1301;ODOMETRO VEHICULO;402073;818
LIVIANO;AUTOMOVIL 4 TIEMPOS;TAXI;CONVE.PARROQUI.RURAL;2010;GASOLINA;39001;HIDROCARBUROS NO COMBUSTIONADOS (HC) RAL;125;570
LIVIANO;AUTOMOVIL 4 TIEMPOS;TAXI;CONVE.PARROQUI.RURAL;2010;GASOLINA;39003;O2 EN BAJAS;1;575
LIVIANO;AUTOMOVIL 4 TIEMPOS;TAXI;CONVE.PARROQUI.RURAL;2010;GASOLINA;39005;MONOXIDO DE CARBONO (CO) RALENTI;0;569
LIVIANO;AUTOMOVIL 4 TIEMPOS;TAXI;CONVE.PARROQUI.RURAL;2010;GASOLINA;39008;RPM EN RALENTI;799;567
LIVIANO;AUTOMOVIL 4 TIEMPOS;TAXI;CONVE.PARROQUI.RURAL;2010;GASOLINA;39501;HIDROCARBUROS NO COMBUSTIONADOS (HC) 250;87;568
LIVIANO;AUTOMOVIL 4 TIEMPOS;TAXI;CONVE.PARROQUI.RURAL;2010;GASOLINA;39503;O2 EN ALTAS RPM;1;569
LIVIANO;AUTOMOVIL 4 TIEMPOS;TAXI;CONVE.PARROQUI.RURAL;2010;GASOLINA;39505;MONOXIDO DE CARBONO (CO) 2500 RPM;0;570
LIVIANO;AUTOMOVIL 4 TIEMPOS;TAXI;CONVE.PARROQUI.RURAL;2010;GASOLINA;39508;RPM EN ALTAS;2498;567
LIVIANO;AUTOMOVIL 4 TIEMPOS;TAXI;CONVE.PARROQUI.RURAL;2011;GASOLINA;1301;ODOMETRO VEHICULO;325725;1176
LIVIANO;AUTOMOVIL 4 TIEMPOS;TAXI;CONVE.PARROQUI.RURAL;2011;GASOLINA;39001;HIDROCARBUROS NO COMBUSTIONADOS (HC) RAL;124;858
LIVIANO;AUTOMOVIL 4 TIEMPOS;TAXI;CONVE.PARROQUI.RURAL;2011;GASOLINA;39003;O2 EN BAJAS;1;854
LIVIANO;AUTOMOVIL 4 TIEMPOS;TAXI;CONVE.PARROQUI.RURAL;2011;GASOLINA;39005;MONOXIDO DE CARBONO (CO) RALENTI;0;854
LIVIANO;AUTOMOVIL 4 TIEMPOS;TAXI;CONVE.PARROQUI.RURAL;2011;GASOLINA;39008;RPM EN RALENTI;798;853
LIVIANO;AUTOMOVIL 4 TIEMPOS;TAXI;CONVE.PARROQUI.RURAL;2011;GASOLINA;39501;HIDROCARBUROS NO COMBUSTIONADOS (HC) 250;96;857
LIVIANO;AUTOMOVIL 4 TIEMPOS;TAXI;CONVE.PARROQUI.RURAL;2011;GASOLINA;39503;O2 EN ALTAS RPM;1;853
LIVIANO;AUTOMOVIL 4 TIEMPOS;TAXI;CONVE.PARROQUI.RURAL;2011;GASOLINA;39505;MONOXIDO DE CARBONO (CO) 2500 RPM;0;857
LIVIANO;AUTOMOVIL 4 TIEMPOS;TAXI;CONVE.PARROQUI.RURAL;2011;GASOLINA;39508;RPM EN ALTAS;2500;853
LIVIANO;AUTOMOVIL 4 TIEMPOS;TAXI;CONVE.PARROQUI.RURAL;2012;GASOLINA;1301;ODOMETRO VEHICULO;296162;381
LIVIANO;AUTOMOVIL 4 TIEMPOS;TAXI;CONVE.PARROQUI.RURAL;2012;GASOLINA;39001;HIDROCARBUROS NO COMBUSTIONADOS (HC) RAL;85;273
LIVIANO;AUTOMOVIL 4 TIEMPOS;TAXI;CONVE.PARROQUI.RURAL;2012;GASOLINA;39003;O2 EN BAJAS;0;272
LIVIANO;AUTOMOVIL 4 TIEMPOS;TAXI;CONVE.PARROQUI.RURAL;2012;GASOLINA;39005;MONOXIDO DE CARBONO (CO) RALENTI;0;273
LIVIANO;AUTOMOVIL 4 TIEMPOS;TAXI;CONVE.PARROQUI.RURAL;2012;GASOLINA;39008;RPM EN RALENTI;775;272
LIVIANO;AUTOMOVIL 4 TIEMPOS;TAXI;CONVE.PARROQUI.RURAL;2012;GASOLINA;39501;HIDROCARBUROS NO COMBUSTIONADOS (HC) 250;68;273
LIVIANO;AUTOMOVIL 4 TIEMPOS;TAXI;CONVE.PARROQUI.RURAL;2012;GASOLINA;39503;O2 EN ALTAS RPM;0;272
LIVIANO;AUTOMOVIL 4 TIEMPOS;TAXI;CONVE.PARROQUI.RURAL;2012;GASOLINA;39505;MONOXIDO DE CARBONO (CO) 2500 RPM;0;272
LIVIANO;AUTOMOVIL 4 TIEMPOS;TAXI;CONVE.PARROQUI.RURAL;2012;GASOLINA;39508;RPM EN ALTAS;2490;272
LIVIANO;AUTOMOVIL 4 TIEMPOS;TAXI;CONVE.PARROQUI.RURAL;2013;GASOLINA;1301;ODOMETRO VEHICULO;232426;289
LIVIANO;AUTOMOVIL 4 TIEMPOS;TAXI;CONVE.PARROQUI.RURAL;2013;GASOLINA;39001;HIDROCARBUROS NO COMBUSTIONADOS (HC) RAL;81;205
LIVIANO;AUTOMOVIL 4 TIEMPOS;TAXI;CONVE.PARROQUI.RURAL;2013;GASOLINA;39003;O2 EN BAJAS;0;206
LIVIANO;AUTOMOVIL 4 TIEMPOS;TAXI;CONVE.PARROQUI.RURAL;2013;GASOLINA;39005;MONOXIDO DE CARBONO (CO) RALENTI;0;205
LIVIANO;AUTOMOVIL 4 TIEMPOS;TAXI;CONVE.PARROQUI.RURAL;2013;GASOLINA;39008;RPM EN RALENTI;791;205
LIVIANO;AUTOMOVIL 4 TIEMPOS;TAXI;CONVE.PARROQUI.RURAL;2013;GASOLINA;39501;HIDROCARBUROS NO COMBUSTIONADOS (HC) 250;67;206
LIVIANO;AUTOMOVIL 4 TIEMPOS;TAXI;CONVE.PARROQUI.RURAL;2013;GASOLINA;39503;O2 EN ALTAS RPM;0;205
LIVIANO;AUTOMOVIL 4 TIEMPOS;TAXI;CONVE.PARROQUI.RURAL;2013;GASOLINA;39505;MONOXIDO DE CARBONO (CO) 2500 RPM;0;206
LIVIANO;AUTOMOVIL 4 TIEMPOS;TAXI;CONVE.PARROQUI.RURAL;2013;GASOLINA;39508;RPM EN ALTAS;2485;203
LIVIANO;AUTOMOVIL 4 TIEMPOS;TAXI;CONVE.PARROQUI.RURAL;2014;GASOLINA;1301;ODOMETRO VEHICULO;175890;96
LIVIANO;AUTOMOVIL 4 TIEMPOS;TAXI;CONVE.PARROQUI.RURAL;2014;GASOLINA;39001;HIDROCARBUROS NO COMBUSTIONADOS (HC) RAL;89;64
LIVIANO;AUTOMOVIL 4 TIEMPOS;TAXI;CONVE.PARROQUI.RURAL;2014;GASOLINA;39003;O2 EN BAJAS;1;64
LIVIANO;AUTOMOVIL 4 TIEMPOS;TAXI;CONVE.PARROQUI.RURAL;2014;GASOLINA;39005;MONOXIDO DE CARBONO (CO) RALENTI;0;64
LIVIANO;AUTOMOVIL 4 TIEMPOS;TAXI;CONVE.PARROQUI.RURAL;2014;GASOLINA;39008;RPM EN RALENTI;748;64
LIVIANO;AUTOMOVIL 4 TIEMPOS;TAXI;CONVE.PARROQUI.RURAL;2014;GASOLINA;39501;HIDROCARBUROS NO COMBUSTIONADOS (HC) 250;75;64
LIVIANO;AUTOMOVIL 4 TIEMPOS;TAXI;CONVE.PARROQUI.RURAL;2014;GASOLINA;39503;O2 EN ALTAS RPM;1;65
LIVIANO;AUTOMOVIL 4 TIEMPOS;TAXI;CONVE.PARROQUI.RURAL;2014;GASOLINA;39505;MONOXIDO DE CARBONO (CO) 2500 RPM;0;64
LIVIANO;AUTOMOVIL 4 TIEMPOS;TAXI;CONVE.PARROQUI.RURAL;2014;GASOLINA;39508;RPM EN ALTAS;2494;64
LIVIANO;AUTOMOVIL 4 TIEMPOS;TAXI;CONVE.PARROQUI.RURAL;2015;GASOLINA;1301;ODOMETRO VEHICULO;148165;66
LIVIANO;AUTOMOVIL 4 TIEMPOS;TAXI;CONVE.PARROQUI.RURAL;2015;GASOLINA;39001;HIDROCARBUROS NO COMBUSTIONADOS (HC) RAL;60;43
LIVIANO;AUTOMOVIL 4 TIEMPOS;TAXI;CONVE.PARROQUI.RURAL;2015;GASOLINA;39003;O2 EN BAJAS;0;43
LIVIANO;AUTOMOVIL 4 TIEMPOS;TAXI;CONVE.PARROQUI.RURAL;2015;GASOLINA;39005;MONOXIDO DE CARBONO (CO) RALENTI;0;43
LIVIANO;AUTOMOVIL 4 TIEMPOS;TAXI;CONVE.PARROQUI.RURAL;2015;GASOLINA;39008;RPM EN RALENTI;793;43
LIVIANO;AUTOMOVIL 4 TIEMPOS;TAXI;CONVE.PARROQUI.RURAL;2015;GASOLINA;39501;HIDROCARBUROS NO COMBUSTIONADOS (HC) 250;51;43
LIVIANO;AUTOMOVIL 4 TIEMPOS;TAXI;CONVE.PARROQUI.RURAL;2015;GASOLINA;39503;O2 EN ALTAS RPM;0;43
LIVIANO;AUTOMOVIL 4 TIEMPOS;TAXI;CONVE.PARROQUI.RURAL;2015;GASOLINA;39505;MONOXIDO DE CARBONO (CO) 2500 RPM;0;43
LIVIANO;AUTOMOVIL 4 TIEMPOS;TAXI;CONVE.PARROQUI.RURAL;2015;GASOLINA;39508;RPM EN ALTAS;2490;43
LIVIANO;AUTOMOVIL 4 TIEMPOS;TAXI;CONVE.PARROQUI.RURAL;2016;GASOLINA;1301;ODOMETRO VEHICULO;102037;26
LIVIANO;AUTOMOVIL 4 TIEMPOS;TAXI;CONVE.PARROQUI.RURAL;2016;GASOLINA;39001;HIDROCARBUROS NO COMBUSTIONADOS (HC) RAL;36;21
LIVIANO;AUTOMOVIL 4 TIEMPOS;TAXI;CONVE.PARROQUI.RURAL;2016;GASOLINA;39003;O2 EN BAJAS;0;21
LIVIANO;AUTOMOVIL 4 TIEMPOS;TAXI;CONVE.PARROQUI.RURAL;2016;GASOLINA;39005;MONOXIDO DE CARBONO (CO) RALENTI;0;21
LIVIANO;AUTOMOVIL 4 TIEMPOS;TAXI;CONVE.PARROQUI.RURAL;2016;GASOLINA;39008;RPM EN RALENTI;726;21
LIVIANO;AUTOMOVIL 4 TIEMPOS;TAXI;CONVE.PARROQUI.RURAL;2016;GASOLINA;39501;HIDROCARBUROS NO COMBUSTIONADOS (HC) 250;32;21
LIVIANO;AUTOMOVIL 4 TIEMPOS;TAXI;CONVE.PARROQUI.RURAL;2016;GASOLINA;39503;O2 EN ALTAS RPM;0;21
LIVIANO;AUTOMOVIL 4 TIEMPOS;TAXI;CONVE.PARROQUI.RURAL;2016;GASOLINA;39505;MONOXIDO DE CARBONO (CO) 2500 RPM;0;21
LIVIANO;AUTOMOVIL 4 TIEMPOS;TAXI;CONVE.PARROQUI.RURAL;2016;GASOLINA;39508;RPM EN ALTAS;2469;21
LIVIANO;AUTOMOVIL 4 TIEMPOS;TAXI;CONVE.PARROQUI.RURAL;2018;GASOLINA;1301;ODOMETRO VEHICULO;113359;23
LIVIANO;AUTOMOVIL 4 TIEMPOS;TAXI;CONVE.PARROQUI.RURAL;2018;GASOLINA;39001;HIDROCARBUROS NO COMBUSTIONADOS (HC) RAL;64;15
LIVIANO;AUTOMOVIL 4 TIEMPOS;TAXI;CONVE.PARROQUI.RURAL;2018;GASOLINA;39003;O2 EN BAJAS;0;15
LIVIANO;AUTOMOVIL 4 TIEMPOS;TAXI;CONVE.PARROQUI.RURAL;2018;GASOLINA;39005;MONOXIDO DE CARBONO (CO) RALENTI;0;15
LIVIANO;AUTOMOVIL 4 TIEMPOS;TAXI;CONVE.PARROQUI.RURAL;2018;GASOLINA;39008;RPM EN RALENTI;728;15
LIVIANO;AUTOMOVIL 4 TIEMPOS;TAXI;CONVE.PARROQUI.RURAL;2018;GASOLINA;39501;HIDROCARBUROS NO COMBUSTIONADOS (HC) 250;66;15
LIVIANO;AUTOMOVIL 4 TIEMPOS;TAXI;CONVE.PARROQUI.RURAL;2018;GASOLINA;39503;O2 EN ALTAS RPM;1;15
LIVIANO;AUTOMOVIL 4 TIEMPOS;TAXI;CONVE.PARROQUI.RURAL;2018;GASOLINA;39505;MONOXIDO DE CARBONO (CO) 2500 RPM;0;15
LIVIANO;AUTOMOVIL 4 TIEMPOS;TAXI;CONVE.PARROQUI.RURAL;2018;GASOLINA;39508;RPM EN ALTAS;2498;15
LIVIANO;AUTOMOVIL 4 TIEMPOS;TAXI;CONVE.PARROQUI.RURAL;2019;GASOLINA;1301;ODOMETRO VEHICULO;71158;17
LIVIANO;AUTOMOVIL 4 TIEMPOS;TAXI;CONVE.PARROQUI.RURAL;2019;GASOLINA;39001;HIDROCARBUROS NO COMBUSTIONADOS (HC) RAL;6;12
LIVIANO;AUTOMOVIL 4 TIEMPOS;TAXI;CONVE.PARROQUI.RURAL;2019;GASOLINA;39003;O2 EN BAJAS;1;12
LIVIANO;AUTOMOVIL 4 TIEMPOS;TAXI;CONVE.PARROQUI.RURAL;2019;GASOLINA;39005;MONOXIDO DE CARBONO (CO) RALENTI;0;12
LIVIANO;AUTOMOVIL 4 TIEMPOS;TAXI;CONVE.PARROQUI.RURAL;2019;GASOLINA;39008;RPM EN RALENTI;833;12
LIVIANO;AUTOMOVIL 4 TIEMPOS;TAXI;CONVE.PARROQUI.RURAL;2019;GASOLINA;39501;HIDROCARBUROS NO COMBUSTIONADOS (HC) 250;9;12
LIVIANO;AUTOMOVIL 4 TIEMPOS;TAXI;CONVE.PARROQUI.RURAL;2019;GASOLINA;39503;O2 EN ALTAS RPM;0;12
LIVIANO;AUTOMOVIL 4 TIEMPOS;TAXI;CONVE.PARROQUI.RURAL;2019;GASOLINA;39505;MONOXIDO DE CARBONO (CO) 2500 RPM;0;12
LIVIANO;AUTOMOVIL 4 TIEMPOS;TAXI;CONVE.PARROQUI.RURAL;2019;GASOLINA;39508;RPM EN ALTAS;2532;12
LIVIANO;AUTOMOVIL 4 TIEMPOS;TAXI;;2002;GASOLINA;1301;ODOMETRO VEHICULO;752089;19
LIVIANO;AUTOMOVIL 4 TIEMPOS;TAXI;;2002;GASOLINA;39001;HIDROCARBUROS NO COMBUSTIONADOS (HC) RAL;113;12
LIVIANO;AUTOMOVIL 4 TIEMPOS;TAXI;;2002;GASOLINA;39003;O2 EN BAJAS;2;12
LIVIANO;AUTOMOVIL 4 TIEMPOS;TAXI;;2002;GASOLINA;39005;MONOXIDO DE CARBONO (CO) RALENTI;0;12
LIVIANO;AUTOMOVIL 4 TIEMPOS;TAXI;;2002;GASOLINA;39008;RPM EN RALENTI;851;12
LIVIANO;AUTOMOVIL 4 TIEMPOS;TAXI;;2002;GASOLINA;39501;HIDROCARBUROS NO COMBUSTIONADOS (HC) 250;95;12
LIVIANO;AUTOMOVIL 4 TIEMPOS;TAXI;;2002;GASOLINA;39503;O2 EN ALTAS RPM;3;13
LIVIANO;AUTOMOVIL 4 TIEMPOS;TAXI;;2002;GASOLINA;39505;MONOXIDO DE CARBONO (CO) 2500 RPM;0;12
LIVIANO;AUTOMOVIL 4 TIEMPOS;TAXI;;2002;GASOLINA;39508;RPM EN ALTAS;2540;12
LIVIANO;AUTOMOVIL 4 TIEMPOS;TAXI;;2003;GASOLINA;1301;ODOMETRO VEHICULO;662477;53
LIVIANO;AUTOMOVIL 4 TIEMPOS;TAXI;;2003;GASOLINA;39001;HIDROCARBUROS NO COMBUSTIONADOS (HC) RAL;154;39
LIVIANO;AUTOMOVIL 4 TIEMPOS;TAXI;;2003;GASOLINA;39003;O2 EN BAJAS;1;39
LIVIANO;AUTOMOVIL 4 TIEMPOS;TAXI;;2003;GASOLINA;39005;MONOXIDO DE CARBONO (CO) RALENTI;0;39
LIVIANO;AUTOMOVIL 4 TIEMPOS;TAXI;;2003;GASOLINA;39008;RPM EN RALENTI;832;39
LIVIANO;AUTOMOVIL 4 TIEMPOS;TAXI;;2003;GASOLINA;39501;HIDROCARBUROS NO COMBUSTIONADOS (HC) 250;107;39
LIVIANO;AUTOMOVIL 4 TIEMPOS;TAXI;;2003;GASOLINA;39503;O2 EN ALTAS RPM;1;39
LIVIANO;AUTOMOVIL 4 TIEMPOS;TAXI;;2003;GASOLINA;39505;MONOXIDO DE CARBONO (CO) 2500 RPM;0;40
LIVIANO;AUTOMOVIL 4 TIEMPOS;TAXI;;2003;GASOLINA;39508;RPM EN ALTAS;2490;39
LIVIANO;AUTOMOVIL 4 TIEMPOS;TAXI;;2004;GASOLINA;1301;ODOMETRO VEHICULO;738293;209
LIVIANO;AUTOMOVIL 4 TIEMPOS;TAXI;;2004;GASOLINA;39001;HIDROCARBUROS NO COMBUSTIONADOS (HC) RAL;156;148
LIVIANO;AUTOMOVIL 4 TIEMPOS;TAXI;;2004;GASOLINA;39003;O2 EN BAJAS;1;149
LIVIANO;AUTOMOVIL 4 TIEMPOS;TAXI;;2004;GASOLINA;39005;MONOXIDO DE CARBONO (CO) RALENTI;0;149
LIVIANO;AUTOMOVIL 4 TIEMPOS;TAXI;;2004;GASOLINA;39008;RPM EN RALENTI;845;148
LIVIANO;AUTOMOVIL 4 TIEMPOS;TAXI;;2004;GASOLINA;39501;HIDROCARBUROS NO COMBUSTIONADOS (HC) 250;128;148
LIVIANO;AUTOMOVIL 4 TIEMPOS;TAXI;;2004;GASOLINA;39503;O2 EN ALTAS RPM;1;150
LIVIANO;AUTOMOVIL 4 TIEMPOS;TAXI;;2004;GASOLINA;39505;MONOXIDO DE CARBONO (CO) 2500 RPM;0;149
LIVIANO;AUTOMOVIL 4 TIEMPOS;TAXI;;2004;GASOLINA;39508;RPM EN ALTAS;2498;145
LIVIANO;AUTOMOVIL 4 TIEMPOS;TAXI;;2005;GASOLINA;1301;ODOMETRO VEHICULO;601793;4469
LIVIANO;AUTOMOVIL 4 TIEMPOS;TAXI;;2005;GASOLINA;39001;HIDROCARBUROS NO COMBUSTIONADOS (HC) RAL;108;3130
LIVIANO;AUTOMOVIL 4 TIEMPOS;TAXI;;2005;GASOLINA;39003;O2 EN BAJAS;1;3127
LIVIANO;AUTOMOVIL 4 TIEMPOS;TAXI;;2005;GASOLINA;39005;MONOXIDO DE CARBONO (CO) RALENTI;0;3128
LIVIANO;AUTOMOVIL 4 TIEMPOS;TAXI;;2005;GASOLINA;39008;RPM EN RALENTI;814;3125
LIVIANO;AUTOMOVIL 4 TIEMPOS;TAXI;;2005;GASOLINA;39501;HIDROCARBUROS NO COMBUSTIONADOS (HC) 250;91;3129
LIVIANO;AUTOMOVIL 4 TIEMPOS;TAXI;;2005;GASOLINA;39503;O2 EN ALTAS RPM;1;3126
LIVIANO;AUTOMOVIL 4 TIEMPOS;TAXI;;2005;GASOLINA;39505;MONOXIDO DE CARBONO (CO) 2500 RPM;0;3147
LIVIANO;AUTOMOVIL 4 TIEMPOS;TAXI;;2005;GASOLINA;39508;RPM EN ALTAS;2508;3097
LIVIANO;AUTOMOVIL 4 TIEMPOS;TAXI;;2006;GASOLINA;1301;ODOMETRO VEHICULO;534011;3124
LIVIANO;AUTOMOVIL 4 TIEMPOS;TAXI;;2006;GASOLINA;39001;HIDROCARBUROS NO COMBUSTIONADOS (HC) RAL;130;2289
LIVIANO;AUTOMOVIL 4 TIEMPOS;TAXI;;2006;GASOLINA;39003;O2 EN BAJAS;1;2288
LIVIANO;AUTOMOVIL 4 TIEMPOS;TAXI;;2006;GASOLINA;39005;MONOXIDO DE CARBONO (CO) RALENTI;0;2288
LIVIANO;AUTOMOVIL 4 TIEMPOS;TAXI;;2006;GASOLINA;39008;RPM EN RALENTI;806;2285
LIVIANO;AUTOMOVIL 4 TIEMPOS;TAXI;;2006;GASOLINA;39501;HIDROCARBUROS NO COMBUSTIONADOS (HC) 250;99;2285
LIVIANO;AUTOMOVIL 4 TIEMPOS;TAXI;;2006;GASOLINA;39503;O2 EN ALTAS RPM;1;2287
LIVIANO;AUTOMOVIL 4 TIEMPOS;TAXI;;2006;GASOLINA;39505;MONOXIDO DE CARBONO (CO) 2500 RPM;0;2297
LIVIANO;AUTOMOVIL 4 TIEMPOS;TAXI;;2006;GASOLINA;39508;RPM EN ALTAS;2498;2264
LIVIANO;AUTOMOVIL 4 TIEMPOS;TAXI;;2007;DIESEL;1301;ODOMETRO VEHICULO;315763;7
LIVIANO;AUTOMOVIL 4 TIEMPOS;TAXI;;2007;DIESEL;38501;OPACIDAD - VEHI. DIE;23;6
LIVIANO;AUTOMOVIL 4 TIEMPOS;TAXI;;2007;GASOLINA;1301;ODOMETRO VEHICULO;520220;4062
LIVIANO;AUTOMOVIL 4 TIEMPOS;TAXI;;2007;GASOLINA;38501;OPACIDAD - VEHI. DIE;6;1
LIVIANO;AUTOMOVIL 4 TIEMPOS;TAXI;;2007;GASOLINA;39001;HIDROCARBUROS NO COMBUSTIONADOS (HC) RAL;115;2903
LIVIANO;AUTOMOVIL 4 TIEMPOS;TAXI;;2007;GASOLINA;39003;O2 EN BAJAS;1;2901
LIVIANO;AUTOMOVIL 4 TIEMPOS;TAXI;;2007;GASOLINA;39005;MONOXIDO DE CARBONO (CO) RALENTI;0;2900
LIVIANO;AUTOMOVIL 4 TIEMPOS;TAXI;;2007;GASOLINA;39008;RPM EN RALENTI;800;2897
LIVIANO;AUTOMOVIL 4 TIEMPOS;TAXI;;2007;GASOLINA;39501;HIDROCARBUROS NO COMBUSTIONADOS (HC) 250;84;2899
LIVIANO;AUTOMOVIL 4 TIEMPOS;TAXI;;2007;GASOLINA;39503;O2 EN ALTAS RPM;1;2899
LIVIANO;AUTOMOVIL 4 TIEMPOS;TAXI;;2007;GASOLINA;39505;MONOXIDO DE CARBONO (CO) 2500 RPM;0;2907
LIVIANO;AUTOMOVIL 4 TIEMPOS;TAXI;;2007;GASOLINA;39508;RPM EN ALTAS;2506;2874
LIVIANO;AUTOMOVIL 4 TIEMPOS;TAXI;;2008;GASOLINA;1301;ODOMETRO VEHICULO;514001;8405
LIVIANO;AUTOMOVIL 4 TIEMPOS;TAXI;;2008;GASOLINA;39001;HIDROCARBUROS NO COMBUSTIONADOS (HC) RAL;105;5988
LIVIANO;AUTOMOVIL 4 TIEMPOS;TAXI;;2008;GASOLINA;39003;O2 EN BAJAS;1;5988
LIVIANO;AUTOMOVIL 4 TIEMPOS;TAXI;;2008;GASOLINA;39005;MONOXIDO DE CARBONO (CO) RALENTI;0;5986
LIVIANO;AUTOMOVIL 4 TIEMPOS;TAXI;;2008;GASOLINA;39008;RPM EN RALENTI;796;5982
LIVIANO;AUTOMOVIL 4 TIEMPOS;TAXI;;2008;GASOLINA;39501;HIDROCARBUROS NO COMBUSTIONADOS (HC) 250;83;5984
LIVIANO;AUTOMOVIL 4 TIEMPOS;TAXI;;2008;GASOLINA;39503;O2 EN ALTAS RPM;1;5983
LIVIANO;AUTOMOVIL 4 TIEMPOS;TAXI;;2008;GASOLINA;39505;MONOXIDO DE CARBONO (CO) 2500 RPM;0;5997
LIVIANO;AUTOMOVIL 4 TIEMPOS;TAXI;;2008;GASOLINA;39508;RPM EN ALTAS;2501;5934
LIVIANO;AUTOMOVIL 4 TIEMPOS;TAXI;;2009;GASOLINA;1301;ODOMETRO VEHICULO;456179;16240
LIVIANO;AUTOMOVIL 4 TIEMPOS;TAXI;;2009;GASOLINA;39001;HIDROCARBUROS NO COMBUSTIONADOS (HC) RAL;104;11751
LIVIANO;AUTOMOVIL 4 TIEMPOS;TAXI;;2009;GASOLINA;39003;O2 EN BAJAS;1;11757
LIVIANO;AUTOMOVIL 4 TIEMPOS;TAXI;;2009;GASOLINA;39005;MONOXIDO DE CARBONO (CO) RALENTI;0;11747
LIVIANO;AUTOMOVIL 4 TIEMPOS;TAXI;;2009;GASOLINA;39008;RPM EN RALENTI;793;11737
LIVIANO;AUTOMOVIL 4 TIEMPOS;TAXI;;2009;GASOLINA;39501;HIDROCARBUROS NO COMBUSTIONADOS (HC) 250;85;11741
LIVIANO;AUTOMOVIL 4 TIEMPOS;TAXI;;2009;GASOLINA;39503;O2 EN ALTAS RPM;0;11740
LIVIANO;AUTOMOVIL 4 TIEMPOS;TAXI;;2009;GASOLINA;39505;MONOXIDO DE CARBONO (CO) 2500 RPM;0;11775
LIVIANO;AUTOMOVIL 4 TIEMPOS;TAXI;;2009;GASOLINA;39508;RPM EN ALTAS;2502;11625
LIVIANO;AUTOMOVIL 4 TIEMPOS;TAXI;;2010;GASOLINA;1301;ODOMETRO VEHICULO;404138;21037
LIVIANO;AUTOMOVIL 4 TIEMPOS;TAXI;;2010;GASOLINA;39001;HIDROCARBUROS NO COMBUSTIONADOS (HC) RAL;106;15304
LIVIANO;AUTOMOVIL 4 TIEMPOS;TAXI;;2010;GASOLINA;39003;O2 EN BAJAS;1;15305
LIVIANO;AUTOMOVIL 4 TIEMPOS;TAXI;;2010;GASOLINA;39005;MONOXIDO DE CARBONO (CO) RALENTI;0;15304
LIVIANO;AUTOMOVIL 4 TIEMPOS;TAXI;;2010;GASOLINA;39008;RPM EN RALENTI;795;15293
LIVIANO;AUTOMOVIL 4 TIEMPOS;TAXI;;2010;GASOLINA;39501;HIDROCARBUROS NO COMBUSTIONADOS (HC) 250;84;15297
LIVIANO;AUTOMOVIL 4 TIEMPOS;TAXI;;2010;GASOLINA;39503;O2 EN ALTAS RPM;0;15298
LIVIANO;AUTOMOVIL 4 TIEMPOS;TAXI;;2010;GASOLINA;39505;MONOXIDO DE CARBONO (CO) 2500 RPM;0;15314
LIVIANO;AUTOMOVIL 4 TIEMPOS;TAXI;;2010;GASOLINA;39508;RPM EN ALTAS;2500;15135
LIVIANO;AUTOMOVIL 4 TIEMPOS;TAXI;;2011;GASOLINA;1301;ODOMETRO VEHICULO;370263;38626
LIVIANO;AUTOMOVIL 4 TIEMPOS;TAXI;;2011;GASOLINA;39001;HIDROCARBUROS NO COMBUSTIONADOS (HC) RAL;97;28059
LIVIANO;AUTOMOVIL 4 TIEMPOS;TAXI;;2011;GASOLINA;39003;O2 EN BAJAS;1;28057
LIVIANO;AUTOMOVIL 4 TIEMPOS;TAXI;;2011;GASOLINA;39005;MONOXIDO DE CARBONO (CO) RALENTI;0;28038
LIVIANO;AUTOMOVIL 4 TIEMPOS;TAXI;;2011;GASOLINA;39008;RPM EN RALENTI;791;28029
LIVIANO;AUTOMOVIL 4 TIEMPOS;TAXI;;2011;GASOLINA;39501;HIDROCARBUROS NO COMBUSTIONADOS (HC) 250;76;28048
LIVIANO;AUTOMOVIL 4 TIEMPOS;TAXI;;2011;GASOLINA;39503;O2 EN ALTAS RPM;0;28046
LIVIANO;AUTOMOVIL 4 TIEMPOS;TAXI;;2011;GASOLINA;39505;MONOXIDO DE CARBONO (CO) 2500 RPM;0;28097
LIVIANO;AUTOMOVIL 4 TIEMPOS;TAXI;;2011;GASOLINA;39508;RPM EN ALTAS;2499;27700
LIVIANO;AUTOMOVIL 4 TIEMPOS;TAXI;;2012;GASOLINA;1301;ODOMETRO VEHICULO;302095;23456
LIVIANO;AUTOMOVIL 4 TIEMPOS;TAXI;;2012;GASOLINA;39001;HIDROCARBUROS NO COMBUSTIONADOS (HC) RAL;84;16930
LIVIANO;AUTOMOVIL 4 TIEMPOS;TAXI;;2012;GASOLINA;39003;O2 EN BAJAS;0;16932
LIVIANO;AUTOMOVIL 4 TIEMPOS;TAXI;;2012;GASOLINA;39005;MONOXIDO DE CARBONO (CO) RALENTI;0;16923
LIVIANO;AUTOMOVIL 4 TIEMPOS;TAXI;;2012;GASOLINA;39008;RPM EN RALENTI;783;16916
LIVIANO;AUTOMOVIL 4 TIEMPOS;TAXI;;2012;GASOLINA;39501;HIDROCARBUROS NO COMBUSTIONADOS (HC) 250;74;16921
LIVIANO;AUTOMOVIL 4 TIEMPOS;TAXI;;2012;GASOLINA;39503;O2 EN ALTAS RPM;0;16920
LIVIANO;AUTOMOVIL 4 TIEMPOS;TAXI;;2012;GASOLINA;39505;MONOXIDO DE CARBONO (CO) 2500 RPM;0;16949
LIVIANO;AUTOMOVIL 4 TIEMPOS;TAXI;;2012;GASOLINA;39508;RPM EN ALTAS;2492;16698
LIVIANO;AUTOMOVIL 4 TIEMPOS;TAXI;;2013;GASOLINA;1301;ODOMETRO VEHICULO;265948;21305
LIVIANO;AUTOMOVIL 4 TIEMPOS;TAXI;;2013;GASOLINA;39001;HIDROCARBUROS NO COMBUSTIONADOS (HC) RAL;76;15331
LIVIANO;AUTOMOVIL 4 TIEMPOS;TAXI;;2013;GASOLINA;39003;O2 EN BAJAS;0;15338
LIVIANO;AUTOMOVIL 4 TIEMPOS;TAXI;;2013;GASOLINA;39005;MONOXIDO DE CARBONO (CO) RALENTI;0;15329
LIVIANO;AUTOMOVIL 4 TIEMPOS;TAXI;;2013;GASOLINA;39008;RPM EN RALENTI;776;15328
LIVIANO;AUTOMOVIL 4 TIEMPOS;TAXI;;2013;GASOLINA;39501;HIDROCARBUROS NO COMBUSTIONADOS (HC) 250;64;15329
LIVIANO;AUTOMOVIL 4 TIEMPOS;TAXI;;2013;GASOLINA;39503;O2 EN ALTAS RPM;0;15329
LIVIANO;AUTOMOVIL 4 TIEMPOS;TAXI;;2013;GASOLINA;39505;MONOXIDO DE CARBONO (CO) 2500 RPM;0;15339
LIVIANO;AUTOMOVIL 4 TIEMPOS;TAXI;;2013;GASOLINA;39508;RPM EN ALTAS;2490;15092
LIVIANO;AUTOMOVIL 4 TIEMPOS;TAXI;;2014;GASOLINA;1301;ODOMETRO VEHICULO;232706;16063
LIVIANO;AUTOMOVIL 4 TIEMPOS;TAXI;;2014;GASOLINA;38501;OPACIDAD - VEHI. DIE;4;2
LIVIANO;AUTOMOVIL 4 TIEMPOS;TAXI;;2014;GASOLINA;39001;HIDROCARBUROS NO COMBUSTIONADOS (HC) RAL;65;11703
LIVIANO;AUTOMOVIL 4 TIEMPOS;TAXI;;2014;GASOLINA;39003;O2 EN BAJAS;0;11701
LIVIANO;AUTOMOVIL 4 TIEMPOS;TAXI;;2014;GASOLINA;39005;MONOXIDO DE CARBONO (CO) RALENTI;0;11702
LIVIANO;AUTOMOVIL 4 TIEMPOS;TAXI;;2014;GASOLINA;39008;RPM EN RALENTI;762;11701
LIVIANO;AUTOMOVIL 4 TIEMPOS;TAXI;;2014;GASOLINA;39501;HIDROCARBUROS NO COMBUSTIONADOS (HC) 250;59;11705
LIVIANO;AUTOMOVIL 4 TIEMPOS;TAXI;;2014;GASOLINA;39503;O2 EN ALTAS RPM;0;11703
LIVIANO;AUTOMOVIL 4 TIEMPOS;TAXI;;2014;GASOLINA;39505;MONOXIDO DE CARBONO (CO) 2500 RPM;0;11707
LIVIANO;AUTOMOVIL 4 TIEMPOS;TAXI;;2014;GASOLINA;39508;RPM EN ALTAS;2489;11506
LIVIANO;AUTOMOVIL 4 TIEMPOS;TAXI;;2015;GASOLINA;1301;ODOMETRO VEHICULO;208426;14414
LIVIANO;AUTOMOVIL 4 TIEMPOS;TAXI;;2015;GASOLINA;39001;HIDROCARBUROS NO COMBUSTIONADOS (HC) RAL;54;10526
LIVIANO;AUTOMOVIL 4 TIEMPOS;TAXI;;2015;GASOLINA;39003;O2 EN BAJAS;0;10527
LIVIANO;AUTOMOVIL 4 TIEMPOS;TAXI;;2015;GASOLINA;39005;MONOXIDO DE CARBONO (CO) RALENTI;0;10526
LIVIANO;AUTOMOVIL 4 TIEMPOS;TAXI;;2015;GASOLINA;39008;RPM EN RALENTI;768;10526
LIVIANO;AUTOMOVIL 4 TIEMPOS;TAXI;;2015;GASOLINA;39501;HIDROCARBUROS NO COMBUSTIONADOS (HC) 250;50;10527
LIVIANO;AUTOMOVIL 4 TIEMPOS;TAXI;;2015;GASOLINA;39503;O2 EN ALTAS RPM;0;10529
LIVIANO;AUTOMOVIL 4 TIEMPOS;TAXI;;2015;GASOLINA;39505;MONOXIDO DE CARBONO (CO) 2500 RPM;0;10527
LIVIANO;AUTOMOVIL 4 TIEMPOS;TAXI;;2015;GASOLINA;39508;RPM EN ALTAS;2492;10309
LIVIANO;AUTOMOVIL 4 TIEMPOS;TAXI;;2016;GASOLINA;1301;ODOMETRO VEHICULO;178524;7531
LIVIANO;AUTOMOVIL 4 TIEMPOS;TAXI;;2016;GASOLINA;39001;HIDROCARBUROS NO COMBUSTIONADOS (HC) RAL;46;5675
LIVIANO;AUTOMOVIL 4 TIEMPOS;TAXI;;2016;GASOLINA;39003;O2 EN BAJAS;0;5675
LIVIANO;AUTOMOVIL 4 TIEMPOS;TAXI;;2016;GASOLINA;39005;MONOXIDO DE CARBONO (CO) RALENTI;0;5675
LIVIANO;AUTOMOVIL 4 TIEMPOS;TAXI;;2016;GASOLINA;39008;RPM EN RALENTI;760;5675
LIVIANO;AUTOMOVIL 4 TIEMPOS;TAXI;;2016;GASOLINA;39501;HIDROCARBUROS NO COMBUSTIONADOS (HC) 250;42;5675
LIVIANO;AUTOMOVIL 4 TIEMPOS;TAXI;;2016;GASOLINA;39503;O2 EN ALTAS RPM;0;5675
LIVIANO;AUTOMOVIL 4 TIEMPOS;TAXI;;2016;GASOLINA;39505;MONOXIDO DE CARBONO (CO) 2500 RPM;0;5674
LIVIANO;AUTOMOVIL 4 TIEMPOS;TAXI;;2016;GASOLINA;39508;RPM EN ALTAS;2488;5582
LIVIANO;AUTOMOVIL 4 TIEMPOS;TAXI;;2017;DIESEL;1301;ODOMETRO VEHICULO;184295;9
LIVIANO;AUTOMOVIL 4 TIEMPOS;TAXI;;2017;DIESEL;38501;OPACIDAD - VEHI. DIE;40;6
LIVIANO;AUTOMOVIL 4 TIEMPOS;TAXI;;2017;GASOLINA;1301;ODOMETRO VEHICULO;152335;5498
LIVIANO;AUTOMOVIL 4 TIEMPOS;TAXI;;2017;GASOLINA;39001;HIDROCARBUROS NO COMBUSTIONADOS (HC) RAL;32;4133
LIVIANO;AUTOMOVIL 4 TIEMPOS;TAXI;;2017;GASOLINA;39003;O2 EN BAJAS;0;4133
LIVIANO;AUTOMOVIL 4 TIEMPOS;TAXI;;2017;GASOLINA;39005;MONOXIDO DE CARBONO (CO) RALENTI;0;4133
LIVIANO;AUTOMOVIL 4 TIEMPOS;TAXI;;2017;GASOLINA;39008;RPM EN RALENTI;753;4134
LIVIANO;AUTOMOVIL 4 TIEMPOS;TAXI;;2017;GASOLINA;39501;HIDROCARBUROS NO COMBUSTIONADOS (HC) 250;38;4134
LIVIANO;AUTOMOVIL 4 TIEMPOS;TAXI;;2017;GASOLINA;39503;O2 EN ALTAS RPM;0;4135
LIVIANO;AUTOMOVIL 4 TIEMPOS;TAXI;;2017;GASOLINA;39505;MONOXIDO DE CARBONO (CO) 2500 RPM;0;4135
LIVIANO;AUTOMOVIL 4 TIEMPOS;TAXI;;2017;GASOLINA;39508;RPM EN ALTAS;2488;4037
LIVIANO;AUTOMOVIL 4 TIEMPOS;TAXI;;2018;DIESEL;1301;ODOMETRO VEHICULO;189000;35
LIVIANO;AUTOMOVIL 4 TIEMPOS;TAXI;;2018;DIESEL;38501;OPACIDAD - VEHI. DIE;36;24
LIVIANO;AUTOMOVIL 4 TIEMPOS;TAXI;;2018;GASOLINA;1301;ODOMETRO VEHICULO;135484;11587
LIVIANO;AUTOMOVIL 4 TIEMPOS;TAXI;;2018;GASOLINA;39001;HIDROCARBUROS NO COMBUSTIONADOS (HC) RAL;27;8755
LIVIANO;AUTOMOVIL 4 TIEMPOS;TAXI;;2018;GASOLINA;39003;O2 EN BAJAS;0;8755
LIVIANO;AUTOMOVIL 4 TIEMPOS;TAXI;;2018;GASOLINA;39005;MONOXIDO DE CARBONO (CO) RALENTI;0;8755
LIVIANO;AUTOMOVIL 4 TIEMPOS;TAXI;;2018;GASOLINA;39008;RPM EN RALENTI;745;8755
LIVIANO;AUTOMOVIL 4 TIEMPOS;TAXI;;2018;GASOLINA;39501;HIDROCARBUROS NO COMBUSTIONADOS (HC) 250;30;8755
LIVIANO;AUTOMOVIL 4 TIEMPOS;TAXI;;2018;GASOLINA;39503;O2 EN ALTAS RPM;0;8755
LIVIANO;AUTOMOVIL 4 TIEMPOS;TAXI;;2018;GASOLINA;39505;MONOXIDO DE CARBONO (CO) 2500 RPM;0;8755
LIVIANO;AUTOMOVIL 4 TIEMPOS;TAXI;;2018;GASOLINA;39508;RPM EN ALTAS;2492;8551
LIVIANO;AUTOMOVIL 4 TIEMPOS;TAXI;;2019;DIESEL;1301;ODOMETRO VEHICULO;99059;64
LIVIANO;AUTOMOVIL 4 TIEMPOS;TAXI;;2019;DIESEL;38501;OPACIDAD - VEHI. DIE;23;59
LIVIANO;AUTOMOVIL 4 TIEMPOS;TAXI;;2019;GASOLINA;1301;ODOMETRO VEHICULO;106063;5481
LIVIANO;AUTOMOVIL 4 TIEMPOS;TAXI;;2019;GASOLINA;39001;HIDROCARBUROS NO COMBUSTIONADOS (HC) RAL;24;4142
LIVIANO;AUTOMOVIL 4 TIEMPOS;TAXI;;2019;GASOLINA;39003;O2 EN BAJAS;0;4142
LIVIANO;AUTOMOVIL 4 TIEMPOS;TAXI;;2019;GASOLINA;39005;MONOXIDO DE CARBONO (CO) RALENTI;0;4142
LIVIANO;AUTOMOVIL 4 TIEMPOS;TAXI;;2019;GASOLINA;39008;RPM EN RALENTI;741;4142
LIVIANO;AUTOMOVIL 4 TIEMPOS;TAXI;;2019;GASOLINA;39501;HIDROCARBUROS NO COMBUSTIONADOS (HC) 250;26;4142
LIVIANO;AUTOMOVIL 4 TIEMPOS;TAXI;;2019;GASOLINA;39503;O2 EN ALTAS RPM;0;4142
LIVIANO;AUTOMOVIL 4 TIEMPOS;TAXI;;2019;GASOLINA;39505;MONOXIDO DE CARBONO (CO) 2500 RPM;0;4142
LIVIANO;AUTOMOVIL 4 TIEMPOS;TAXI;;2019;GASOLINA;39508;RPM EN ALTAS;2490;3990
LIVIANO;AUTOMOVIL 4 TIEMPOS;TAXI;;2020;DIESEL;1301;ODOMETRO VEHICULO;67545;51
LIVIANO;AUTOMOVIL 4 TIEMPOS;TAXI;;2020;DIESEL;38501;OPACIDAD - VEHI. DIE;17;36
LIVIANO;AUTOMOVIL 4 TIEMPOS;TAXI;;2020;GASOLINA;1301;ODOMETRO VEHICULO;81512;1199
LIVIANO;AUTOMOVIL 4 TIEMPOS;TAXI;;2020;GASOLINA;39001;HIDROCARBUROS NO COMBUSTIONADOS (HC) RAL;33;884
LIVIANO;AUTOMOVIL 4 TIEMPOS;TAXI;;2020;GASOLINA;39003;O2 EN BAJAS;0;884
LIVIANO;AUTOMOVIL 4 TIEMPOS;TAXI;;2020;GASOLINA;39005;MONOXIDO DE CARBONO (CO) RALENTI;0;884
LIVIANO;AUTOMOVIL 4 TIEMPOS;TAXI;;2020;GASOLINA;39008;RPM EN RALENTI;691;884
LIVIANO;AUTOMOVIL 4 TIEMPOS;TAXI;;2020;GASOLINA;39501;HIDROCARBUROS NO COMBUSTIONADOS (HC) 250;31;884
LIVIANO;AUTOMOVIL 4 TIEMPOS;TAXI;;2020;GASOLINA;39503;O2 EN ALTAS RPM;0;884
LIVIANO;AUTOMOVIL 4 TIEMPOS;TAXI;;2020;GASOLINA;39505;MONOXIDO DE CARBONO (CO) 2500 RPM;0;884
LIVIANO;AUTOMOVIL 4 TIEMPOS;TAXI;;2020;GASOLINA;39508;RPM EN ALTAS;2472;858
LIVIANO;AUTOMOVIL 4 TIEMPOS;TAXI;;2021;DIESEL;1301;ODOMETRO VEHICULO;108588;5
LIVIANO;AUTOMOVIL 4 TIEMPOS;TAXI;;2021;DIESEL;38501;OPACIDAD - VEHI. DIE;29;5
LIVIANO;AUTOMOVIL 4 TIEMPOS;TAXI;;2021;GASOLINA;1301;ODOMETRO VEHICULO;58122;292
LIVIANO;AUTOMOVIL 4 TIEMPOS;TAXI;;2021;GASOLINA;39001;HIDROCARBUROS NO COMBUSTIONADOS (HC) RAL;43;215
LIVIANO;AUTOMOVIL 4 TIEMPOS;TAXI;;2021;GASOLINA;39003;O2 EN BAJAS;0;215
LIVIANO;AUTOMOVIL 4 TIEMPOS;TAXI;;2021;GASOLINA;39005;MONOXIDO DE CARBONO (CO) RALENTI;0;215
LIVIANO;AUTOMOVIL 4 TIEMPOS;TAXI;;2021;GASOLINA;39008;RPM EN RALENTI;700;215
LIVIANO;AUTOMOVIL 4 TIEMPOS;TAXI;;2021;GASOLINA;39501;HIDROCARBUROS NO COMBUSTIONADOS (HC) 250;32;215
LIVIANO;AUTOMOVIL 4 TIEMPOS;TAXI;;2021;GASOLINA;39503;O2 EN ALTAS RPM;0;215
LIVIANO;AUTOMOVIL 4 TIEMPOS;TAXI;;2021;GASOLINA;39505;MONOXIDO DE CARBONO (CO) 2500 RPM;0;215
LIVIANO;AUTOMOVIL 4 TIEMPOS;TAXI;;2021;GASOLINA;39508;RPM EN ALTAS;2468;209
LIVIANO;AUTOMOVIL 4 TIEMPOS;TAXI;;2022;DIESEL;1301;ODOMETRO VEHICULO;19505;3
LIVIANO;AUTOMOVIL 4 TIEMPOS;TAXI;;2022;DIESEL;38501;OPACIDAD - VEHI. DIE;16;3
LIVIANO;AUTOMOVIL 4 TIEMPOS;TAXI;;2022;GASOLINA;1301;ODOMETRO VEHICULO;59112;400
LIVIANO;AUTOMOVIL 4 TIEMPOS;TAXI;;2022;GASOLINA;39001;HIDROCARBUROS NO COMBUSTIONADOS (HC) RAL;30;279
LIVIANO;AUTOMOVIL 4 TIEMPOS;TAXI;;2022;GASOLINA;39003;O2 EN BAJAS;0;279
LIVIANO;AUTOMOVIL 4 TIEMPOS;TAXI;;2022;GASOLINA;39005;MONOXIDO DE CARBONO (CO) RALENTI;0;279
LIVIANO;AUTOMOVIL 4 TIEMPOS;TAXI;;2022;GASOLINA;39008;RPM EN RALENTI;685;279
LIVIANO;AUTOMOVIL 4 TIEMPOS;TAXI;;2022;GASOLINA;39501;HIDROCARBUROS NO COMBUSTIONADOS (HC) 250;24;279
LIVIANO;AUTOMOVIL 4 TIEMPOS;TAXI;;2022;GASOLINA;39503;O2 EN ALTAS RPM;0;279
LIVIANO;AUTOMOVIL 4 TIEMPOS;TAXI;;2022;GASOLINA;39505;MONOXIDO DE CARBONO (CO) 2500 RPM;0;279
LIVIANO;AUTOMOVIL 4 TIEMPOS;TAXI;;2022;GASOLINA;39508;RPM EN ALTAS;2455;274
LIVIANO;AUTOMOVIL 4 TIEMPOS;TAXI;;2023;GASOLINA;1301;ODOMETRO VEHICULO;37626;662
LIVIANO;AUTOMOVIL 4 TIEMPOS;TAXI;;2023;GASOLINA;39001;HIDROCARBUROS NO COMBUSTIONADOS (HC) RAL;21;456
LIVIANO;AUTOMOVIL 4 TIEMPOS;TAXI;;2023;GASOLINA;39003;O2 EN BAJAS;0;456
LIVIANO;AUTOMOVIL 4 TIEMPOS;TAXI;;2023;GASOLINA;39005;MONOXIDO DE CARBONO (CO) RALENTI;0;456
LIVIANO;AUTOMOVIL 4 TIEMPOS;TAXI;;2023;GASOLINA;39008;RPM EN RALENTI;688;456
LIVIANO;AUTOMOVIL 4 TIEMPOS;TAXI;;2023;GASOLINA;39501;HIDROCARBUROS NO COMBUSTIONADOS (HC) 250;18;456
LIVIANO;AUTOMOVIL 4 TIEMPOS;TAXI;;2023;GASOLINA;39503;O2 EN ALTAS RPM;0;456
LIVIANO;AUTOMOVIL 4 TIEMPOS;TAXI;;2023;GASOLINA;39505;MONOXIDO DE CARBONO (CO) 2500 RPM;0;456
LIVIANO;AUTOMOVIL 4 TIEMPOS;TAXI;;2023;GASOLINA;39508;RPM EN ALTAS;2465;421
LIVIANO;AUTOMOVIL 4 TIEMPOS;TAXI;;2024;DIESEL;1301;ODOMETRO VEHICULO;946;1
LIVIANO;AUTOMOVIL 4 TIEMPOS;TAXI;;2024;DIESEL;38501;OPACIDAD - VEHI. DIE;0;1
LIVIANO;AUTOMOVIL 4 TIEMPOS;TAXI;;2024;GASOLINA;1301;ODOMETRO VEHICULO;13923;507
LIVIANO;AUTOMOVIL 4 TIEMPOS;TAXI;;2024;GASOLINA;39001;HIDROCARBUROS NO COMBUSTIONADOS (HC) RAL;21;361
LIVIANO;AUTOMOVIL 4 TIEMPOS;TAXI;;2024;GASOLINA;39003;O2 EN BAJAS;0;361
LIVIANO;AUTOMOVIL 4 TIEMPOS;TAXI;;2024;GASOLINA;39005;MONOXIDO DE CARBONO (CO) RALENTI;0;361
LIVIANO;AUTOMOVIL 4 TIEMPOS;TAXI;;2024;GASOLINA;39008;RPM EN RALENTI;664;361
LIVIANO;AUTOMOVIL 4 TIEMPOS;TAXI;;2024;GASOLINA;39501;HIDROCARBUROS NO COMBUSTIONADOS (HC) 250;14;361
LIVIANO;AUTOMOVIL 4 TIEMPOS;TAXI;;2024;GASOLINA;39503;O2 EN ALTAS RPM;0;361
LIVIANO;AUTOMOVIL 4 TIEMPOS;TAXI;;2024;GASOLINA;39505;MONOXIDO DE CARBONO (CO) 2500 RPM;0;361
LIVIANO;AUTOMOVIL 4 TIEMPOS;TAXI;;2024;GASOLINA;39508;RPM EN ALTAS;2464;336
LIVIANO;AUTOMOVIL 4 TIEMPOS;TAXI;;2025;GASOLINA;1301;ODOMETRO VEHICULO;4455;63
LIVIANO;AUTOMOVIL 4 TIEMPOS;TAXI;;2025;GASOLINA;39001;HIDROCARBUROS NO COMBUSTIONADOS (HC) RAL;15;49
LIVIANO;AUTOMOVIL 4 TIEMPOS;TAXI;;2025;GASOLINA;39003;O2 EN BAJAS;1;49
LIVIANO;AUTOMOVIL 4 TIEMPOS;TAXI;;2025;GASOLINA;39005;MONOXIDO DE CARBONO (CO) RALENTI;0;49
LIVIANO;AUTOMOVIL 4 TIEMPOS;TAXI;;2025;GASOLINA;39008;RPM EN RALENTI;664;49
LIVIANO;AUTOMOVIL 4 TIEMPOS;TAXI;;2025;GASOLINA;39501;HIDROCARBUROS NO COMBUSTIONADOS (HC) 250;14;49
LIVIANO;AUTOMOVIL 4 TIEMPOS;TAXI;;2025;GASOLINA;39503;O2 EN ALTAS RPM;0;49
LIVIANO;AUTOMOVIL 4 TIEMPOS;TAXI;;2025;GASOLINA;39505;MONOXIDO DE CARBONO (CO) 2500 RPM;0;49
LIVIANO;AUTOMOVIL 4 TIEMPOS;TAXI;;2025;GASOLINA;39508;RPM EN ALTAS;2431;49
LIVIANO;AUTOMOVIL 4 TIEMPOS;TURISMO;;2012;DIESEL;1301;ODOMETRO VEHICULO;287655;12
LIVIANO;AUTOMOVIL 4 TIEMPOS;TURISMO;;2012;DIESEL;38501;OPACIDAD - VEHI. DIE;27;9
LIVIANO;AUTOMOVIL 4 TIEMPOS;TURISMO;;2024;DIESEL;1301;ODOMETRO VEHICULO;24406;1
LIVIANO;AUTOMOVIL 4 TIEMPOS;TURISMO;;2024;DIESEL;38501;OPACIDAD - VEHI. DIE;0;1
LIVIANO;AUTOMOVIL 4 TIEMPOS;TURISMO;;2015;GASOLINA;1301;ODOMETRO VEHICULO;100105;9
LIVIANO;AUTOMOVIL 4 TIEMPOS;TURISMO;;2015;GASOLINA;39001;HIDROCARBUROS NO COMBUSTIONADOS (HC) RAL;34;7
LIVIANO;AUTOMOVIL 4 TIEMPOS;TURISMO;;2015;GASOLINA;39003;O2 EN BAJAS;0;7
LIVIANO;AUTOMOVIL 4 TIEMPOS;TURISMO;;2015;GASOLINA;39005;MONOXIDO DE CARBONO (CO) RALENTI;0;7
LIVIANO;AUTOMOVIL 4 TIEMPOS;TURISMO;;2015;GASOLINA;39008;RPM EN RALENTI;711;7
LIVIANO;AUTOMOVIL 4 TIEMPOS;TURISMO;;2015;GASOLINA;39501;HIDROCARBUROS NO COMBUSTIONADOS (HC) 250;31;7
LIVIANO;AUTOMOVIL 4 TIEMPOS;TURISMO;;2015;GASOLINA;39503;O2 EN ALTAS RPM;0;7
LIVIANO;AUTOMOVIL 4 TIEMPOS;TURISMO;;2015;GASOLINA;39505;MONOXIDO DE CARBONO (CO) 2500 RPM;0;7
LIVIANO;AUTOMOVIL 4 TIEMPOS;TURISMO;;2015;GASOLINA;39508;RPM EN ALTAS;2451;7
LIVIANO;AUTOMOVIL 4 TIEMPOS;TURISMO;;2007;GASOLINA;1301;ODOMETRO VEHICULO;260356;17
LIVIANO;AUTOMOVIL 4 TIEMPOS;TURISMO;;2007;GASOLINA;39001;HIDROCARBUROS NO COMBUSTIONADOS (HC) RAL;143;15
LIVIANO;AUTOMOVIL 4 TIEMPOS;TURISMO;;2007;GASOLINA;39003;O2 EN BAJAS;0;15
LIVIANO;AUTOMOVIL 4 TIEMPOS;TURISMO;;2007;GASOLINA;39005;MONOXIDO DE CARBONO (CO) RALENTI;0;15
LIVIANO;AUTOMOVIL 4 TIEMPOS;TURISMO;;2007;GASOLINA;39008;RPM EN RALENTI;781;15
LIVIANO;AUTOMOVIL 4 TIEMPOS;TURISMO;;2007;GASOLINA;39501;HIDROCARBUROS NO COMBUSTIONADOS (HC) 250;57;15
LIVIANO;AUTOMOVIL 4 TIEMPOS;TURISMO;;2007;GASOLINA;39503;O2 EN ALTAS RPM;0;15
LIVIANO;AUTOMOVIL 4 TIEMPOS;TURISMO;;2007;GASOLINA;39505;MONOXIDO DE CARBONO (CO) 2500 RPM;0;15
LIVIANO;AUTOMOVIL 4 TIEMPOS;TURISMO;;2007;GASOLINA;39508;RPM EN ALTAS;2478;15
LIVIANO;AUTOMOVIL 4 TIEMPOS;TURISMO;;2011;GASOLINA;1301;ODOMETRO VEHICULO;142452;2
LIVIANO;AUTOMOVIL 4 TIEMPOS;TURISMO;;2011;GASOLINA;39001;HIDROCARBUROS NO COMBUSTIONADOS (HC) RAL;35;1
LIVIANO;AUTOMOVIL 4 TIEMPOS;TURISMO;;2011;GASOLINA;39003;O2 EN BAJAS;0;1
LIVIANO;AUTOMOVIL 4 TIEMPOS;TURISMO;;2011;GASOLINA;39005;MONOXIDO DE CARBONO (CO) RALENTI;0;1
LIVIANO;AUTOMOVIL 4 TIEMPOS;TURISMO;;2011;GASOLINA;39008;RPM EN RALENTI;900;1
LIVIANO;AUTOMOVIL 4 TIEMPOS;TURISMO;;2011;GASOLINA;39501;HIDROCARBUROS NO COMBUSTIONADOS (HC) 250;49;1
LIVIANO;AUTOMOVIL 4 TIEMPOS;TURISMO;;2011;GASOLINA;39503;O2 EN ALTAS RPM;0;1
LIVIANO;AUTOMOVIL 4 TIEMPOS;TURISMO;;2011;GASOLINA;39505;MONOXIDO DE CARBONO (CO) 2500 RPM;0;2
LIVIANO;AUTOMOVIL 4 TIEMPOS;TURISMO;;2011;GASOLINA;39508;RPM EN ALTAS;2400;1
LIVIANO;AUTOMOVIL 4 TIEMPOS;TURISMO;;2017;GASOLINA;1301;ODOMETRO VEHICULO;238158;17
LIVIANO;AUTOMOVIL 4 TIEMPOS;TURISMO;;2017;GASOLINA;39001;HIDROCARBUROS NO COMBUSTIONADOS (HC) RAL;35;15
LIVIANO;AUTOMOVIL 4 TIEMPOS;TURISMO;;2017;GASOLINA;39003;O2 EN BAJAS;0;15
LIVIANO;AUTOMOVIL 4 TIEMPOS;TURISMO;;2017;GASOLINA;39005;MONOXIDO DE CARBONO (CO) RALENTI;0;15
LIVIANO;AUTOMOVIL 4 TIEMPOS;TURISMO;;2017;GASOLINA;39008;RPM EN RALENTI;730;15
LIVIANO;AUTOMOVIL 4 TIEMPOS;TURISMO;;2017;GASOLINA;39501;HIDROCARBUROS NO COMBUSTIONADOS (HC) 250;19;15
LIVIANO;AUTOMOVIL 4 TIEMPOS;TURISMO;;2017;GASOLINA;39503;O2 EN ALTAS RPM;0;15
LIVIANO;AUTOMOVIL 4 TIEMPOS;TURISMO;;2017;GASOLINA;39505;MONOXIDO DE CARBONO (CO) 2500 RPM;0;15
LIVIANO;AUTOMOVIL 4 TIEMPOS;TURISMO;;2017;GASOLINA;39508;RPM EN ALTAS;2441;14
LIVIANO;AUTOMOVIL 4 TIEMPOS;TURISMO;;2018;GASOLINA;1301;ODOMETRO VEHICULO;142069;61
LIVIANO;AUTOMOVIL 4 TIEMPOS;TURISMO;;2018;GASOLINA;39001;HIDROCARBUROS NO COMBUSTIONADOS (HC) RAL;77;55
LIVIANO;AUTOMOVIL 4 TIEMPOS;TURISMO;;2018;GASOLINA;39003;O2 EN BAJAS;1;55
LIVIANO;AUTOMOVIL 4 TIEMPOS;TURISMO;;2018;GASOLINA;39005;MONOXIDO DE CARBONO (CO) RALENTI;0;55
LIVIANO;AUTOMOVIL 4 TIEMPOS;TURISMO;;2018;GASOLINA;39008;RPM EN RALENTI;673;55
LIVIANO;AUTOMOVIL 4 TIEMPOS;TURISMO;;2018;GASOLINA;39501;HIDROCARBUROS NO COMBUSTIONADOS (HC) 250;39;55
LIVIANO;AUTOMOVIL 4 TIEMPOS;TURISMO;;2018;GASOLINA;39503;O2 EN ALTAS RPM;0;55
LIVIANO;AUTOMOVIL 4 TIEMPOS;TURISMO;;2018;GASOLINA;39505;MONOXIDO DE CARBONO (CO) 2500 RPM;0;55
LIVIANO;AUTOMOVIL 4 TIEMPOS;TURISMO;;2018;GASOLINA;39508;RPM EN ALTAS;2470;51
LIVIANO;AUTOMOVIL 4 TIEMPOS;TURISMO;;2019;GASOLINA;1301;ODOMETRO VEHICULO;75305;41
LIVIANO;AUTOMOVIL 4 TIEMPOS;TURISMO;;2019;GASOLINA;39001;HIDROCARBUROS NO COMBUSTIONADOS (HC) RAL;10;39
LIVIANO;AUTOMOVIL 4 TIEMPOS;TURISMO;;2019;GASOLINA;39003;O2 EN BAJAS;0;39
LIVIANO;AUTOMOVIL 4 TIEMPOS;TURISMO;;2019;GASOLINA;39005;MONOXIDO DE CARBONO (CO) RALENTI;0;39
LIVIANO;AUTOMOVIL 4 TIEMPOS;TURISMO;;2019;GASOLINA;39008;RPM EN RALENTI;718;39
LIVIANO;AUTOMOVIL 4 TIEMPOS;TURISMO;;2019;GASOLINA;39501;HIDROCARBUROS NO COMBUSTIONADOS (HC) 250;11;39
LIVIANO;AUTOMOVIL 4 TIEMPOS;TURISMO;;2019;GASOLINA;39503;O2 EN ALTAS RPM;0;39
LIVIANO;AUTOMOVIL 4 TIEMPOS;TURISMO;;2019;GASOLINA;39505;MONOXIDO DE CARBONO (CO) 2500 RPM;0;39
LIVIANO;AUTOMOVIL 4 TIEMPOS;TURISMO;;2019;GASOLINA;39508;RPM EN ALTAS;2447;38
LIVIANO;AUTOMOVIL 4 TIEMPOS;TURISMO;;2020;GASOLINA;1301;ODOMETRO VEHICULO;64826;22
LIVIANO;AUTOMOVIL 4 TIEMPOS;TURISMO;;2020;GASOLINA;39001;HIDROCARBUROS NO COMBUSTIONADOS (HC) RAL;12;18
LIVIANO;AUTOMOVIL 4 TIEMPOS;TURISMO;;2020;GASOLINA;39003;O2 EN BAJAS;0;18
LIVIANO;AUTOMOVIL 4 TIEMPOS;TURISMO;;2020;GASOLINA;39005;MONOXIDO DE CARBONO (CO) RALENTI;0;18
LIVIANO;AUTOMOVIL 4 TIEMPOS;TURISMO;;2020;GASOLINA;39008;RPM EN RALENTI;742;18
LIVIANO;AUTOMOVIL 4 TIEMPOS;TURISMO;;2020;GASOLINA;39501;HIDROCARBUROS NO COMBUSTIONADOS (HC) 250;16;18
LIVIANO;AUTOMOVIL 4 TIEMPOS;TURISMO;;2020;GASOLINA;39503;O2 EN ALTAS RPM;0;18
LIVIANO;AUTOMOVIL 4 TIEMPOS;TURISMO;;2020;GASOLINA;39505;MONOXIDO DE CARBONO (CO) 2500 RPM;0;18
LIVIANO;AUTOMOVIL 4 TIEMPOS;TURISMO;;2020;GASOLINA;39508;RPM EN ALTAS;2470;18
LIVIANO;AUTOMOVIL 4 TIEMPOS;TURISMO;;2021;GASOLINA;1301;ODOMETRO VEHICULO;19612;4
LIVIANO;AUTOMOVIL 4 TIEMPOS;TURISMO;;2021;GASOLINA;39001;HIDROCARBUROS NO COMBUSTIONADOS (HC) RAL;5;4
LIVIANO;AUTOMOVIL 4 TIEMPOS;TURISMO;;2021;GASOLINA;39003;O2 EN BAJAS;0;4
LIVIANO;AUTOMOVIL 4 TIEMPOS;TURISMO;;2021;GASOLINA;39005;MONOXIDO DE CARBONO (CO) RALENTI;0;4
LIVIANO;AUTOMOVIL 4 TIEMPOS;TURISMO;;2021;GASOLINA;39008;RPM EN RALENTI;725;4
LIVIANO;AUTOMOVIL 4 TIEMPOS;TURISMO;;2021;GASOLINA;39501;HIDROCARBUROS NO COMBUSTIONADOS (HC) 250;5;4
LIVIANO;AUTOMOVIL 4 TIEMPOS;TURISMO;;2021;GASOLINA;39503;O2 EN ALTAS RPM;0;4
LIVIANO;AUTOMOVIL 4 TIEMPOS;TURISMO;;2021;GASOLINA;39505;MONOXIDO DE CARBONO (CO) 2500 RPM;0;4
LIVIANO;AUTOMOVIL 4 TIEMPOS;TURISMO;;2021;GASOLINA;39508;RPM EN ALTAS;2440;4
LIVIANO;AUTOMOVIL 4 TIEMPOS;TURISMO;;2022;GASOLINA;1301;ODOMETRO VEHICULO;81172;15
LIVIANO;AUTOMOVIL 4 TIEMPOS;TURISMO;;2022;GASOLINA;39001;HIDROCARBUROS NO COMBUSTIONADOS (HC) RAL;25;14
LIVIANO;AUTOMOVIL 4 TIEMPOS;TURISMO;;2022;GASOLINA;39003;O2 EN BAJAS;1;14
LIVIANO;AUTOMOVIL 4 TIEMPOS;TURISMO;;2022;GASOLINA;39005;MONOXIDO DE CARBONO (CO) RALENTI;0;14
LIVIANO;AUTOMOVIL 4 TIEMPOS;TURISMO;;2022;GASOLINA;39008;RPM EN RALENTI;715;14
LIVIANO;AUTOMOVIL 4 TIEMPOS;TURISMO;;2022;GASOLINA;39501;HIDROCARBUROS NO COMBUSTIONADOS (HC) 250;29;14
LIVIANO;AUTOMOVIL 4 TIEMPOS;TURISMO;;2022;GASOLINA;39503;O2 EN ALTAS RPM;0;14
LIVIANO;AUTOMOVIL 4 TIEMPOS;TURISMO;;2022;GASOLINA;39505;MONOXIDO DE CARBONO (CO) 2500 RPM;0;14
LIVIANO;AUTOMOVIL 4 TIEMPOS;TURISMO;;2022;GASOLINA;39508;RPM EN ALTAS;2453;12
LIVIANO;AUTOMOVIL 4 TIEMPOS;TURISMO;;2023;GASOLINA;1301;ODOMETRO VEHICULO;42482;11
LIVIANO;AUTOMOVIL 4 TIEMPOS;TURISMO;;2023;GASOLINA;39001;HIDROCARBUROS NO COMBUSTIONADOS (HC) RAL;6;10
LIVIANO;AUTOMOVIL 4 TIEMPOS;TURISMO;;2023;GASOLINA;39003;O2 EN BAJAS;0;10
LIVIANO;AUTOMOVIL 4 TIEMPOS;TURISMO;;2023;GASOLINA;39005;MONOXIDO DE CARBONO (CO) RALENTI;0;10
LIVIANO;AUTOMOVIL 4 TIEMPOS;TURISMO;;2023;GASOLINA;39008;RPM EN RALENTI;775;10
LIVIANO;AUTOMOVIL 4 TIEMPOS;TURISMO;;2023;GASOLINA;39501;HIDROCARBUROS NO COMBUSTIONADOS (HC) 250;8;10
LIVIANO;AUTOMOVIL 4 TIEMPOS;TURISMO;;2023;GASOLINA;39503;O2 EN ALTAS RPM;0;10
LIVIANO;AUTOMOVIL 4 TIEMPOS;TURISMO;;2023;GASOLINA;39505;MONOXIDO DE CARBONO (CO) 2500 RPM;0;10
LIVIANO;AUTOMOVIL 4 TIEMPOS;TURISMO;;2023;GASOLINA;39508;RPM EN ALTAS;2458;9
LIVIANO;AUTOMOVIL 4 TIEMPOS;TURISMO;;2024;GASOLINA;1301;ODOMETRO VEHICULO;18744;4
LIVIANO;AUTOMOVIL 4 TIEMPOS;TURISMO;;2024;GASOLINA;39001;HIDROCARBUROS NO COMBUSTIONADOS (HC) RAL;3;4
LIVIANO;AUTOMOVIL 4 TIEMPOS;TURISMO;;2024;GASOLINA;39003;O2 EN BAJAS;0;4
LIVIANO;AUTOMOVIL 4 TIEMPOS;TURISMO;;2024;GASOLINA;39005;MONOXIDO DE CARBONO (CO) RALENTI;0;4
LIVIANO;AUTOMOVIL 4 TIEMPOS;TURISMO;;2024;GASOLINA;39008;RPM EN RALENTI;755;4
LIVIANO;AUTOMOVIL 4 TIEMPOS;TURISMO;;2024;GASOLINA;39501;HIDROCARBUROS NO COMBUSTIONADOS (HC) 250;4;4
LIVIANO;AUTOMOVIL 4 TIEMPOS;TURISMO;;2024;GASOLINA;39503;O2 EN ALTAS RPM;0;4
LIVIANO;AUTOMOVIL 4 TIEMPOS;TURISMO;;2024;GASOLINA;39505;MONOXIDO DE CARBONO (CO) 2500 RPM;0;4
LIVIANO;AUTOMOVIL 4 TIEMPOS;TURISMO;;2024;GASOLINA;39508;RPM EN ALTAS;2500;4
LIVIANO;CAMIONETAS;;;1951;GASOLINA;1301;ODOMETRO VEHICULO;26976;6
LIVIANO;CAMIONETAS;;;1951;GASOLINA;39001;HIDROCARBUROS NO COMBUSTIONADOS (HC) RAL;157;3
LIVIANO;CAMIONETAS;;;1951;GASOLINA;39003;O2 EN BAJAS;0;3
LIVIANO;CAMIONETAS;;;1951;GASOLINA;39005;MONOXIDO DE CARBONO (CO) RALENTI;4;3
LIVIANO;CAMIONETAS;;;1951;GASOLINA;39008;RPM EN RALENTI;963;3
LIVIANO;CAMIONETAS;;;1951;GASOLINA;39501;HIDROCARBUROS NO COMBUSTIONADOS (HC) 250;99;3
LIVIANO;CAMIONETAS;;;1951;GASOLINA;39503;O2 EN ALTAS RPM;0;3
LIVIANO;CAMIONETAS;;;1951;GASOLINA;39505;MONOXIDO DE CARBONO (CO) 2500 RPM;3;3
LIVIANO;CAMIONETAS;;;1951;GASOLINA;39508;RPM EN ALTAS;2453;3
LIVIANO;CAMIONETAS;;;1954;GASOLINA;1301;ODOMETRO VEHICULO;9652;16
LIVIANO;CAMIONETAS;;;1954;GASOLINA;39001;HIDROCARBUROS NO COMBUSTIONADOS (HC) RAL;483;10
LIVIANO;CAMIONETAS;;;1954;GASOLINA;39003;O2 EN BAJAS;1;10
LIVIANO;CAMIONETAS;;;1954;GASOLINA;39005;MONOXIDO DE CARBONO (CO) RALENTI;5;10
LIVIANO;CAMIONETAS;;;1954;GASOLINA;39008;RPM EN RALENTI;627;10
LIVIANO;CAMIONETAS;;;1954;GASOLINA;39501;HIDROCARBUROS NO COMBUSTIONADOS (HC) 250;168;10
LIVIANO;CAMIONETAS;;;1954;GASOLINA;39503;O2 EN ALTAS RPM;0;10
LIVIANO;CAMIONETAS;;;1954;GASOLINA;39505;MONOXIDO DE CARBONO (CO) 2500 RPM;3;10
LIVIANO;CAMIONETAS;;;1954;GASOLINA;39508;RPM EN ALTAS;2481;10
LIVIANO;CAMIONETAS;;;1955;GASOLINA;1301;ODOMETRO VEHICULO;41;9
LIVIANO;CAMIONETAS;;;1955;GASOLINA;39001;HIDROCARBUROS NO COMBUSTIONADOS (HC) RAL;545;6
LIVIANO;CAMIONETAS;;;1955;GASOLINA;39003;O2 EN BAJAS;1;6
LIVIANO;CAMIONETAS;;;1955;GASOLINA;39005;MONOXIDO DE CARBONO (CO) RALENTI;2;6
LIVIANO;CAMIONETAS;;;1955;GASOLINA;39008;RPM EN RALENTI;783;6
LIVIANO;CAMIONETAS;;;1955;GASOLINA;39501;HIDROCARBUROS NO COMBUSTIONADOS (HC) 250;309;6
LIVIANO;CAMIONETAS;;;1955;GASOLINA;39503;O2 EN ALTAS RPM;0;6
LIVIANO;CAMIONETAS;;;1955;GASOLINA;39505;MONOXIDO DE CARBONO (CO) 2500 RPM;2;6
LIVIANO;CAMIONETAS;;;1955;GASOLINA;39508;RPM EN ALTAS;2475;6
LIVIANO;CAMIONETAS;;;1956;GASOLINA;1301;ODOMETRO VEHICULO;50248;18
LIVIANO;CAMIONETAS;;;1956;GASOLINA;39001;HIDROCARBUROS NO COMBUSTIONADOS (HC) RAL;419;13
LIVIANO;CAMIONETAS;;;1956;GASOLINA;39003;O2 EN BAJAS;1;13
LIVIANO;CAMIONETAS;;;1956;GASOLINA;39005;MONOXIDO DE CARBONO (CO) RALENTI;2;13
LIVIANO;CAMIONETAS;;;1956;GASOLINA;39008;RPM EN RALENTI;745;13
LIVIANO;CAMIONETAS;;;1956;GASOLINA;39501;HIDROCARBUROS NO COMBUSTIONADOS (HC) 250;223;13
LIVIANO;CAMIONETAS;;;1956;GASOLINA;39503;O2 EN ALTAS RPM;0;13
LIVIANO;CAMIONETAS;;;1956;GASOLINA;39505;MONOXIDO DE CARBONO (CO) 2500 RPM;5;13
LIVIANO;CAMIONETAS;;;1956;GASOLINA;39508;RPM EN ALTAS;2471;13
LIVIANO;CAMIONETAS;;;1959;GASOLINA;1301;ODOMETRO VEHICULO;55689;3
LIVIANO;CAMIONETAS;;;1959;GASOLINA;39001;HIDROCARBUROS NO COMBUSTIONADOS (HC) RAL;418;1
LIVIANO;CAMIONETAS;;;1959;GASOLINA;39003;O2 EN BAJAS;1;1
LIVIANO;CAMIONETAS;;;1959;GASOLINA;39005;MONOXIDO DE CARBONO (CO) RALENTI;1;1
LIVIANO;CAMIONETAS;;;1959;GASOLINA;39008;RPM EN RALENTI;790;1
LIVIANO;CAMIONETAS;;;1959;GASOLINA;39501;HIDROCARBUROS NO COMBUSTIONADOS (HC) 250;155;1
LIVIANO;CAMIONETAS;;;1959;GASOLINA;39503;O2 EN ALTAS RPM;0;1
LIVIANO;CAMIONETAS;;;1959;GASOLINA;39505;MONOXIDO DE CARBONO (CO) 2500 RPM;2;1
LIVIANO;CAMIONETAS;;;1959;GASOLINA;39508;RPM EN ALTAS;2450;1
LIVIANO;CAMIONETAS;;;1960;GASOLINA;1301;ODOMETRO VEHICULO;51762;17
LIVIANO;CAMIONETAS;;;1960;GASOLINA;39001;HIDROCARBUROS NO COMBUSTIONADOS (HC) RAL;854;13
LIVIANO;CAMIONETAS;;;1960;GASOLINA;39003;O2 EN BAJAS;1;13
LIVIANO;CAMIONETAS;;;1960;GASOLINA;39005;MONOXIDO DE CARBONO (CO) RALENTI;3;13
LIVIANO;CAMIONETAS;;;1960;GASOLINA;39008;RPM EN RALENTI;846;13
LIVIANO;CAMIONETAS;;;1960;GASOLINA;39501;HIDROCARBUROS NO COMBUSTIONADOS (HC) 250;438;13
LIVIANO;CAMIONETAS;;;1960;GASOLINA;39503;O2 EN ALTAS RPM;1;13
LIVIANO;CAMIONETAS;;;1960;GASOLINA;39505;MONOXIDO DE CARBONO (CO) 2500 RPM;2;13
LIVIANO;CAMIONETAS;;;1960;GASOLINA;39508;RPM EN ALTAS;2473;13
LIVIANO;CAMIONETAS;;;1961;GASOLINA;1301;ODOMETRO VEHICULO;43799;18
LIVIANO;CAMIONETAS;;;1961;GASOLINA;39001;HIDROCARBUROS NO COMBUSTIONADOS (HC) RAL;521;10
LIVIANO;CAMIONETAS;;;1961;GASOLINA;39003;O2 EN BAJAS;1;10
LIVIANO;CAMIONETAS;;;1961;GASOLINA;39005;MONOXIDO DE CARBONO (CO) RALENTI;2;10
LIVIANO;CAMIONETAS;;;1961;GASOLINA;39008;RPM EN RALENTI;919;10
LIVIANO;CAMIONETAS;;;1961;GASOLINA;39501;HIDROCARBUROS NO COMBUSTIONADOS (HC) 250;307;10
LIVIANO;CAMIONETAS;;;1961;GASOLINA;39503;O2 EN ALTAS RPM;0;10
LIVIANO;CAMIONETAS;;;1961;GASOLINA;39505;MONOXIDO DE CARBONO (CO) 2500 RPM;3;10
LIVIANO;CAMIONETAS;;;1961;GASOLINA;39508;RPM EN ALTAS;2464;10
LIVIANO;CAMIONETAS;;;1962;GASOLINA;1301;ODOMETRO VEHICULO;69636;1
LIVIANO;CAMIONETAS;;;1963;GASOLINA;1301;ODOMETRO VEHICULO;98111;6
LIVIANO;CAMIONETAS;;;1963;GASOLINA;39001;HIDROCARBUROS NO COMBUSTIONADOS (HC) RAL;610;4
LIVIANO;CAMIONETAS;;;1963;GASOLINA;39003;O2 EN BAJAS;2;4
LIVIANO;CAMIONETAS;;;1963;GASOLINA;39005;MONOXIDO DE CARBONO (CO) RALENTI;2;4
LIVIANO;CAMIONETAS;;;1963;GASOLINA;39008;RPM EN RALENTI;985;4
LIVIANO;CAMIONETAS;;;1963;GASOLINA;39501;HIDROCARBUROS NO COMBUSTIONADOS (HC) 250;270;4
LIVIANO;CAMIONETAS;;;1963;GASOLINA;39503;O2 EN ALTAS RPM;1;4
LIVIANO;CAMIONETAS;;;1963;GASOLINA;39505;MONOXIDO DE CARBONO (CO) 2500 RPM;2;4
LIVIANO;CAMIONETAS;;;1963;GASOLINA;39508;RPM EN ALTAS;2470;4
LIVIANO;CAMIONETAS;;;1964;GASOLINA;1301;ODOMETRO VEHICULO;128602;60
LIVIANO;CAMIONETAS;;;1964;GASOLINA;39001;HIDROCARBUROS NO COMBUSTIONADOS (HC) RAL;525;31
LIVIANO;CAMIONETAS;;;1964;GASOLINA;39003;O2 EN BAJAS;1;31
LIVIANO;CAMIONETAS;;;1964;GASOLINA;39005;MONOXIDO DE CARBONO (CO) RALENTI;3;31
LIVIANO;CAMIONETAS;;;1964;GASOLINA;39008;RPM EN RALENTI;895;31
LIVIANO;CAMIONETAS;;;1964;GASOLINA;39501;HIDROCARBUROS NO COMBUSTIONADOS (HC) 250;325;31
LIVIANO;CAMIONETAS;;;1964;GASOLINA;39503;O2 EN ALTAS RPM;1;31
LIVIANO;CAMIONETAS;;;1964;GASOLINA;39505;MONOXIDO DE CARBONO (CO) 2500 RPM;4;31
LIVIANO;CAMIONETAS;;;1964;GASOLINA;39508;RPM EN ALTAS;2485;30
LIVIANO;CAMIONETAS;;;1965;GASOLINA;1301;ODOMETRO VEHICULO;162277;63
LIVIANO;CAMIONETAS;;;1965;GASOLINA;39001;HIDROCARBUROS NO COMBUSTIONADOS (HC) RAL;605;38
LIVIANO;CAMIONETAS;;;1965;GASOLINA;39003;O2 EN BAJAS;2;38
LIVIANO;CAMIONETAS;;;1965;GASOLINA;39005;MONOXIDO DE CARBONO (CO) RALENTI;3;38
LIVIANO;CAMIONETAS;;;1965;GASOLINA;39008;RPM EN RALENTI;866;38
LIVIANO;CAMIONETAS;;;1965;GASOLINA;39501;HIDROCARBUROS NO COMBUSTIONADOS (HC) 250;573;38
LIVIANO;CAMIONETAS;;;1965;GASOLINA;39503;O2 EN ALTAS RPM;1;38
LIVIANO;CAMIONETAS;;;1965;GASOLINA;39505;MONOXIDO DE CARBONO (CO) 2500 RPM;3;38
LIVIANO;CAMIONETAS;;;1965;GASOLINA;39508;RPM EN ALTAS;2458;35
LIVIANO;CAMIONETAS;;;1966;GASOLINA;1301;ODOMETRO VEHICULO;116838;130
LIVIANO;CAMIONETAS;;;1966;GASOLINA;39001;HIDROCARBUROS NO COMBUSTIONADOS (HC) RAL;643;79
LIVIANO;CAMIONETAS;;;1966;GASOLINA;39003;O2 EN BAJAS;1;80
LIVIANO;CAMIONETAS;;;1966;GASOLINA;39005;MONOXIDO DE CARBONO (CO) RALENTI;3;80
LIVIANO;CAMIONETAS;;;1966;GASOLINA;39008;RPM EN RALENTI;835;80
LIVIANO;CAMIONETAS;;;1966;GASOLINA;39501;HIDROCARBUROS NO COMBUSTIONADOS (HC) 250;344;80
LIVIANO;CAMIONETAS;;;1966;GASOLINA;39503;O2 EN ALTAS RPM;1;82
LIVIANO;CAMIONETAS;;;1966;GASOLINA;39505;MONOXIDO DE CARBONO (CO) 2500 RPM;3;80
LIVIANO;CAMIONETAS;;;1966;GASOLINA;39508;RPM EN ALTAS;2497;79
LIVIANO;CAMIONETAS;;;1967;GASOLINA;1301;ODOMETRO VEHICULO;90470;99
LIVIANO;CAMIONETAS;;;1967;GASOLINA;39001;HIDROCARBUROS NO COMBUSTIONADOS (HC) RAL;697;61
LIVIANO;CAMIONETAS;;;1967;GASOLINA;39003;O2 EN BAJAS;1;62
LIVIANO;CAMIONETAS;;;1967;GASOLINA;39005;MONOXIDO DE CARBONO (CO) RALENTI;3;61
LIVIANO;CAMIONETAS;;;1967;GASOLINA;39008;RPM EN RALENTI;877;61
LIVIANO;CAMIONETAS;;;1967;GASOLINA;39501;HIDROCARBUROS NO COMBUSTIONADOS (HC) 250;370;61
LIVIANO;CAMIONETAS;;;1967;GASOLINA;39503;O2 EN ALTAS RPM;1;61
LIVIANO;CAMIONETAS;;;1967;GASOLINA;39505;MONOXIDO DE CARBONO (CO) 2500 RPM;2;61
LIVIANO;CAMIONETAS;;;1967;GASOLINA;39508;RPM EN ALTAS;2487;57
LIVIANO;CAMIONETAS;;;1968;GASOLINA;1301;ODOMETRO VEHICULO;69736;235
LIVIANO;CAMIONETAS;;;1968;GASOLINA;39001;HIDROCARBUROS NO COMBUSTIONADOS (HC) RAL;650;148
LIVIANO;CAMIONETAS;;;1968;GASOLINA;39003;O2 EN BAJAS;1;148
LIVIANO;CAMIONETAS;;;1968;GASOLINA;39005;MONOXIDO DE CARBONO (CO) RALENTI;3;148
LIVIANO;CAMIONETAS;;;1968;GASOLINA;39008;RPM EN RALENTI;820;148
LIVIANO;CAMIONETAS;;;1968;GASOLINA;39501;HIDROCARBUROS NO COMBUSTIONADOS (HC) 250;343;148
LIVIANO;CAMIONETAS;;;1968;GASOLINA;39503;O2 EN ALTAS RPM;1;148
LIVIANO;CAMIONETAS;;;1968;GASOLINA;39505;MONOXIDO DE CARBONO (CO) 2500 RPM;3;148
LIVIANO;CAMIONETAS;;;1968;GASOLINA;39508;RPM EN ALTAS;2481;146
LIVIANO;CAMIONETAS;;;1969;GASOLINA;1301;ODOMETRO VEHICULO;72015;239
LIVIANO;CAMIONETAS;;;1969;GASOLINA;39001;HIDROCARBUROS NO COMBUSTIONADOS (HC) RAL;631;151
LIVIANO;CAMIONETAS;;;1969;GASOLINA;39003;O2 EN BAJAS;1;152
LIVIANO;CAMIONETAS;;;1969;GASOLINA;39005;MONOXIDO DE CARBONO (CO) RALENTI;3;152
LIVIANO;CAMIONETAS;;;1969;GASOLINA;39008;RPM EN RALENTI;887;152
LIVIANO;CAMIONETAS;;;1969;GASOLINA;39501;HIDROCARBUROS NO COMBUSTIONADOS (HC) 250;306;152
LIVIANO;CAMIONETAS;;;1969;GASOLINA;39503;O2 EN ALTAS RPM;1;152
LIVIANO;CAMIONETAS;;;1969;GASOLINA;39505;MONOXIDO DE CARBONO (CO) 2500 RPM;3;152
LIVIANO;CAMIONETAS;;;1969;GASOLINA;39508;RPM EN ALTAS;2494;150
LIVIANO;CAMIONETAS;;;1970;GASOLINA;1301;ODOMETRO VEHICULO;92271;416
LIVIANO;CAMIONETAS;;;1970;GASOLINA;39001;HIDROCARBUROS NO COMBUSTIONADOS (HC) RAL;680;259
LIVIANO;CAMIONETAS;;;1970;GASOLINA;39003;O2 EN BAJAS;1;259
LIVIANO;CAMIONETAS;;;1970;GASOLINA;39005;MONOXIDO DE CARBONO (CO) RALENTI;3;260
LIVIANO;CAMIONETAS;;;1970;GASOLINA;39008;RPM EN RALENTI;850;259
LIVIANO;CAMIONETAS;;;1970;GASOLINA;39501;HIDROCARBUROS NO COMBUSTIONADOS (HC) 250;370;259
LIVIANO;CAMIONETAS;;;1970;GASOLINA;39503;O2 EN ALTAS RPM;1;259
LIVIANO;CAMIONETAS;;;1970;GASOLINA;39505;MONOXIDO DE CARBONO (CO) 2500 RPM;2;259
LIVIANO;CAMIONETAS;;;1970;GASOLINA;39508;RPM EN ALTAS;2491;255
LIVIANO;CAMIONETAS;;;1971;GASOLINA;1301;ODOMETRO VEHICULO;123292;492
LIVIANO;CAMIONETAS;;;1971;GASOLINA;39001;HIDROCARBUROS NO COMBUSTIONADOS (HC) RAL;622;306
LIVIANO;CAMIONETAS;;;1971;GASOLINA;39003;O2 EN BAJAS;1;306
LIVIANO;CAMIONETAS;;;1971;GASOLINA;39005;MONOXIDO DE CARBONO (CO) RALENTI;3;306
LIVIANO;CAMIONETAS;;;1971;GASOLINA;39008;RPM EN RALENTI;902;306
LIVIANO;CAMIONETAS;;;1971;GASOLINA;39501;HIDROCARBUROS NO COMBUSTIONADOS (HC) 250;353;308
LIVIANO;CAMIONETAS;;;1971;GASOLINA;39503;O2 EN ALTAS RPM;1;306
LIVIANO;CAMIONETAS;;;1971;GASOLINA;39505;MONOXIDO DE CARBONO (CO) 2500 RPM;3;308
LIVIANO;CAMIONETAS;;;1971;GASOLINA;39508;RPM EN ALTAS;2486;303
LIVIANO;CAMIONETAS;;;1972;GASOLINA;1301;ODOMETRO VEHICULO;117862;754
LIVIANO;CAMIONETAS;;;1972;GASOLINA;39001;HIDROCARBUROS NO COMBUSTIONADOS (HC) RAL;649;458
LIVIANO;CAMIONETAS;;;1972;GASOLINA;39003;O2 EN BAJAS;1;460
LIVIANO;CAMIONETAS;;;1972;GASOLINA;39005;MONOXIDO DE CARBONO (CO) RALENTI;3;458
LIVIANO;CAMIONETAS;;;1972;GASOLINA;39008;RPM EN RALENTI;906;458
LIVIANO;CAMIONETAS;;;1972;GASOLINA;39501;HIDROCARBUROS NO COMBUSTIONADOS (HC) 250;347;458
LIVIANO;CAMIONETAS;;;1972;GASOLINA;39503;O2 EN ALTAS RPM;1;458
LIVIANO;CAMIONETAS;;;1972;GASOLINA;39505;MONOXIDO DE CARBONO (CO) 2500 RPM;3;458
LIVIANO;CAMIONETAS;;;1972;GASOLINA;39508;RPM EN ALTAS;2491;451
LIVIANO;CAMIONETAS;;;1973;GASOLINA;1301;ODOMETRO VEHICULO;99984;1019
LIVIANO;CAMIONETAS;;;1973;GASOLINA;39001;HIDROCARBUROS NO COMBUSTIONADOS (HC) RAL;653;648
LIVIANO;CAMIONETAS;;;1973;GASOLINA;39003;O2 EN BAJAS;1;653
LIVIANO;CAMIONETAS;;;1973;GASOLINA;39005;MONOXIDO DE CARBONO (CO) RALENTI;3;650
LIVIANO;CAMIONETAS;;;1973;GASOLINA;39008;RPM EN RALENTI;895;648
LIVIANO;CAMIONETAS;;;1973;GASOLINA;39501;HIDROCARBUROS NO COMBUSTIONADOS (HC) 250;391;649
LIVIANO;CAMIONETAS;;;1973;GASOLINA;39503;O2 EN ALTAS RPM;1;651
LIVIANO;CAMIONETAS;;;1973;GASOLINA;39505;MONOXIDO DE CARBONO (CO) 2500 RPM;3;649
LIVIANO;CAMIONETAS;;;1973;GASOLINA;39508;RPM EN ALTAS;2490;646
LIVIANO;CAMIONETAS;;;1974;GASOLINA;1301;ODOMETRO VEHICULO;144494;1140
LIVIANO;CAMIONETAS;;;1974;GASOLINA;39001;HIDROCARBUROS NO COMBUSTIONADOS (HC) RAL;639;709
LIVIANO;CAMIONETAS;;;1974;GASOLINA;39003;O2 EN BAJAS;1;710
LIVIANO;CAMIONETAS;;;1974;GASOLINA;39005;MONOXIDO DE CARBONO (CO) RALENTI;3;709
LIVIANO;CAMIONETAS;;;1974;GASOLINA;39008;RPM EN RALENTI;884;708
LIVIANO;CAMIONETAS;;;1974;GASOLINA;39501;HIDROCARBUROS NO COMBUSTIONADOS (HC) 250;374;708
LIVIANO;CAMIONETAS;;;1974;GASOLINA;39503;O2 EN ALTAS RPM;1;709
LIVIANO;CAMIONETAS;;;1974;GASOLINA;39505;MONOXIDO DE CARBONO (CO) 2500 RPM;3;710
LIVIANO;CAMIONETAS;;;1974;GASOLINA;39508;RPM EN ALTAS;2489;701
LIVIANO;CAMIONETAS;;;1975;GASOLINA;1301;ODOMETRO VEHICULO;115296;1482
LIVIANO;CAMIONETAS;;;1975;GASOLINA;39001;HIDROCARBUROS NO COMBUSTIONADOS (HC) RAL;639;876
LIVIANO;CAMIONETAS;;;1975;GASOLINA;39003;O2 EN BAJAS;1;879
LIVIANO;CAMIONETAS;;;1975;GASOLINA;39005;MONOXIDO DE CARBONO (CO) RALENTI;3;877
LIVIANO;CAMIONETAS;;;1975;GASOLINA;39008;RPM EN RALENTI;895;876
LIVIANO;CAMIONETAS;;;1975;GASOLINA;39501;HIDROCARBUROS NO COMBUSTIONADOS (HC) 250;354;876
LIVIANO;CAMIONETAS;;;1975;GASOLINA;39503;O2 EN ALTAS RPM;1;878
LIVIANO;CAMIONETAS;;;1975;GASOLINA;39505;MONOXIDO DE CARBONO (CO) 2500 RPM;3;877
LIVIANO;CAMIONETAS;;;1975;GASOLINA;39508;RPM EN ALTAS;2490;861
LIVIANO;CAMIONETAS;;;1976;GASOLINA;1301;ODOMETRO VEHICULO;106081;1062
LIVIANO;CAMIONETAS;;;1976;GASOLINA;39001;HIDROCARBUROS NO COMBUSTIONADOS (HC) RAL;633;697
LIVIANO;CAMIONETAS;;;1976;GASOLINA;39003;O2 EN BAJAS;1;698
LIVIANO;CAMIONETAS;;;1976;GASOLINA;39005;MONOXIDO DE CARBONO (CO) RALENTI;3;697
LIVIANO;CAMIONETAS;;;1976;GASOLINA;39008;RPM EN RALENTI;876;697
LIVIANO;CAMIONETAS;;;1976;GASOLINA;39501;HIDROCARBUROS NO COMBUSTIONADOS (HC) 250;348;697
LIVIANO;CAMIONETAS;;;1976;GASOLINA;39503;O2 EN ALTAS RPM;1;697
LIVIANO;CAMIONETAS;;;1976;GASOLINA;39505;MONOXIDO DE CARBONO (CO) 2500 RPM;3;699
LIVIANO;CAMIONETAS;;;1976;GASOLINA;39508;RPM EN ALTAS;2487;683
LIVIANO;CAMIONETAS;;;1977;GASOLINA;1301;ODOMETRO VEHICULO;135083;2495
LIVIANO;CAMIONETAS;;;1977;GASOLINA;39001;HIDROCARBUROS NO COMBUSTIONADOS (HC) RAL;671;1574
LIVIANO;CAMIONETAS;;;1977;GASOLINA;39003;O2 EN BAJAS;1;1577
LIVIANO;CAMIONETAS;;;1977;GASOLINA;39005;MONOXIDO DE CARBONO (CO) RALENTI;3;1574
LIVIANO;CAMIONETAS;;;1977;GASOLINA;39008;RPM EN RALENTI;890;1573
LIVIANO;CAMIONETAS;;;1977;GASOLINA;39501;HIDROCARBUROS NO COMBUSTIONADOS (HC) 250;377;1577
LIVIANO;CAMIONETAS;;;1977;GASOLINA;39503;O2 EN ALTAS RPM;1;1576
LIVIANO;CAMIONETAS;;;1977;GASOLINA;39505;MONOXIDO DE CARBONO (CO) 2500 RPM;3;1575
LIVIANO;CAMIONETAS;;;1977;GASOLINA;39508;RPM EN ALTAS;2491;1559
LIVIANO;CAMIONETAS;;;1978;GASOLINA;1301;ODOMETRO VEHICULO;114940;2949
LIVIANO;CAMIONETAS;;;1978;GASOLINA;39001;HIDROCARBUROS NO COMBUSTIONADOS (HC) RAL;642;1840
LIVIANO;CAMIONETAS;;;1978;GASOLINA;39003;O2 EN BAJAS;2;1844
LIVIANO;CAMIONETAS;;;1978;GASOLINA;39005;MONOXIDO DE CARBONO (CO) RALENTI;3;1841
LIVIANO;CAMIONETAS;;;1978;GASOLINA;39008;RPM EN RALENTI;876;1838
LIVIANO;CAMIONETAS;;;1978;GASOLINA;39501;HIDROCARBUROS NO COMBUSTIONADOS (HC) 250;364;1839
LIVIANO;CAMIONETAS;;;1978;GASOLINA;39503;O2 EN ALTAS RPM;1;1841
LIVIANO;CAMIONETAS;;;1978;GASOLINA;39505;MONOXIDO DE CARBONO (CO) 2500 RPM;3;1844
LIVIANO;CAMIONETAS;;;1978;GASOLINA;39508;RPM EN ALTAS;2482;1819
LIVIANO;CAMIONETAS;;;1979;GASOLINA;1301;ODOMETRO VEHICULO;140152;968
LIVIANO;CAMIONETAS;;;1979;GASOLINA;39001;HIDROCARBUROS NO COMBUSTIONADOS (HC) RAL;739;626
LIVIANO;CAMIONETAS;;;1979;GASOLINA;39003;O2 EN BAJAS;2;625
LIVIANO;CAMIONETAS;;;1979;GASOLINA;39005;MONOXIDO DE CARBONO (CO) RALENTI;3;626
LIVIANO;CAMIONETAS;;;1979;GASOLINA;39008;RPM EN RALENTI;886;624
LIVIANO;CAMIONETAS;;;1979;GASOLINA;39501;HIDROCARBUROS NO COMBUSTIONADOS (HC) 250;415;623
LIVIANO;CAMIONETAS;;;1979;GASOLINA;39503;O2 EN ALTAS RPM;1;625
LIVIANO;CAMIONETAS;;;1979;GASOLINA;39505;MONOXIDO DE CARBONO (CO) 2500 RPM;3;624
LIVIANO;CAMIONETAS;;;1979;GASOLINA;39508;RPM EN ALTAS;2485;614
LIVIANO;CAMIONETAS;;;1980;GASOLINA;1301;ODOMETRO VEHICULO;199736;2454
LIVIANO;CAMIONETAS;;;1980;GASOLINA;39001;HIDROCARBUROS NO COMBUSTIONADOS (HC) RAL;634;1529
LIVIANO;CAMIONETAS;;;1980;GASOLINA;39003;O2 EN BAJAS;1;1531
LIVIANO;CAMIONETAS;;;1980;GASOLINA;39005;MONOXIDO DE CARBONO (CO) RALENTI;3;1528
LIVIANO;CAMIONETAS;;;1980;GASOLINA;39008;RPM EN RALENTI;883;1527
LIVIANO;CAMIONETAS;;;1980;GASOLINA;39501;HIDROCARBUROS NO COMBUSTIONADOS (HC) 250;366;1527
LIVIANO;CAMIONETAS;;;1980;GASOLINA;39503;O2 EN ALTAS RPM;1;1527
LIVIANO;CAMIONETAS;;;1980;GASOLINA;39505;MONOXIDO DE CARBONO (CO) 2500 RPM;3;1528
LIVIANO;CAMIONETAS;;;1980;GASOLINA;39508;RPM EN ALTAS;2496;1516
LIVIANO;CAMIONETAS;;;1981;GASOLINA;1301;ODOMETRO VEHICULO;281632;3267
LIVIANO;CAMIONETAS;;;1981;GASOLINA;39001;HIDROCARBUROS NO COMBUSTIONADOS (HC) RAL;622;2012
LIVIANO;CAMIONETAS;;;1981;GASOLINA;39003;O2 EN BAJAS;1;2018
LIVIANO;CAMIONETAS;;;1981;GASOLINA;39005;MONOXIDO DE CARBONO (CO) RALENTI;3;2016
LIVIANO;CAMIONETAS;;;1981;GASOLINA;39008;RPM EN RALENTI;882;2011
LIVIANO;CAMIONETAS;;;1981;GASOLINA;39501;HIDROCARBUROS NO COMBUSTIONADOS (HC) 250;366;2011
LIVIANO;CAMIONETAS;;;1981;GASOLINA;39503;O2 EN ALTAS RPM;1;2017
LIVIANO;CAMIONETAS;;;1981;GASOLINA;39505;MONOXIDO DE CARBONO (CO) 2500 RPM;3;2016
LIVIANO;CAMIONETAS;;;1981;GASOLINA;39508;RPM EN ALTAS;2497;1995
LIVIANO;CAMIONETAS;;;1982;GASOLINA;1301;ODOMETRO VEHICULO;148571;359
LIVIANO;CAMIONETAS;;;1982;GASOLINA;39001;HIDROCARBUROS NO COMBUSTIONADOS (HC) RAL;583;229
LIVIANO;CAMIONETAS;;;1982;GASOLINA;39003;O2 EN BAJAS;1;229
LIVIANO;CAMIONETAS;;;1982;GASOLINA;39005;MONOXIDO DE CARBONO (CO) RALENTI;3;229
LIVIANO;CAMIONETAS;;;1982;GASOLINA;39008;RPM EN RALENTI;838;229
LIVIANO;CAMIONETAS;;;1982;GASOLINA;39501;HIDROCARBUROS NO COMBUSTIONADOS (HC) 250;294;229
LIVIANO;CAMIONETAS;;;1982;GASOLINA;39503;O2 EN ALTAS RPM;1;229
LIVIANO;CAMIONETAS;;;1982;GASOLINA;39505;MONOXIDO DE CARBONO (CO) 2500 RPM;3;231
LIVIANO;CAMIONETAS;;;1982;GASOLINA;39508;RPM EN ALTAS;2479;227
LIVIANO;CAMIONETAS;;;1983;GASOLINA;1301;ODOMETRO VEHICULO;102339;78
LIVIANO;CAMIONETAS;;;1983;GASOLINA;39001;HIDROCARBUROS NO COMBUSTIONADOS (HC) RAL;735;43
LIVIANO;CAMIONETAS;;;1983;GASOLINA;39003;O2 EN BAJAS;2;43
LIVIANO;CAMIONETAS;;;1983;GASOLINA;39005;MONOXIDO DE CARBONO (CO) RALENTI;2;43
LIVIANO;CAMIONETAS;;;1983;GASOLINA;39008;RPM EN RALENTI;877;43
LIVIANO;CAMIONETAS;;;1983;GASOLINA;39501;HIDROCARBUROS NO COMBUSTIONADOS (HC) 250;365;43
LIVIANO;CAMIONETAS;;;1983;GASOLINA;39503;O2 EN ALTAS RPM;1;43
LIVIANO;CAMIONETAS;;;1983;GASOLINA;39505;MONOXIDO DE CARBONO (CO) 2500 RPM;3;43
LIVIANO;CAMIONETAS;;;1983;GASOLINA;39508;RPM EN ALTAS;2493;43
LIVIANO;CAMIONETAS;;;1984;GASOLINA;1301;ODOMETRO VEHICULO;71493;165
LIVIANO;CAMIONETAS;;;1984;GASOLINA;39001;HIDROCARBUROS NO COMBUSTIONADOS (HC) RAL;786;94
LIVIANO;CAMIONETAS;;;1984;GASOLINA;39003;O2 EN BAJAS;2;95
LIVIANO;CAMIONETAS;;;1984;GASOLINA;39005;MONOXIDO DE CARBONO (CO) RALENTI;3;94
LIVIANO;CAMIONETAS;;;1984;GASOLINA;39008;RPM EN RALENTI;866;94
LIVIANO;CAMIONETAS;;;1984;GASOLINA;39501;HIDROCARBUROS NO COMBUSTIONADOS (HC) 250;442;95
LIVIANO;CAMIONETAS;;;1984;GASOLINA;39503;O2 EN ALTAS RPM;1;95
LIVIANO;CAMIONETAS;;;1984;GASOLINA;39505;MONOXIDO DE CARBONO (CO) 2500 RPM;4;95
LIVIANO;CAMIONETAS;;;1984;GASOLINA;39508;RPM EN ALTAS;2474;93
LIVIANO;CAMIONETAS;;;1985;GASOLINA;1301;ODOMETRO VEHICULO;165386;195
LIVIANO;CAMIONETAS;;;1985;GASOLINA;39001;HIDROCARBUROS NO COMBUSTIONADOS (HC) RAL;784;113
LIVIANO;CAMIONETAS;;;1985;GASOLINA;39003;O2 EN BAJAS;2;113
LIVIANO;CAMIONETAS;;;1985;GASOLINA;39005;MONOXIDO DE CARBONO (CO) RALENTI;3;114
LIVIANO;CAMIONETAS;;;1985;GASOLINA;39008;RPM EN RALENTI;867;113
LIVIANO;CAMIONETAS;;;1985;GASOLINA;39501;HIDROCARBUROS NO COMBUSTIONADOS (HC) 250;424;113
LIVIANO;CAMIONETAS;;;1985;GASOLINA;39503;O2 EN ALTAS RPM;1;113
LIVIANO;CAMIONETAS;;;1985;GASOLINA;39505;MONOXIDO DE CARBONO (CO) 2500 RPM;3;113
LIVIANO;CAMIONETAS;;;1985;GASOLINA;39508;RPM EN ALTAS;2502;112
LIVIANO;CAMIONETAS;;;1986;GASOLINA;1301;ODOMETRO VEHICULO;244986;534
LIVIANO;CAMIONETAS;;;1986;GASOLINA;39001;HIDROCARBUROS NO COMBUSTIONADOS (HC) RAL;622;315
LIVIANO;CAMIONETAS;;;1986;GASOLINA;39003;O2 EN BAJAS;1;318
LIVIANO;CAMIONETAS;;;1986;GASOLINA;39005;MONOXIDO DE CARBONO (CO) RALENTI;3;315
LIVIANO;CAMIONETAS;;;1986;GASOLINA;39008;RPM EN RALENTI;894;315
LIVIANO;CAMIONETAS;;;1986;GASOLINA;39501;HIDROCARBUROS NO COMBUSTIONADOS (HC) 250;350;315
LIVIANO;CAMIONETAS;;;1986;GASOLINA;39503;O2 EN ALTAS RPM;1;315
LIVIANO;CAMIONETAS;;;1986;GASOLINA;39505;MONOXIDO DE CARBONO (CO) 2500 RPM;3;316
LIVIANO;CAMIONETAS;;;1986;GASOLINA;39508;RPM EN ALTAS;2495;314
LIVIANO;CAMIONETAS;;;1987;GASOLINA;1301;ODOMETRO VEHICULO;343719;1356
LIVIANO;CAMIONETAS;;;1987;GASOLINA;39001;HIDROCARBUROS NO COMBUSTIONADOS (HC) RAL;568;845
LIVIANO;CAMIONETAS;;;1987;GASOLINA;39003;O2 EN BAJAS;1;849
LIVIANO;CAMIONETAS;;;1987;GASOLINA;39005;MONOXIDO DE CARBONO (CO) RALENTI;3;848
LIVIANO;CAMIONETAS;;;1987;GASOLINA;39008;RPM EN RALENTI;885;845
LIVIANO;CAMIONETAS;;;1987;GASOLINA;39501;HIDROCARBUROS NO COMBUSTIONADOS (HC) 250;315;845
LIVIANO;CAMIONETAS;;;1987;GASOLINA;39503;O2 EN ALTAS RPM;1;845
LIVIANO;CAMIONETAS;;;1987;GASOLINA;39505;MONOXIDO DE CARBONO (CO) 2500 RPM;3;845
LIVIANO;CAMIONETAS;;;1987;GASOLINA;39508;RPM EN ALTAS;2494;839
LIVIANO;CAMIONETAS;;;1988;GASOLINA;1301;ODOMETRO VEHICULO;309376;1045
LIVIANO;CAMIONETAS;;;1988;GASOLINA;39001;HIDROCARBUROS NO COMBUSTIONADOS (HC) RAL;567;687
LIVIANO;CAMIONETAS;;;1988;GASOLINA;39003;O2 EN BAJAS;1;692
LIVIANO;CAMIONETAS;;;1988;GASOLINA;39005;MONOXIDO DE CARBONO (CO) RALENTI;3;687
LIVIANO;CAMIONETAS;;;1988;GASOLINA;39008;RPM EN RALENTI;892;686
LIVIANO;CAMIONETAS;;;1988;GASOLINA;39501;HIDROCARBUROS NO COMBUSTIONADOS (HC) 250;289;686
LIVIANO;CAMIONETAS;;;1988;GASOLINA;39503;O2 EN ALTAS RPM;1;686
LIVIANO;CAMIONETAS;;;1988;GASOLINA;39505;MONOXIDO DE CARBONO (CO) 2500 RPM;3;688
LIVIANO;CAMIONETAS;;;1988;GASOLINA;39508;RPM EN ALTAS;2492;682
LIVIANO;CAMIONETAS;;;1989;GASOLINA;1301;ODOMETRO VEHICULO;354693;1004
LIVIANO;CAMIONETAS;;;1989;GASOLINA;39001;HIDROCARBUROS NO COMBUSTIONADOS (HC) RAL;542;657
LIVIANO;CAMIONETAS;;;1989;GASOLINA;39003;O2 EN BAJAS;1;660
LIVIANO;CAMIONETAS;;;1989;GASOLINA;39005;MONOXIDO DE CARBONO (CO) RALENTI;2;658
LIVIANO;CAMIONETAS;;;1989;GASOLINA;39008;RPM EN RALENTI;916;658
LIVIANO;CAMIONETAS;;;1989;GASOLINA;39501;HIDROCARBUROS NO COMBUSTIONADOS (HC) 250;305;657
LIVIANO;CAMIONETAS;;;1989;GASOLINA;39503;O2 EN ALTAS RPM;1;659
LIVIANO;CAMIONETAS;;;1989;GASOLINA;39505;MONOXIDO DE CARBONO (CO) 2500 RPM;3;661
LIVIANO;CAMIONETAS;;;1989;GASOLINA;39508;RPM EN ALTAS;2493;649
LIVIANO;CAMIONETAS;;;1990;DIESEL;1301;ODOMETRO VEHICULO;238070;11
LIVIANO;CAMIONETAS;;;1990;DIESEL;38501;OPACIDAD - VEHI. DIE;25;7
LIVIANO;CAMIONETAS;;;1990;GASOLINA;1301;ODOMETRO VEHICULO;350853;2214
LIVIANO;CAMIONETAS;;;1990;GASOLINA;39001;HIDROCARBUROS NO COMBUSTIONADOS (HC) RAL;455;1566
LIVIANO;CAMIONETAS;;;1990;GASOLINA;39003;O2 EN BAJAS;2;1575
LIVIANO;CAMIONETAS;;;1990;GASOLINA;39005;MONOXIDO DE CARBONO (CO) RALENTI;2;1569
LIVIANO;CAMIONETAS;;;1990;GASOLINA;39008;RPM EN RALENTI;907;1566
LIVIANO;CAMIONETAS;;;1990;GASOLINA;39501;HIDROCARBUROS NO COMBUSTIONADOS (HC) 250;232;1566
LIVIANO;CAMIONETAS;;;1990;GASOLINA;39503;O2 EN ALTAS RPM;1;1571
LIVIANO;CAMIONETAS;;;1990;GASOLINA;39505;MONOXIDO DE CARBONO (CO) 2500 RPM;2;1571
LIVIANO;CAMIONETAS;;;1990;GASOLINA;39508;RPM EN ALTAS;2494;1542
LIVIANO;CAMIONETAS;;;1991;DIESEL;1301;ODOMETRO VEHICULO;352079;6
LIVIANO;CAMIONETAS;;;1991;DIESEL;39001;HIDROCARBUROS NO COMBUSTIONADOS (HC) RAL;322;3
LIVIANO;CAMIONETAS;;;1991;DIESEL;39003;O2 EN BAJAS;1;3
LIVIANO;CAMIONETAS;;;1991;DIESEL;39005;MONOXIDO DE CARBONO (CO) RALENTI;1;3
LIVIANO;CAMIONETAS;;;1991;DIESEL;39008;RPM EN RALENTI;806;3
LIVIANO;CAMIONETAS;;;1991;DIESEL;39501;HIDROCARBUROS NO COMBUSTIONADOS (HC) 250;224;3
LIVIANO;CAMIONETAS;;;1991;DIESEL;39503;O2 EN ALTAS RPM;0;3
LIVIANO;CAMIONETAS;;;1991;DIESEL;39505;MONOXIDO DE CARBONO (CO) 2500 RPM;5;3
LIVIANO;CAMIONETAS;;;1991;DIESEL;39508;RPM EN ALTAS;2510;3
LIVIANO;CAMIONETAS;;;1991;GASOLINA;1301;ODOMETRO VEHICULO;377840;2348
LIVIANO;CAMIONETAS;;;1991;GASOLINA;39001;HIDROCARBUROS NO COMBUSTIONADOS (HC) RAL;432;1628
LIVIANO;CAMIONETAS;;;1991;GASOLINA;39003;O2 EN BAJAS;2;1635
LIVIANO;CAMIONETAS;;;1991;GASOLINA;39005;MONOXIDO DE CARBONO (CO) RALENTI;2;1629
LIVIANO;CAMIONETAS;;;1991;GASOLINA;39008;RPM EN RALENTI;910;1628
LIVIANO;CAMIONETAS;;;1991;GASOLINA;39501;HIDROCARBUROS NO COMBUSTIONADOS (HC) 250;237;1629
LIVIANO;CAMIONETAS;;;1991;GASOLINA;39503;O2 EN ALTAS RPM;1;1630
LIVIANO;CAMIONETAS;;;1991;GASOLINA;39505;MONOXIDO DE CARBONO (CO) 2500 RPM;2;1634
LIVIANO;CAMIONETAS;;;1991;GASOLINA;39508;RPM EN ALTAS;2496;1615
LIVIANO;CAMIONETAS;;;1992;DIESEL;1301;ODOMETRO VEHICULO;279173;16
LIVIANO;CAMIONETAS;;;1992;DIESEL;38501;OPACIDAD - VEHI. DIE;2;1
LIVIANO;CAMIONETAS;;;1992;DIESEL;39001;HIDROCARBUROS NO COMBUSTIONADOS (HC) RAL;700;10
LIVIANO;CAMIONETAS;;;1992;DIESEL;39003;O2 EN BAJAS;2;10
LIVIANO;CAMIONETAS;;;1992;DIESEL;39005;MONOXIDO DE CARBONO (CO) RALENTI;2;10
LIVIANO;CAMIONETAS;;;1992;DIESEL;39008;RPM EN RALENTI;849;10
LIVIANO;CAMIONETAS;;;1992;DIESEL;39501;HIDROCARBUROS NO COMBUSTIONADOS (HC) 250;266;10
LIVIANO;CAMIONETAS;;;1992;DIESEL;39503;O2 EN ALTAS RPM;1;10
LIVIANO;CAMIONETAS;;;1992;DIESEL;39505;MONOXIDO DE CARBONO (CO) 2500 RPM;3;10
LIVIANO;CAMIONETAS;;;1992;DIESEL;39508;RPM EN ALTAS;2420;10
LIVIANO;CAMIONETAS;;;1992;GASOLINA;1301;ODOMETRO VEHICULO;335377;4636
LIVIANO;CAMIONETAS;;;1992;GASOLINA;39001;HIDROCARBUROS NO COMBUSTIONADOS (HC) RAL;405;3206
LIVIANO;CAMIONETAS;;;1992;GASOLINA;39003;O2 EN BAJAS;2;3214
LIVIANO;CAMIONETAS;;;1992;GASOLINA;39005;MONOXIDO DE CARBONO (CO) RALENTI;1;3204
LIVIANO;CAMIONETAS;;;1992;GASOLINA;39008;RPM EN RALENTI;901;3200
LIVIANO;CAMIONETAS;;;1992;GASOLINA;39501;HIDROCARBUROS NO COMBUSTIONADOS (HC) 250;213;3200
LIVIANO;CAMIONETAS;;;1992;GASOLINA;39503;O2 EN ALTAS RPM;1;3204
LIVIANO;CAMIONETAS;;;1992;GASOLINA;39505;MONOXIDO DE CARBONO (CO) 2500 RPM;2;3216
LIVIANO;CAMIONETAS;;;1992;GASOLINA;39508;RPM EN ALTAS;2494;3161
LIVIANO;CAMIONETAS;;;1993;GASOLINA;1301;ODOMETRO VEHICULO;344664;7249
LIVIANO;CAMIONETAS;;;1993;GASOLINA;39001;HIDROCARBUROS NO COMBUSTIONADOS (HC) RAL;418;4983
LIVIANO;CAMIONETAS;;;1993;GASOLINA;39003;O2 EN BAJAS;2;5005
LIVIANO;CAMIONETAS;;;1993;GASOLINA;39005;MONOXIDO DE CARBONO (CO) RALENTI;2;4987
LIVIANO;CAMIONETAS;;;1993;GASOLINA;39008;RPM EN RALENTI;897;4983
LIVIANO;CAMIONETAS;;;1993;GASOLINA;39501;HIDROCARBUROS NO COMBUSTIONADOS (HC) 250;222;4983
LIVIANO;CAMIONETAS;;;1993;GASOLINA;39503;O2 EN ALTAS RPM;1;4990
LIVIANO;CAMIONETAS;;;1993;GASOLINA;39505;MONOXIDO DE CARBONO (CO) 2500 RPM;2;4993
LIVIANO;CAMIONETAS;;;1993;GASOLINA;39508;RPM EN ALTAS;2493;4922
LIVIANO;CAMIONETAS;;;1994;DIESEL;1301;ODOMETRO VEHICULO;227052;44
LIVIANO;CAMIONETAS;;;1994;DIESEL;38501;OPACIDAD - VEHI. DIE;31;17
LIVIANO;CAMIONETAS;;;1994;DIESEL;39001;HIDROCARBUROS NO COMBUSTIONADOS (HC) RAL;934;12
LIVIANO;CAMIONETAS;;;1994;DIESEL;39003;O2 EN BAJAS;2;12
LIVIANO;CAMIONETAS;;;1994;DIESEL;39005;MONOXIDO DE CARBONO (CO) RALENTI;1;12
LIVIANO;CAMIONETAS;;;1994;DIESEL;39008;RPM EN RALENTI;905;12
LIVIANO;CAMIONETAS;;;1994;DIESEL;39501;HIDROCARBUROS NO COMBUSTIONADOS (HC) 250;383;12
LIVIANO;CAMIONETAS;;;1994;DIESEL;39503;O2 EN ALTAS RPM;1;12
LIVIANO;CAMIONETAS;;;1994;DIESEL;39505;MONOXIDO DE CARBONO (CO) 2500 RPM;1;12
LIVIANO;CAMIONETAS;;;1994;DIESEL;39508;RPM EN ALTAS;2474;12
LIVIANO;CAMIONETAS;;;1994;GASOLINA;1301;ODOMETRO VEHICULO;317531;11322
LIVIANO;CAMIONETAS;;;1994;GASOLINA;39001;HIDROCARBUROS NO COMBUSTIONADOS (HC) RAL;422;7815
LIVIANO;CAMIONETAS;;;1994;GASOLINA;39003;O2 EN BAJAS;1;7848
LIVIANO;CAMIONETAS;;;1994;GASOLINA;39005;MONOXIDO DE CARBONO (CO) RALENTI;2;7827
LIVIANO;CAMIONETAS;;;1994;GASOLINA;39008;RPM EN RALENTI;890;7813
LIVIANO;CAMIONETAS;;;1994;GASOLINA;39501;HIDROCARBUROS NO COMBUSTIONADOS (HC) 250;225;7815
LIVIANO;CAMIONETAS;;;1994;GASOLINA;39503;O2 EN ALTAS RPM;1;7823
LIVIANO;CAMIONETAS;;;1994;GASOLINA;39505;MONOXIDO DE CARBONO (CO) 2500 RPM;2;7827
LIVIANO;CAMIONETAS;;;1994;GASOLINA;39508;RPM EN ALTAS;2493;7725
LIVIANO;CAMIONETAS;;;1995;DIESEL;1301;ODOMETRO VEHICULO;258124;47
LIVIANO;CAMIONETAS;;;1995;DIESEL;38501;OPACIDAD - VEHI. DIE;30;28
LIVIANO;CAMIONETAS;;;1995;GASOLINA;1301;ODOMETRO VEHICULO;322447;9384
LIVIANO;CAMIONETAS;;;1995;GASOLINA;39001;HIDROCARBUROS NO COMBUSTIONADOS (HC) RAL;413;6450
LIVIANO;CAMIONETAS;;;1995;GASOLINA;39003;O2 EN BAJAS;1;6477
LIVIANO;CAMIONETAS;;;1995;GASOLINA;39005;MONOXIDO DE CARBONO (CO) RALENTI;1;6454
LIVIANO;CAMIONETAS;;;1995;GASOLINA;39008;RPM EN RALENTI;884;6448
LIVIANO;CAMIONETAS;;;1995;GASOLINA;39501;HIDROCARBUROS NO COMBUSTIONADOS (HC) 250;220;6449
LIVIANO;CAMIONETAS;;;1995;GASOLINA;39503;O2 EN ALTAS RPM;1;6456
LIVIANO;CAMIONETAS;;;1995;GASOLINA;39505;MONOXIDO DE CARBONO (CO) 2500 RPM;2;6459
LIVIANO;CAMIONETAS;;;1995;GASOLINA;39508;RPM EN ALTAS;2491;6377
LIVIANO;CAMIONETAS;;;1996;GASOLINA;1301;ODOMETRO VEHICULO;314788;7873
LIVIANO;CAMIONETAS;;;1996;GASOLINA;39001;HIDROCARBUROS NO COMBUSTIONADOS (HC) RAL;390;5418
LIVIANO;CAMIONETAS;;;1996;GASOLINA;39003;O2 EN BAJAS;1;5434
LIVIANO;CAMIONETAS;;;1996;GASOLINA;39005;MONOXIDO DE CARBONO (CO) RALENTI;1;5424
LIVIANO;CAMIONETAS;;;1996;GASOLINA;39008;RPM EN RALENTI;874;5416
LIVIANO;CAMIONETAS;;;1996;GASOLINA;39501;HIDROCARBUROS NO COMBUSTIONADOS (HC) 250;199;5416
LIVIANO;CAMIONETAS;;;1996;GASOLINA;39503;O2 EN ALTAS RPM;1;5418
LIVIANO;CAMIONETAS;;;1996;GASOLINA;39505;MONOXIDO DE CARBONO (CO) 2500 RPM;2;5425
LIVIANO;CAMIONETAS;;;1996;GASOLINA;39508;RPM EN ALTAS;2488;5349
LIVIANO;CAMIONETAS;;;1997;DIESEL;1301;ODOMETRO VEHICULO;500549;8
LIVIANO;CAMIONETAS;;;1997;DIESEL;38501;OPACIDAD - VEHI. DIE;72;3
LIVIANO;CAMIONETAS;;;1997;DIESEL;39001;HIDROCARBUROS NO COMBUSTIONADOS (HC) RAL;418;1
LIVIANO;CAMIONETAS;;;1997;DIESEL;39003;O2 EN BAJAS;1;1
LIVIANO;CAMIONETAS;;;1997;DIESEL;39005;MONOXIDO DE CARBONO (CO) RALENTI;0;1
LIVIANO;CAMIONETAS;;;1997;DIESEL;39008;RPM EN RALENTI;760;1
LIVIANO;CAMIONETAS;;;1997;DIESEL;39501;HIDROCARBUROS NO COMBUSTIONADOS (HC) 250;28;1
LIVIANO;CAMIONETAS;;;1997;DIESEL;39503;O2 EN ALTAS RPM;1;1
LIVIANO;CAMIONETAS;;;1997;DIESEL;39505;MONOXIDO DE CARBONO (CO) 2500 RPM;0;1
LIVIANO;CAMIONETAS;;;1997;DIESEL;39508;RPM EN ALTAS;2510;1
LIVIANO;CAMIONETAS;;;1997;GASOLINA;1301;ODOMETRO VEHICULO;297333;7087
LIVIANO;CAMIONETAS;;;1997;GASOLINA;39001;HIDROCARBUROS NO COMBUSTIONADOS (HC) RAL;389;4857
LIVIANO;CAMIONETAS;;;1997;GASOLINA;39003;O2 EN BAJAS;2;4876
LIVIANO;CAMIONETAS;;;1997;GASOLINA;39005;MONOXIDO DE CARBONO (CO) RALENTI;1;4859
LIVIANO;CAMIONETAS;;;1997;GASOLINA;39008;RPM EN RALENTI;868;4854
LIVIANO;CAMIONETAS;;;1997;GASOLINA;39501;HIDROCARBUROS NO COMBUSTIONADOS (HC) 250;190;4855
LIVIANO;CAMIONETAS;;;1997;GASOLINA;39503;O2 EN ALTAS RPM;1;4865
LIVIANO;CAMIONETAS;;;1997;GASOLINA;39505;MONOXIDO DE CARBONO (CO) 2500 RPM;2;4863
LIVIANO;CAMIONETAS;;;1997;GASOLINA;39508;RPM EN ALTAS;2483;4793
LIVIANO;CAMIONETAS;;;1998;DIESEL;1301;ODOMETRO VEHICULO;332124;40
LIVIANO;CAMIONETAS;;;1998;DIESEL;38501;OPACIDAD - VEHI. DIE;33;26
LIVIANO;CAMIONETAS;;;1998;GASOLINA;1301;ODOMETRO VEHICULO;303407;10633
LIVIANO;CAMIONETAS;;;1998;GASOLINA;39001;HIDROCARBUROS NO COMBUSTIONADOS (HC) RAL;353;7337
LIVIANO;CAMIONETAS;;;1998;GASOLINA;39003;O2 EN BAJAS;1;7378
LIVIANO;CAMIONETAS;;;1998;GASOLINA;39005;MONOXIDO DE CARBONO (CO) RALENTI;1;7346
LIVIANO;CAMIONETAS;;;1998;GASOLINA;39008;RPM EN RALENTI;877;7336
LIVIANO;CAMIONETAS;;;1998;GASOLINA;39501;HIDROCARBUROS NO COMBUSTIONADOS (HC) 250;178;7336
LIVIANO;CAMIONETAS;;;1998;GASOLINA;39503;O2 EN ALTAS RPM;1;7354
LIVIANO;CAMIONETAS;;;1998;GASOLINA;39505;MONOXIDO DE CARBONO (CO) 2500 RPM;2;7349
LIVIANO;CAMIONETAS;;;1998;GASOLINA;39508;RPM EN ALTAS;2484;7248
LIVIANO;CAMIONETAS;;;1999;DIESEL;1301;ODOMETRO VEHICULO;382382;17
LIVIANO;CAMIONETAS;;;1999;DIESEL;38501;OPACIDAD - VEHI. DIE;17;9
LIVIANO;CAMIONETAS;;;1999;GASOLINA;1301;ODOMETRO VEHICULO;294920;9081
LIVIANO;CAMIONETAS;;;1999;GASOLINA;39001;HIDROCARBUROS NO COMBUSTIONADOS (HC) RAL;372;6349
LIVIANO;CAMIONETAS;;;1999;GASOLINA;39003;O2 EN BAJAS;1;6363
LIVIANO;CAMIONETAS;;;1999;GASOLINA;39005;MONOXIDO DE CARBONO (CO) RALENTI;2;6352
LIVIANO;CAMIONETAS;;;1999;GASOLINA;39008;RPM EN RALENTI;871;6347
LIVIANO;CAMIONETAS;;;1999;GASOLINA;39501;HIDROCARBUROS NO COMBUSTIONADOS (HC) 250;188;6348
LIVIANO;CAMIONETAS;;;1999;GASOLINA;39503;O2 EN ALTAS RPM;1;6355
LIVIANO;CAMIONETAS;;;1999;GASOLINA;39505;MONOXIDO DE CARBONO (CO) 2500 RPM;2;6355
LIVIANO;CAMIONETAS;;;1999;GASOLINA;39508;RPM EN ALTAS;2488;6259
LIVIANO;CAMIONETAS;;;2000;DIESEL;1301;ODOMETRO VEHICULO;445621;39
LIVIANO;CAMIONETAS;;;2000;DIESEL;38501;OPACIDAD - VEHI. DIE;30;22
LIVIANO;CAMIONETAS;;;2000;GASOLINA;1301;ODOMETRO VEHICULO;290179;1495
LIVIANO;CAMIONETAS;;;2000;GASOLINA;39001;HIDROCARBUROS NO COMBUSTIONADOS (HC) RAL;172;1122
LIVIANO;CAMIONETAS;;;2000;GASOLINA;39003;O2 EN BAJAS;1;1118
LIVIANO;CAMIONETAS;;;2000;GASOLINA;39005;MONOXIDO DE CARBONO (CO) RALENTI;0;1121
LIVIANO;CAMIONETAS;;;2000;GASOLINA;39008;RPM EN RALENTI;844;1116
LIVIANO;CAMIONETAS;;;2000;GASOLINA;39501;HIDROCARBUROS NO COMBUSTIONADOS (HC) 250;92;1116
LIVIANO;CAMIONETAS;;;2000;GASOLINA;39503;O2 EN ALTAS RPM;1;1118
LIVIANO;CAMIONETAS;;;2000;GASOLINA;39505;MONOXIDO DE CARBONO (CO) 2500 RPM;0;1121
LIVIANO;CAMIONETAS;;;2000;GASOLINA;39508;RPM EN ALTAS;2481;1104
LIVIANO;CAMIONETAS;;;2001;DIESEL;1301;ODOMETRO VEHICULO;392485;37
LIVIANO;CAMIONETAS;;;2001;DIESEL;38501;OPACIDAD - VEHI. DIE;38;25
LIVIANO;CAMIONETAS;;;2001;GASOLINA;1301;ODOMETRO VEHICULO;294681;11874
LIVIANO;CAMIONETAS;;;2001;GASOLINA;39001;HIDROCARBUROS NO COMBUSTIONADOS (HC) RAL;163;8796
LIVIANO;CAMIONETAS;;;2001;GASOLINA;39003;O2 EN BAJAS;1;8793
LIVIANO;CAMIONETAS;;;2001;GASOLINA;39005;MONOXIDO DE CARBONO (CO) RALENTI;0;8797
LIVIANO;CAMIONETAS;;;2001;GASOLINA;39008;RPM EN RALENTI;834;8784
LIVIANO;CAMIONETAS;;;2001;GASOLINA;39501;HIDROCARBUROS NO COMBUSTIONADOS (HC) 250;91;8786
LIVIANO;CAMIONETAS;;;2001;GASOLINA;39503;O2 EN ALTAS RPM;1;8788
LIVIANO;CAMIONETAS;;;2001;GASOLINA;39505;MONOXIDO DE CARBONO (CO) 2500 RPM;0;8817
LIVIANO;CAMIONETAS;;;2001;GASOLINA;39508;RPM EN ALTAS;2479;8669
LIVIANO;CAMIONETAS;;;2002;DIESEL;1301;ODOMETRO VEHICULO;351552;643
LIVIANO;CAMIONETAS;;;2002;DIESEL;38501;OPACIDAD - VEHI. DIE;32;371
LIVIANO;CAMIONETAS;;;2002;GASOLINA;1301;ODOMETRO VEHICULO;285185;21086
LIVIANO;CAMIONETAS;;;2002;GASOLINA;39001;HIDROCARBUROS NO COMBUSTIONADOS (HC) RAL;155;15663
LIVIANO;CAMIONETAS;;;2002;GASOLINA;39003;O2 EN BAJAS;1;15647
LIVIANO;CAMIONETAS;;;2002;GASOLINA;39005;MONOXIDO DE CARBONO (CO) RALENTI;0;15655
LIVIANO;CAMIONETAS;;;2002;GASOLINA;39008;RPM EN RALENTI;833;15635
LIVIANO;CAMIONETAS;;;2002;GASOLINA;39501;HIDROCARBUROS NO COMBUSTIONADOS (HC) 250;88;15643
LIVIANO;CAMIONETAS;;;2002;GASOLINA;39503;O2 EN ALTAS RPM;1;15646
LIVIANO;CAMIONETAS;;;2002;GASOLINA;39505;MONOXIDO DE CARBONO (CO) 2500 RPM;0;15698
LIVIANO;CAMIONETAS;;;2002;GASOLINA;39508;RPM EN ALTAS;2478;15449
LIVIANO;CAMIONETAS;;;2003;DIESEL;1301;ODOMETRO VEHICULO;321967;979
LIVIANO;CAMIONETAS;;;2003;DIESEL;38501;OPACIDAD - VEHI. DIE;30;586
LIVIANO;CAMIONETAS;;;2003;GASOLINA;1301;ODOMETRO VEHICULO;268876;18716
LIVIANO;CAMIONETAS;;;2003;GASOLINA;39001;HIDROCARBUROS NO COMBUSTIONADOS (HC) RAL;145;13977
LIVIANO;CAMIONETAS;;;2003;GASOLINA;39003;O2 EN BAJAS;1;13968
LIVIANO;CAMIONETAS;;;2003;GASOLINA;39005;MONOXIDO DE CARBONO (CO) RALENTI;0;13954
LIVIANO;CAMIONETAS;;;2003;GASOLINA;39008;RPM EN RALENTI;830;13951
LIVIANO;CAMIONETAS;;;2003;GASOLINA;39501;HIDROCARBUROS NO COMBUSTIONADOS (HC) 250;85;13955
LIVIANO;CAMIONETAS;;;2003;GASOLINA;39503;O2 EN ALTAS RPM;1;13963
LIVIANO;CAMIONETAS;;;2003;GASOLINA;39505;MONOXIDO DE CARBONO (CO) 2500 RPM;0;14007
LIVIANO;CAMIONETAS;;;2003;GASOLINA;39508;RPM EN ALTAS;2478;13766
LIVIANO;CAMIONETAS;;;2004;DIESEL;1301;ODOMETRO VEHICULO;304238;1047
LIVIANO;CAMIONETAS;;;2004;DIESEL;38501;OPACIDAD - VEHI. DIE;29;649
LIVIANO;CAMIONETAS;;;2004;DIESEL;39001;HIDROCARBUROS NO COMBUSTIONADOS (HC) RAL;96;6
LIVIANO;CAMIONETAS;;;2004;DIESEL;39003;O2 EN BAJAS;0;6
LIVIANO;CAMIONETAS;;;2004;DIESEL;39005;MONOXIDO DE CARBONO (CO) RALENTI;0;6
LIVIANO;CAMIONETAS;;;2004;DIESEL;39008;RPM EN RALENTI;1005;6
LIVIANO;CAMIONETAS;;;2004;DIESEL;39501;HIDROCARBUROS NO COMBUSTIONADOS (HC) 250;65;6
LIVIANO;CAMIONETAS;;;2004;DIESEL;39503;O2 EN ALTAS RPM;0;6
LIVIANO;CAMIONETAS;;;2004;DIESEL;39505;MONOXIDO DE CARBONO (CO) 2500 RPM;0;6
LIVIANO;CAMIONETAS;;;2004;DIESEL;39508;RPM EN ALTAS;2420;6
LIVIANO;CAMIONETAS;;;2004;GASOLINA;1301;ODOMETRO VEHICULO;261599;18705
LIVIANO;CAMIONETAS;;;2004;GASOLINA;38501;OPACIDAD - VEHI. DIE;7;2
LIVIANO;CAMIONETAS;;;2004;GASOLINA;39001;HIDROCARBUROS NO COMBUSTIONADOS (HC) RAL;140;13945
LIVIANO;CAMIONETAS;;;2004;GASOLINA;39003;O2 EN BAJAS;1;13933
LIVIANO;CAMIONETAS;;;2004;GASOLINA;39005;MONOXIDO DE CARBONO (CO) RALENTI;0;13930
LIVIANO;CAMIONETAS;;;2004;GASOLINA;39008;RPM EN RALENTI;830;13917
LIVIANO;CAMIONETAS;;;2004;GASOLINA;39501;HIDROCARBUROS NO COMBUSTIONADOS (HC) 250;80;13924
LIVIANO;CAMIONETAS;;;2004;GASOLINA;39503;O2 EN ALTAS RPM;0;13926
LIVIANO;CAMIONETAS;;;2004;GASOLINA;39505;MONOXIDO DE CARBONO (CO) 2500 RPM;0;13972
LIVIANO;CAMIONETAS;;;2004;GASOLINA;39508;RPM EN ALTAS;2480;13747
LIVIANO;CAMIONETAS;;;2005;DIESEL;1301;ODOMETRO VEHICULO;295464;1688
LIVIANO;CAMIONETAS;;;2005;DIESEL;38501;OPACIDAD - VEHI. DIE;25;1090
LIVIANO;CAMIONETAS;;;2005;GASOLINA;1301;ODOMETRO VEHICULO;247638;23035
LIVIANO;CAMIONETAS;;;2005;GASOLINA;39001;HIDROCARBUROS NO COMBUSTIONADOS (HC) RAL;128;16988
LIVIANO;CAMIONETAS;;;2005;GASOLINA;39003;O2 EN BAJAS;0;16970
LIVIANO;CAMIONETAS;;;2005;GASOLINA;39005;MONOXIDO DE CARBONO (CO) RALENTI;0;16986
LIVIANO;CAMIONETAS;;;2005;GASOLINA;39008;RPM EN RALENTI;827;16957
LIVIANO;CAMIONETAS;;;2005;GASOLINA;39501;HIDROCARBUROS NO COMBUSTIONADOS (HC) 250;73;16962
LIVIANO;CAMIONETAS;;;2005;GASOLINA;39503;O2 EN ALTAS RPM;0;16969
LIVIANO;CAMIONETAS;;;2005;GASOLINA;39505;MONOXIDO DE CARBONO (CO) 2500 RPM;0;17057
LIVIANO;CAMIONETAS;;;2005;GASOLINA;39508;RPM EN ALTAS;2482;16733
LIVIANO;CAMIONETAS;;;2006;DIESEL;1301;ODOMETRO VEHICULO;300813;2313
LIVIANO;CAMIONETAS;;;2006;DIESEL;38501;OPACIDAD - VEHI. DIE;19;1551
LIVIANO;CAMIONETAS;;;2006;DIESEL;39001;HIDROCARBUROS NO COMBUSTIONADOS (HC) RAL;119;1
LIVIANO;CAMIONETAS;;;2006;DIESEL;39003;O2 EN BAJAS;0;1
LIVIANO;CAMIONETAS;;;2006;DIESEL;39005;MONOXIDO DE CARBONO (CO) RALENTI;0;1
LIVIANO;CAMIONETAS;;;2006;DIESEL;39008;RPM EN RALENTI;760;1
LIVIANO;CAMIONETAS;;;2006;DIESEL;39501;HIDROCARBUROS NO COMBUSTIONADOS (HC) 250;52;1
LIVIANO;CAMIONETAS;;;2006;DIESEL;39503;O2 EN ALTAS RPM;0;1
LIVIANO;CAMIONETAS;;;2006;DIESEL;39505;MONOXIDO DE CARBONO (CO) 2500 RPM;0;1
LIVIANO;CAMIONETAS;;;2006;DIESEL;39508;RPM EN ALTAS;2480;1
LIVIANO;CAMIONETAS;;;2006;GASOLINA;1301;ODOMETRO VEHICULO;227278;25320
LIVIANO;CAMIONETAS;;;2006;GASOLINA;38501;OPACIDAD - VEHI. DIE;2;1
LIVIANO;CAMIONETAS;;;2006;GASOLINA;39001;HIDROCARBUROS NO COMBUSTIONADOS (HC) RAL;109;18436
LIVIANO;CAMIONETAS;;;2006;GASOLINA;39003;O2 EN BAJAS;0;18394
LIVIANO;CAMIONETAS;;;2006;GASOLINA;39005;MONOXIDO DE CARBONO (CO) RALENTI;0;18427
LIVIANO;CAMIONETAS;;;2006;GASOLINA;39008;RPM EN RALENTI;813;18380
LIVIANO;CAMIONETAS;;;2006;GASOLINA;39501;HIDROCARBUROS NO COMBUSTIONADOS (HC) 250;70;18383
LIVIANO;CAMIONETAS;;;2006;GASOLINA;39503;O2 EN ALTAS RPM;0;18388
LIVIANO;CAMIONETAS;;;2006;GASOLINA;39505;MONOXIDO DE CARBONO (CO) 2500 RPM;0;18512
LIVIANO;CAMIONETAS;;;2006;GASOLINA;39508;RPM EN ALTAS;2487;18132
LIVIANO;CAMIONETAS;;;2007;DIESEL;1301;ODOMETRO VEHICULO;265337;3251
LIVIANO;CAMIONETAS;;;2007;DIESEL;38501;OPACIDAD - VEHI. DIE;18;2205
LIVIANO;CAMIONETAS;;;2007;DIESEL;39001;HIDROCARBUROS NO COMBUSTIONADOS (HC) RAL;31;4
LIVIANO;CAMIONETAS;;;2007;DIESEL;39003;O2 EN BAJAS;0;4
LIVIANO;CAMIONETAS;;;2007;DIESEL;39005;MONOXIDO DE CARBONO (CO) RALENTI;0;4
LIVIANO;CAMIONETAS;;;2007;DIESEL;39008;RPM EN RALENTI;737;4
LIVIANO;CAMIONETAS;;;2007;DIESEL;39501;HIDROCARBUROS NO COMBUSTIONADOS (HC) 250;35;4
LIVIANO;CAMIONETAS;;;2007;DIESEL;39503;O2 EN ALTAS RPM;0;4
LIVIANO;CAMIONETAS;;;2007;DIESEL;39505;MONOXIDO DE CARBONO (CO) 2500 RPM;0;4
LIVIANO;CAMIONETAS;;;2007;DIESEL;39508;RPM EN ALTAS;2420;4
LIVIANO;CAMIONETAS;;;2007;GASOLINA;1301;ODOMETRO VEHICULO;213661;31611
LIVIANO;CAMIONETAS;;;2007;GASOLINA;39001;HIDROCARBUROS NO COMBUSTIONADOS (HC) RAL;85;23349
LIVIANO;CAMIONETAS;;;2007;GASOLINA;39003;O2 EN BAJAS;0;23336
LIVIANO;CAMIONETAS;;;2007;GASOLINA;39005;MONOXIDO DE CARBONO (CO) RALENTI;0;23352
LIVIANO;CAMIONETAS;;;2007;GASOLINA;39008;RPM EN RALENTI;788;23319
LIVIANO;CAMIONETAS;;;2007;GASOLINA;39501;HIDROCARBUROS NO COMBUSTIONADOS (HC) 250;58;23322
LIVIANO;CAMIONETAS;;;2007;GASOLINA;39503;O2 EN ALTAS RPM;0;23329
LIVIANO;CAMIONETAS;;;2007;GASOLINA;39505;MONOXIDO DE CARBONO (CO) 2500 RPM;0;23425
LIVIANO;CAMIONETAS;;;2007;GASOLINA;39508;RPM EN ALTAS;2482;23014
LIVIANO;CAMIONETAS;;;2008;DIESEL;1301;ODOMETRO VEHICULO;254598;5423
LIVIANO;CAMIONETAS;;;2008;DIESEL;38501;OPACIDAD - VEHI. DIE;19;3757
LIVIANO;CAMIONETAS;;;2008;GASOLINA;1301;ODOMETRO VEHICULO;205536;30389
LIVIANO;CAMIONETAS;;;2008;GASOLINA;38501;OPACIDAD - VEHI. DIE;0;1
LIVIANO;CAMIONETAS;;;2008;GASOLINA;39001;HIDROCARBUROS NO COMBUSTIONADOS (HC) RAL;72;22560
LIVIANO;CAMIONETAS;;;2008;GASOLINA;39003;O2 EN BAJAS;0;22555
LIVIANO;CAMIONETAS;;;2008;GASOLINA;39005;MONOXIDO DE CARBONO (CO) RALENTI;0;22561
LIVIANO;CAMIONETAS;;;2008;GASOLINA;39008;RPM EN RALENTI;780;22535
LIVIANO;CAMIONETAS;;;2008;GASOLINA;39501;HIDROCARBUROS NO COMBUSTIONADOS (HC) 250;50;22540
LIVIANO;CAMIONETAS;;;2008;GASOLINA;39503;O2 EN ALTAS RPM;0;22546
LIVIANO;CAMIONETAS;;;2008;GASOLINA;39505;MONOXIDO DE CARBONO (CO) 2500 RPM;0;22620
LIVIANO;CAMIONETAS;;;2008;GASOLINA;39508;RPM EN ALTAS;2483;22231
LIVIANO;CAMIONETAS;;;2009;DIESEL;1301;ODOMETRO VEHICULO;237506;10522
LIVIANO;CAMIONETAS;;;2009;DIESEL;38501;OPACIDAD - VEHI. DIE;21;7662
LIVIANO;CAMIONETAS;;;2009;DIESEL;39001;HIDROCARBUROS NO COMBUSTIONADOS (HC) RAL;131;8
LIVIANO;CAMIONETAS;;;2009;DIESEL;39003;O2 EN BAJAS;0;8
LIVIANO;CAMIONETAS;;;2009;DIESEL;39005;MONOXIDO DE CARBONO (CO) RALENTI;0;8
LIVIANO;CAMIONETAS;;;2009;DIESEL;39008;RPM EN RALENTI;768;8
LIVIANO;CAMIONETAS;;;2009;DIESEL;39501;HIDROCARBUROS NO COMBUSTIONADOS (HC) 250;60;8
LIVIANO;CAMIONETAS;;;2009;DIESEL;39503;O2 EN ALTAS RPM;0;8
LIVIANO;CAMIONETAS;;;2009;DIESEL;39505;MONOXIDO DE CARBONO (CO) 2500 RPM;0;8
LIVIANO;CAMIONETAS;;;2009;DIESEL;39508;RPM EN ALTAS;2486;8
LIVIANO;CAMIONETAS;;;2009;GASOLINA;1301;ODOMETRO VEHICULO;192505;31975
LIVIANO;CAMIONETAS;;;2009;GASOLINA;38501;OPACIDAD - VEHI. DIE;0;2
LIVIANO;CAMIONETAS;;;2009;GASOLINA;39001;HIDROCARBUROS NO COMBUSTIONADOS (HC) RAL;68;23958
LIVIANO;CAMIONETAS;;;2009;GASOLINA;39003;O2 EN BAJAS;0;23944
LIVIANO;CAMIONETAS;;;2009;GASOLINA;39005;MONOXIDO DE CARBONO (CO) RALENTI;0;23947
LIVIANO;CAMIONETAS;;;2009;GASOLINA;39008;RPM EN RALENTI;784;23929
LIVIANO;CAMIONETAS;;;2009;GASOLINA;39501;HIDROCARBUROS NO COMBUSTIONADOS (HC) 250;49;23935
LIVIANO;CAMIONETAS;;;2009;GASOLINA;39503;O2 EN ALTAS RPM;0;23937
LIVIANO;CAMIONETAS;;;2009;GASOLINA;39505;MONOXIDO DE CARBONO (CO) 2500 RPM;0;24000
LIVIANO;CAMIONETAS;;;2009;GASOLINA;39508;RPM EN ALTAS;2483;23589
LIVIANO;CAMIONETAS;;;2010;DIESEL;1301;ODOMETRO VEHICULO;208098;8779
LIVIANO;CAMIONETAS;;;2010;DIESEL;38501;OPACIDAD - VEHI. DIE;21;6520
LIVIANO;CAMIONETAS;;;2010;DIESEL;39001;HIDROCARBUROS NO COMBUSTIONADOS (HC) RAL;13;15
LIVIANO;CAMIONETAS;;;2010;DIESEL;39003;O2 EN BAJAS;0;15
LIVIANO;CAMIONETAS;;;2010;DIESEL;39005;MONOXIDO DE CARBONO (CO) RALENTI;0;15
LIVIANO;CAMIONETAS;;;2010;DIESEL;39008;RPM EN RALENTI;740;15
LIVIANO;CAMIONETAS;;;2010;DIESEL;39501;HIDROCARBUROS NO COMBUSTIONADOS (HC) 250;21;15
LIVIANO;CAMIONETAS;;;2010;DIESEL;39503;O2 EN ALTAS RPM;1;15
LIVIANO;CAMIONETAS;;;2010;DIESEL;39505;MONOXIDO DE CARBONO (CO) 2500 RPM;0;15
LIVIANO;CAMIONETAS;;;2010;DIESEL;39508;RPM EN ALTAS;2470;15
LIVIANO;CAMIONETAS;;;2010;GASOLINA;1301;ODOMETRO VEHICULO;172915;28371
LIVIANO;CAMIONETAS;;;2010;GASOLINA;38501;OPACIDAD - VEHI. DIE;0;2
LIVIANO;CAMIONETAS;;;2010;GASOLINA;39001;HIDROCARBUROS NO COMBUSTIONADOS (HC) RAL;52;21612
LIVIANO;CAMIONETAS;;;2010;GASOLINA;39003;O2 EN BAJAS;0;21612
LIVIANO;CAMIONETAS;;;2010;GASOLINA;39005;MONOXIDO DE CARBONO (CO) RALENTI;0;21617
LIVIANO;CAMIONETAS;;;2010;GASOLINA;39008;RPM EN RALENTI;780;21604
LIVIANO;CAMIONETAS;;;2010;GASOLINA;39501;HIDROCARBUROS NO COMBUSTIONADOS (HC) 250;39;21613
LIVIANO;CAMIONETAS;;;2010;GASOLINA;39503;O2 EN ALTAS RPM;0;21613
LIVIANO;CAMIONETAS;;;2010;GASOLINA;39505;MONOXIDO DE CARBONO (CO) 2500 RPM;0;21646
LIVIANO;CAMIONETAS;;;2010;GASOLINA;39508;RPM EN ALTAS;2473;21302
LIVIANO;CAMIONETAS;;;2011;DIESEL;1301;ODOMETRO VEHICULO;191960;14324
LIVIANO;CAMIONETAS;;;2011;DIESEL;38501;OPACIDAD - VEHI. DIE;16;10664
LIVIANO;CAMIONETAS;;;2011;DIESEL;39001;HIDROCARBUROS NO COMBUSTIONADOS (HC) RAL;28;6
LIVIANO;CAMIONETAS;;;2011;DIESEL;39003;O2 EN BAJAS;0;6
LIVIANO;CAMIONETAS;;;2011;DIESEL;39005;MONOXIDO DE CARBONO (CO) RALENTI;0;6
LIVIANO;CAMIONETAS;;;2011;DIESEL;39008;RPM EN RALENTI;790;6
LIVIANO;CAMIONETAS;;;2011;DIESEL;39501;HIDROCARBUROS NO COMBUSTIONADOS (HC) 250;35;6
LIVIANO;CAMIONETAS;;;2011;DIESEL;39503;O2 EN ALTAS RPM;0;6
LIVIANO;CAMIONETAS;;;2011;DIESEL;39505;MONOXIDO DE CARBONO (CO) 2500 RPM;0;6
LIVIANO;CAMIONETAS;;;2011;DIESEL;39508;RPM EN ALTAS;2528;6
LIVIANO;CAMIONETAS;;;2011;GASOLINA;1301;ODOMETRO VEHICULO;161862;33067
LIVIANO;CAMIONETAS;;;2011;GASOLINA;38501;OPACIDAD - VEHI. DIE;0;1
LIVIANO;CAMIONETAS;;;2011;GASOLINA;39001;HIDROCARBUROS NO COMBUSTIONADOS (HC) RAL;51;25182
LIVIANO;CAMIONETAS;;;2011;GASOLINA;39003;O2 EN BAJAS;0;25177
LIVIANO;CAMIONETAS;;;2011;GASOLINA;39005;MONOXIDO DE CARBONO (CO) RALENTI;0;25187
LIVIANO;CAMIONETAS;;;2011;GASOLINA;39008;RPM EN RALENTI;783;25170
LIVIANO;CAMIONETAS;;;2011;GASOLINA;39501;HIDROCARBUROS NO COMBUSTIONADOS (HC) 250;38;25177
LIVIANO;CAMIONETAS;;;2011;GASOLINA;39503;O2 EN ALTAS RPM;0;25177
LIVIANO;CAMIONETAS;;;2011;GASOLINA;39505;MONOXIDO DE CARBONO (CO) 2500 RPM;0;25222
LIVIANO;CAMIONETAS;;;2011;GASOLINA;39508;RPM EN ALTAS;2484;24809
LIVIANO;CAMIONETAS;;;2012;DIESEL;1301;ODOMETRO VEHICULO;176507;11867
LIVIANO;CAMIONETAS;;;2012;DIESEL;38501;OPACIDAD - VEHI. DIE;17;8650
LIVIANO;CAMIONETAS;;;2012;DIESEL;39001;HIDROCARBUROS NO COMBUSTIONADOS (HC) RAL;44;43
LIVIANO;CAMIONETAS;;;2012;DIESEL;39003;O2 EN BAJAS;0;43
LIVIANO;CAMIONETAS;;;2012;DIESEL;39005;MONOXIDO DE CARBONO (CO) RALENTI;0;43
LIVIANO;CAMIONETAS;;;2012;DIESEL;39008;RPM EN RALENTI;796;43
LIVIANO;CAMIONETAS;;;2012;DIESEL;39501;HIDROCARBUROS NO COMBUSTIONADOS (HC) 250;42;43
LIVIANO;CAMIONETAS;;;2012;DIESEL;39503;O2 EN ALTAS RPM;0;43
LIVIANO;CAMIONETAS;;;2012;DIESEL;39505;MONOXIDO DE CARBONO (CO) 2500 RPM;0;43
LIVIANO;CAMIONETAS;;;2012;DIESEL;39508;RPM EN ALTAS;2433;43
LIVIANO;CAMIONETAS;;;2012;GASOLINA;1301;ODOMETRO VEHICULO;147285;28589
LIVIANO;CAMIONETAS;;;2012;GASOLINA;38501;OPACIDAD - VEHI. DIE;6;11
LIVIANO;CAMIONETAS;;;2012;GASOLINA;39001;HIDROCARBUROS NO COMBUSTIONADOS (HC) RAL;47;21753
LIVIANO;CAMIONETAS;;;2012;GASOLINA;39003;O2 EN BAJAS;0;21746
LIVIANO;CAMIONETAS;;;2012;GASOLINA;39005;MONOXIDO DE CARBONO (CO) RALENTI;0;21752
LIVIANO;CAMIONETAS;;;2012;GASOLINA;39008;RPM EN RALENTI;788;21740
LIVIANO;CAMIONETAS;;;2012;GASOLINA;39501;HIDROCARBUROS NO COMBUSTIONADOS (HC) 250;37;21741
LIVIANO;CAMIONETAS;;;2012;GASOLINA;39503;O2 EN ALTAS RPM;0;21746
LIVIANO;CAMIONETAS;;;2012;GASOLINA;39505;MONOXIDO DE CARBONO (CO) 2500 RPM;0;21763
LIVIANO;CAMIONETAS;;;2012;GASOLINA;39508;RPM EN ALTAS;2481;21430
LIVIANO;CAMIONETAS;;;2013;DIESEL;1301;ODOMETRO VEHICULO;157450;13231
LIVIANO;CAMIONETAS;;;2013;DIESEL;38501;OPACIDAD - VEHI. DIE;18;9961
LIVIANO;CAMIONETAS;;;2013;DIESEL;39001;HIDROCARBUROS NO COMBUSTIONADOS (HC) RAL;30;16
LIVIANO;CAMIONETAS;;;2013;DIESEL;39003;O2 EN BAJAS;0;16
LIVIANO;CAMIONETAS;;;2013;DIESEL;39005;MONOXIDO DE CARBONO (CO) RALENTI;0;16
LIVIANO;CAMIONETAS;;;2013;DIESEL;39008;RPM EN RALENTI;813;16
LIVIANO;CAMIONETAS;;;2013;DIESEL;39501;HIDROCARBUROS NO COMBUSTIONADOS (HC) 250;35;16
LIVIANO;CAMIONETAS;;;2013;DIESEL;39503;O2 EN ALTAS RPM;0;16
LIVIANO;CAMIONETAS;;;2013;DIESEL;39505;MONOXIDO DE CARBONO (CO) 2500 RPM;0;16
LIVIANO;CAMIONETAS;;;2013;DIESEL;39508;RPM EN ALTAS;2482;16
LIVIANO;CAMIONETAS;;;2013;GASOLINA;1301;ODOMETRO VEHICULO;135372;26113
LIVIANO;CAMIONETAS;;;2013;GASOLINA;39001;HIDROCARBUROS NO COMBUSTIONADOS (HC) RAL;53;20302
LIVIANO;CAMIONETAS;;;2013;GASOLINA;39003;O2 EN BAJAS;0;20302
LIVIANO;CAMIONETAS;;;2013;GASOLINA;39005;MONOXIDO DE CARBONO (CO) RALENTI;0;20305
LIVIANO;CAMIONETAS;;;2013;GASOLINA;39008;RPM EN RALENTI;783;20298
LIVIANO;CAMIONETAS;;;2013;GASOLINA;39501;HIDROCARBUROS NO COMBUSTIONADOS (HC) 250;39;20303
LIVIANO;CAMIONETAS;;;2013;GASOLINA;39503;O2 EN ALTAS RPM;0;20302
LIVIANO;CAMIONETAS;;;2013;GASOLINA;39505;MONOXIDO DE CARBONO (CO) 2500 RPM;0;20327
LIVIANO;CAMIONETAS;;;2013;GASOLINA;39508;RPM EN ALTAS;2478;19970
LIVIANO;CAMIONETAS;;;2014;DIESEL;1301;ODOMETRO VEHICULO;150624;7654
LIVIANO;CAMIONETAS;;;2014;DIESEL;38501;OPACIDAD - VEHI. DIE;20;5953
LIVIANO;CAMIONETAS;;;2014;GASOLINA;1301;ODOMETRO VEHICULO;129791;9420
LIVIANO;CAMIONETAS;;;2014;GASOLINA;39001;HIDROCARBUROS NO COMBUSTIONADOS (HC) RAL;33;7486
LIVIANO;CAMIONETAS;;;2014;GASOLINA;39003;O2 EN BAJAS;0;7485
LIVIANO;CAMIONETAS;;;2014;GASOLINA;39005;MONOXIDO DE CARBONO (CO) RALENTI;0;7485
LIVIANO;CAMIONETAS;;;2014;GASOLINA;39008;RPM EN RALENTI;774;7485
LIVIANO;CAMIONETAS;;;2014;GASOLINA;39501;HIDROCARBUROS NO COMBUSTIONADOS (HC) 250;28;7487
LIVIANO;CAMIONETAS;;;2014;GASOLINA;39503;O2 EN ALTAS RPM;0;7487
LIVIANO;CAMIONETAS;;;2014;GASOLINA;39505;MONOXIDO DE CARBONO (CO) 2500 RPM;0;7488
LIVIANO;CAMIONETAS;;;2014;GASOLINA;39508;RPM EN ALTAS;2481;7358
LIVIANO;CAMIONETAS;;;2015;DIESEL;1301;ODOMETRO VEHICULO;127973;7411
LIVIANO;CAMIONETAS;;;2015;DIESEL;38501;OPACIDAD - VEHI. DIE;19;5949
LIVIANO;CAMIONETAS;;;2015;DIESEL;39001;HIDROCARBUROS NO COMBUSTIONADOS (HC) RAL;13;8
LIVIANO;CAMIONETAS;;;2015;DIESEL;39003;O2 EN BAJAS;0;8
LIVIANO;CAMIONETAS;;;2015;DIESEL;39005;MONOXIDO DE CARBONO (CO) RALENTI;0;8
LIVIANO;CAMIONETAS;;;2015;DIESEL;39008;RPM EN RALENTI;786;8
LIVIANO;CAMIONETAS;;;2015;DIESEL;39501;HIDROCARBUROS NO COMBUSTIONADOS (HC) 250;15;8
LIVIANO;CAMIONETAS;;;2015;DIESEL;39503;O2 EN ALTAS RPM;1;8
LIVIANO;CAMIONETAS;;;2015;DIESEL;39505;MONOXIDO DE CARBONO (CO) 2500 RPM;0;8
LIVIANO;CAMIONETAS;;;2015;DIESEL;39508;RPM EN ALTAS;2432;8
LIVIANO;CAMIONETAS;;;2015;GASOLINA;1301;ODOMETRO VEHICULO;107051;7516
LIVIANO;CAMIONETAS;;;2015;GASOLINA;38501;OPACIDAD - VEHI. DIE;3;3
LIVIANO;CAMIONETAS;;;2015;GASOLINA;39001;HIDROCARBUROS NO COMBUSTIONADOS (HC) RAL;34;6138
LIVIANO;CAMIONETAS;;;2015;GASOLINA;39003;O2 EN BAJAS;0;6138
LIVIANO;CAMIONETAS;;;2015;GASOLINA;39005;MONOXIDO DE CARBONO (CO) RALENTI;0;6138
LIVIANO;CAMIONETAS;;;2015;GASOLINA;39008;RPM EN RALENTI;777;6138
LIVIANO;CAMIONETAS;;;2015;GASOLINA;39501;HIDROCARBUROS NO COMBUSTIONADOS (HC) 250;27;6137
LIVIANO;CAMIONETAS;;;2015;GASOLINA;39503;O2 EN ALTAS RPM;0;6137
LIVIANO;CAMIONETAS;;;2015;GASOLINA;39505;MONOXIDO DE CARBONO (CO) 2500 RPM;0;6138
LIVIANO;CAMIONETAS;;;2015;GASOLINA;39508;RPM EN ALTAS;2484;6020
LIVIANO;CAMIONETAS;;;2016;DIESEL;1301;ODOMETRO VEHICULO;112465;2311
LIVIANO;CAMIONETAS;;;2016;DIESEL;38501;OPACIDAD - VEHI. DIE;15;1940
LIVIANO;CAMIONETAS;;;2016;GASOLINA;1301;ODOMETRO VEHICULO;95370;2523
LIVIANO;CAMIONETAS;;;2016;GASOLINA;38501;OPACIDAD - VEHI. DIE;4;1
LIVIANO;CAMIONETAS;;;2016;GASOLINA;39001;HIDROCARBUROS NO COMBUSTIONADOS (HC) RAL;39;2127
LIVIANO;CAMIONETAS;;;2016;GASOLINA;39003;O2 EN BAJAS;0;2127
LIVIANO;CAMIONETAS;;;2016;GASOLINA;39005;MONOXIDO DE CARBONO (CO) RALENTI;0;2127
LIVIANO;CAMIONETAS;;;2016;GASOLINA;39008;RPM EN RALENTI;774;2127
LIVIANO;CAMIONETAS;;;2016;GASOLINA;39501;HIDROCARBUROS NO COMBUSTIONADOS (HC) 250;27;2127
LIVIANO;CAMIONETAS;;;2016;GASOLINA;39503;O2 EN ALTAS RPM;0;2127
LIVIANO;CAMIONETAS;;;2016;GASOLINA;39505;MONOXIDO DE CARBONO (CO) 2500 RPM;0;2127
LIVIANO;CAMIONETAS;;;2016;GASOLINA;39508;RPM EN ALTAS;2487;2082
LIVIANO;CAMIONETAS;;;2017;DIESEL;1301;ODOMETRO VEHICULO;99007;2886
LIVIANO;CAMIONETAS;;;2017;DIESEL;38501;OPACIDAD - VEHI. DIE;16;2427
LIVIANO;CAMIONETAS;;;2017;GASOLINA;1301;ODOMETRO VEHICULO;81370;1628
LIVIANO;CAMIONETAS;;;2017;GASOLINA;38501;OPACIDAD - VEHI. DIE;0;1
LIVIANO;CAMIONETAS;;;2017;GASOLINA;39001;HIDROCARBUROS NO COMBUSTIONADOS (HC) RAL;33;1414
LIVIANO;CAMIONETAS;;;2017;GASOLINA;39003;O2 EN BAJAS;0;1414
LIVIANO;CAMIONETAS;;;2017;GASOLINA;39005;MONOXIDO DE CARBONO (CO) RALENTI;0;1414
LIVIANO;CAMIONETAS;;;2017;GASOLINA;39008;RPM EN RALENTI;769;1414
LIVIANO;CAMIONETAS;;;2017;GASOLINA;39501;HIDROCARBUROS NO COMBUSTIONADOS (HC) 250;24;1414
LIVIANO;CAMIONETAS;;;2017;GASOLINA;39503;O2 EN ALTAS RPM;0;1414
LIVIANO;CAMIONETAS;;;2017;GASOLINA;39505;MONOXIDO DE CARBONO (CO) 2500 RPM;0;1414
LIVIANO;CAMIONETAS;;;2017;GASOLINA;39508;RPM EN ALTAS;2479;1372
LIVIANO;CAMIONETAS;;;2018;DIESEL;1301;ODOMETRO VEHICULO;79074;5809
LIVIANO;CAMIONETAS;;;2018;DIESEL;38501;OPACIDAD - VEHI. DIE;15;4944
LIVIANO;CAMIONETAS;;;2018;DIESEL;39001;HIDROCARBUROS NO COMBUSTIONADOS (HC) RAL;13;1
LIVIANO;CAMIONETAS;;;2018;DIESEL;39003;O2 EN BAJAS;0;1
LIVIANO;CAMIONETAS;;;2018;DIESEL;39005;MONOXIDO DE CARBONO (CO) RALENTI;0;1
LIVIANO;CAMIONETAS;;;2018;DIESEL;39008;RPM EN RALENTI;900;1
LIVIANO;CAMIONETAS;;;2018;DIESEL;39501;HIDROCARBUROS NO COMBUSTIONADOS (HC) 250;14;1
LIVIANO;CAMIONETAS;;;2018;DIESEL;39503;O2 EN ALTAS RPM;0;1
LIVIANO;CAMIONETAS;;;2018;DIESEL;39505;MONOXIDO DE CARBONO (CO) 2500 RPM;0;1
LIVIANO;CAMIONETAS;;;2018;DIESEL;39508;RPM EN ALTAS;2400;1
LIVIANO;CAMIONETAS;;;2018;GASOLINA;1301;ODOMETRO VEHICULO;70024;2745
LIVIANO;CAMIONETAS;;;2018;GASOLINA;39001;HIDROCARBUROS NO COMBUSTIONADOS (HC) RAL;24;2404
LIVIANO;CAMIONETAS;;;2018;GASOLINA;39003;O2 EN BAJAS;0;2404
LIVIANO;CAMIONETAS;;;2018;GASOLINA;39005;MONOXIDO DE CARBONO (CO) RALENTI;0;2404
LIVIANO;CAMIONETAS;;;2018;GASOLINA;39008;RPM EN RALENTI;757;2404
LIVIANO;CAMIONETAS;;;2018;GASOLINA;39501;HIDROCARBUROS NO COMBUSTIONADOS (HC) 250;22;2404
LIVIANO;CAMIONETAS;;;2018;GASOLINA;39503;O2 EN ALTAS RPM;0;2404
LIVIANO;CAMIONETAS;;;2018;GASOLINA;39505;MONOXIDO DE CARBONO (CO) 2500 RPM;0;2404
LIVIANO;CAMIONETAS;;;2018;GASOLINA;39508;RPM EN ALTAS;2473;2340
LIVIANO;CAMIONETAS;;;2019;DIESEL;1301;ODOMETRO VEHICULO;63053;7528
LIVIANO;CAMIONETAS;;;2019;DIESEL;38501;OPACIDAD - VEHI. DIE;15;6730
LIVIANO;CAMIONETAS;;;2019;GASOLINA;1301;ODOMETRO VEHICULO;58222;4847
LIVIANO;CAMIONETAS;;;2019;GASOLINA;38501;OPACIDAD - VEHI. DIE;0;3
LIVIANO;CAMIONETAS;;;2019;GASOLINA;39001;HIDROCARBUROS NO COMBUSTIONADOS (HC) RAL;15;4248
LIVIANO;CAMIONETAS;;;2019;GASOLINA;39003;O2 EN BAJAS;0;4248
LIVIANO;CAMIONETAS;;;2019;GASOLINA;39005;MONOXIDO DE CARBONO (CO) RALENTI;0;4248
LIVIANO;CAMIONETAS;;;2019;GASOLINA;39008;RPM EN RALENTI;772;4248
LIVIANO;CAMIONETAS;;;2019;GASOLINA;39501;HIDROCARBUROS NO COMBUSTIONADOS (HC) 250;15;4248
LIVIANO;CAMIONETAS;;;2019;GASOLINA;39503;O2 EN ALTAS RPM;0;4249
LIVIANO;CAMIONETAS;;;2019;GASOLINA;39505;MONOXIDO DE CARBONO (CO) 2500 RPM;0;4249
LIVIANO;CAMIONETAS;;;2019;GASOLINA;39508;RPM EN ALTAS;2478;4107
LIVIANO;CAMIONETAS;;;2020;DIESEL;1301;ODOMETRO VEHICULO;56587;2693
LIVIANO;CAMIONETAS;;;2020;DIESEL;38501;OPACIDAD - VEHI. DIE;18;2408
LIVIANO;CAMIONETAS;;;2020;GASOLINA;1301;ODOMETRO VEHICULO;45134;1516
LIVIANO;CAMIONETAS;;;2020;GASOLINA;38501;OPACIDAD - VEHI. DIE;28;1
LIVIANO;CAMIONETAS;;;2020;GASOLINA;39001;HIDROCARBUROS NO COMBUSTIONADOS (HC) RAL;11;1360
LIVIANO;CAMIONETAS;;;2020;GASOLINA;39003;O2 EN BAJAS;0;1360
LIVIANO;CAMIONETAS;;;2020;GASOLINA;39005;MONOXIDO DE CARBONO (CO) RALENTI;0;1360
LIVIANO;CAMIONETAS;;;2020;GASOLINA;39008;RPM EN RALENTI;715;1360
LIVIANO;CAMIONETAS;;;2020;GASOLINA;39501;HIDROCARBUROS NO COMBUSTIONADOS (HC) 250;10;1360
LIVIANO;CAMIONETAS;;;2020;GASOLINA;39503;O2 EN ALTAS RPM;0;1360
LIVIANO;CAMIONETAS;;;2020;GASOLINA;39505;MONOXIDO DE CARBONO (CO) 2500 RPM;0;1360
LIVIANO;CAMIONETAS;;;2020;GASOLINA;39508;RPM EN ALTAS;2489;1316
LIVIANO;CAMIONETAS;;;2021;DIESEL;1301;ODOMETRO VEHICULO;48226;1327
LIVIANO;CAMIONETAS;;;2021;DIESEL;38501;OPACIDAD - VEHI. DIE;17;1200
LIVIANO;CAMIONETAS;;;2021;GASOLINA;1301;ODOMETRO VEHICULO;36758;567
LIVIANO;CAMIONETAS;;;2021;GASOLINA;39001;HIDROCARBUROS NO COMBUSTIONADOS (HC) RAL;9;508
LIVIANO;CAMIONETAS;;;2021;GASOLINA;39003;O2 EN BAJAS;0;508
LIVIANO;CAMIONETAS;;;2021;GASOLINA;39005;MONOXIDO DE CARBONO (CO) RALENTI;0;508
LIVIANO;CAMIONETAS;;;2021;GASOLINA;39008;RPM EN RALENTI;754;508
LIVIANO;CAMIONETAS;;;2021;GASOLINA;39501;HIDROCARBUROS NO COMBUSTIONADOS (HC) 250;9;508
LIVIANO;CAMIONETAS;;;2021;GASOLINA;39503;O2 EN ALTAS RPM;0;508
LIVIANO;CAMIONETAS;;;2021;GASOLINA;39505;MONOXIDO DE CARBONO (CO) 2500 RPM;0;508
LIVIANO;CAMIONETAS;;;2021;GASOLINA;39508;RPM EN ALTAS;2480;506
LIVIANO;CAMIONETAS;;;2022;DIESEL;1301;ODOMETRO VEHICULO;30209;2124
LIVIANO;CAMIONETAS;;;2022;DIESEL;38501;OPACIDAD - VEHI. DIE;13;1954
LIVIANO;CAMIONETAS;;;2022;GASOLINA;1301;ODOMETRO VEHICULO;23994;1019
LIVIANO;CAMIONETAS;;;2022;GASOLINA;38501;OPACIDAD - VEHI. DIE;2;1
LIVIANO;CAMIONETAS;;;2022;GASOLINA;39001;HIDROCARBUROS NO COMBUSTIONADOS (HC) RAL;8;939
LIVIANO;CAMIONETAS;;;2022;GASOLINA;39003;O2 EN BAJAS;0;939
LIVIANO;CAMIONETAS;;;2022;GASOLINA;39005;MONOXIDO DE CARBONO (CO) RALENTI;0;939
LIVIANO;CAMIONETAS;;;2022;GASOLINA;39008;RPM EN RALENTI;754;939
LIVIANO;CAMIONETAS;;;2022;GASOLINA;39501;HIDROCARBUROS NO COMBUSTIONADOS (HC) 250;11;940
LIVIANO;CAMIONETAS;;;2022;GASOLINA;39503;O2 EN ALTAS RPM;0;940
LIVIANO;CAMIONETAS;;;2022;GASOLINA;39505;MONOXIDO DE CARBONO (CO) 2500 RPM;0;940
LIVIANO;CAMIONETAS;;;2022;GASOLINA;39508;RPM EN ALTAS;2471;932
LIVIANO;CAMIONETAS;;;2023;DIESEL;1301;ODOMETRO VEHICULO;9080;33
LIVIANO;CAMIONETAS;;;2023;DIESEL;38501;OPACIDAD - VEHI. DIE;12;40
LIVIANO;CAMIONETAS;;;2023;GASOLINA;1301;ODOMETRO VEHICULO;8863;7
LIVIANO;CAMIONETAS;;;2023;GASOLINA;39001;HIDROCARBUROS NO COMBUSTIONADOS (HC) RAL;9;12
LIVIANO;CAMIONETAS;;;2023;GASOLINA;39003;O2 EN BAJAS;0;12
LIVIANO;CAMIONETAS;;;2023;GASOLINA;39005;MONOXIDO DE CARBONO (CO) RALENTI;0;12
LIVIANO;CAMIONETAS;;;2023;GASOLINA;39008;RPM EN RALENTI;717;12
LIVIANO;CAMIONETAS;;;2023;GASOLINA;39501;HIDROCARBUROS NO COMBUSTIONADOS (HC) 250;8;12
LIVIANO;CAMIONETAS;;;2023;GASOLINA;39503;O2 EN ALTAS RPM;0;12
LIVIANO;CAMIONETAS;;;2023;GASOLINA;39505;MONOXIDO DE CARBONO (CO) 2500 RPM;0;12
LIVIANO;CAMIONETAS;;;2023;GASOLINA;39508;RPM EN ALTAS;2511;10
LIVIANO;CAMIONETAS;;;2024;DIESEL;1301;ODOMETRO VEHICULO;353;38
LIVIANO;CAMIONETAS;;;2024;DIESEL;38501;OPACIDAD - VEHI. DIE;8;38
LIVIANO;CAMIONETAS;;;2024;GASOLINA;1301;ODOMETRO VEHICULO;171;6
LIVIANO;CAMIONETAS;;;2024;GASOLINA;39001;HIDROCARBUROS NO COMBUSTIONADOS (HC) RAL;1;6
LIVIANO;CAMIONETAS;;;2024;GASOLINA;39003;O2 EN BAJAS;0;6
LIVIANO;CAMIONETAS;;;2024;GASOLINA;39005;MONOXIDO DE CARBONO (CO) RALENTI;0;6
LIVIANO;CAMIONETAS;;;2024;GASOLINA;39008;RPM EN RALENTI;666;6
LIVIANO;CAMIONETAS;;;2024;GASOLINA;39501;HIDROCARBUROS NO COMBUSTIONADOS (HC) 250;2;6
LIVIANO;CAMIONETAS;;;2024;GASOLINA;39503;O2 EN ALTAS RPM;0;6
LIVIANO;CAMIONETAS;;;2024;GASOLINA;39505;MONOXIDO DE CARBONO (CO) 2500 RPM;0;6
LIVIANO;CAMIONETAS;;;2024;GASOLINA;39508;RPM EN ALTAS;2447;4
LIVIANO;CAMIONETAS;;;2025;DIESEL;1301;ODOMETRO VEHICULO;204;17
LIVIANO;CAMIONETAS;;;2025;DIESEL;38501;OPACIDAD - VEHI. DIE;6;17
LIVIANO;CAMIONETAS;;;2025;GASOLINA;1301;ODOMETRO VEHICULO;25;1
LIVIANO;CAMIONETAS;;;2025;GASOLINA;39001;HIDROCARBUROS NO COMBUSTIONADOS (HC) RAL;3;1
LIVIANO;CAMIONETAS;;;2025;GASOLINA;39003;O2 EN BAJAS;0;1
LIVIANO;CAMIONETAS;;;2025;GASOLINA;39005;MONOXIDO DE CARBONO (CO) RALENTI;0;1
LIVIANO;CAMIONETAS;;;2025;GASOLINA;39008;RPM EN RALENTI;660;1
LIVIANO;CAMIONETAS;;;2025;GASOLINA;39501;HIDROCARBUROS NO COMBUSTIONADOS (HC) 250;4;1
LIVIANO;CAMIONETAS;;;2025;GASOLINA;39503;O2 EN ALTAS RPM;0;1
LIVIANO;CAMIONETAS;;;2025;GASOLINA;39505;MONOXIDO DE CARBONO (CO) 2500 RPM;0;1
LIVIANO;CAMIONETAS;;;2025;GASOLINA;39508;RPM EN ALTAS;2510;1
LIVIANO;CAMIONETAS;CAMIONETAS;;2001;GASOLINA;1301;ODOMETRO VEHICULO;485248;8
LIVIANO;CAMIONETAS;CAMIONETAS;;2001;GASOLINA;39001;HIDROCARBUROS NO COMBUSTIONADOS (HC) RAL;191;6
LIVIANO;CAMIONETAS;CAMIONETAS;;2001;GASOLINA;39003;O2 EN BAJAS;0;6
LIVIANO;CAMIONETAS;CAMIONETAS;;2001;GASOLINA;39005;MONOXIDO DE CARBONO (CO) RALENTI;0;6
LIVIANO;CAMIONETAS;CAMIONETAS;;2001;GASOLINA;39008;RPM EN RALENTI;796;6
LIVIANO;CAMIONETAS;CAMIONETAS;;2001;GASOLINA;39501;HIDROCARBUROS NO COMBUSTIONADOS (HC) 250;85;6
LIVIANO;CAMIONETAS;CAMIONETAS;;2001;GASOLINA;39503;O2 EN ALTAS RPM;0;6
LIVIANO;CAMIONETAS;CAMIONETAS;;2001;GASOLINA;39505;MONOXIDO DE CARBONO (CO) 2500 RPM;0;6
LIVIANO;CAMIONETAS;CAMIONETAS;;2001;GASOLINA;39508;RPM EN ALTAS;2526;6
LIVIANO;CAMIONETAS;CAMIONETAS;;2002;GASOLINA;1301;ODOMETRO VEHICULO;250985;16
LIVIANO;CAMIONETAS;CAMIONETAS;;2002;GASOLINA;39001;HIDROCARBUROS NO COMBUSTIONADOS (HC) RAL;83;7
LIVIANO;CAMIONETAS;CAMIONETAS;;2002;GASOLINA;39003;O2 EN BAJAS;0;7
LIVIANO;CAMIONETAS;CAMIONETAS;;2002;GASOLINA;39005;MONOXIDO DE CARBONO (CO) RALENTI;0;7
LIVIANO;CAMIONETAS;CAMIONETAS;;2002;GASOLINA;39008;RPM EN RALENTI;830;7
LIVIANO;CAMIONETAS;CAMIONETAS;;2002;GASOLINA;39501;HIDROCARBUROS NO COMBUSTIONADOS (HC) 250;63;7
LIVIANO;CAMIONETAS;CAMIONETAS;;2002;GASOLINA;39503;O2 EN ALTAS RPM;0;7
LIVIANO;CAMIONETAS;CAMIONETAS;;2002;GASOLINA;39505;MONOXIDO DE CARBONO (CO) 2500 RPM;0;7
LIVIANO;CAMIONETAS;CAMIONETAS;;2002;GASOLINA;39508;RPM EN ALTAS;2532;7
LIVIANO;CAMIONETAS;CAMIONETAS;;2003;DIESEL;1301;ODOMETRO VEHICULO;223045;23
LIVIANO;CAMIONETAS;CAMIONETAS;;2003;DIESEL;38501;OPACIDAD - VEHI. DIE;27;14
LIVIANO;CAMIONETAS;CAMIONETAS;;2003;GASOLINA;1301;ODOMETRO VEHICULO;550420;27
LIVIANO;CAMIONETAS;CAMIONETAS;;2003;GASOLINA;39001;HIDROCARBUROS NO COMBUSTIONADOS (HC) RAL;171;22
LIVIANO;CAMIONETAS;CAMIONETAS;;2003;GASOLINA;39003;O2 EN BAJAS;1;22
LIVIANO;CAMIONETAS;CAMIONETAS;;2003;GASOLINA;39005;MONOXIDO DE CARBONO (CO) RALENTI;0;22
LIVIANO;CAMIONETAS;CAMIONETAS;;2003;GASOLINA;39008;RPM EN RALENTI;852;22
LIVIANO;CAMIONETAS;CAMIONETAS;;2003;GASOLINA;39501;HIDROCARBUROS NO COMBUSTIONADOS (HC) 250;91;22
LIVIANO;CAMIONETAS;CAMIONETAS;;2003;GASOLINA;39503;O2 EN ALTAS RPM;1;22
LIVIANO;CAMIONETAS;CAMIONETAS;;2003;GASOLINA;39505;MONOXIDO DE CARBONO (CO) 2500 RPM;0;22
LIVIANO;CAMIONETAS;CAMIONETAS;;2003;GASOLINA;39508;RPM EN ALTAS;2507;22
LIVIANO;CAMIONETAS;CAMIONETAS;;2004;GASOLINA;1301;ODOMETRO VEHICULO;374542;79
LIVIANO;CAMIONETAS;CAMIONETAS;;2004;GASOLINA;39001;HIDROCARBUROS NO COMBUSTIONADOS (HC) RAL;93;57
LIVIANO;CAMIONETAS;CAMIONETAS;;2004;GASOLINA;39003;O2 EN BAJAS;0;57
LIVIANO;CAMIONETAS;CAMIONETAS;;2004;GASOLINA;39005;MONOXIDO DE CARBONO (CO) RALENTI;0;57
LIVIANO;CAMIONETAS;CAMIONETAS;;2004;GASOLINA;39008;RPM EN RALENTI;808;57
LIVIANO;CAMIONETAS;CAMIONETAS;;2004;GASOLINA;39501;HIDROCARBUROS NO COMBUSTIONADOS (HC) 250;61;57
LIVIANO;CAMIONETAS;CAMIONETAS;;2004;GASOLINA;39503;O2 EN ALTAS RPM;0;57
LIVIANO;CAMIONETAS;CAMIONETAS;;2004;GASOLINA;39505;MONOXIDO DE CARBONO (CO) 2500 RPM;0;57
LIVIANO;CAMIONETAS;CAMIONETAS;;2004;GASOLINA;39508;RPM EN ALTAS;2494;55
LIVIANO;CAMIONETAS;CAMIONETAS;;2005;DIESEL;1301;ODOMETRO VEHICULO;488119;21
LIVIANO;CAMIONETAS;CAMIONETAS;;2005;DIESEL;38501;OPACIDAD - VEHI. DIE;32;14
LIVIANO;CAMIONETAS;CAMIONETAS;;2005;GASOLINA;1301;ODOMETRO VEHICULO;380641;544
LIVIANO;CAMIONETAS;CAMIONETAS;;2005;GASOLINA;39001;HIDROCARBUROS NO COMBUSTIONADOS (HC) RAL;108;359
LIVIANO;CAMIONETAS;CAMIONETAS;;2005;GASOLINA;39003;O2 EN BAJAS;0;359
LIVIANO;CAMIONETAS;CAMIONETAS;;2005;GASOLINA;39005;MONOXIDO DE CARBONO (CO) RALENTI;0;360
LIVIANO;CAMIONETAS;CAMIONETAS;;2005;GASOLINA;39008;RPM EN RALENTI;815;359
LIVIANO;CAMIONETAS;CAMIONETAS;;2005;GASOLINA;39501;HIDROCARBUROS NO COMBUSTIONADOS (HC) 250;69;359
LIVIANO;CAMIONETAS;CAMIONETAS;;2005;GASOLINA;39503;O2 EN ALTAS RPM;0;359
LIVIANO;CAMIONETAS;CAMIONETAS;;2005;GASOLINA;39505;MONOXIDO DE CARBONO (CO) 2500 RPM;0;359
LIVIANO;CAMIONETAS;CAMIONETAS;;2005;GASOLINA;39508;RPM EN ALTAS;2504;352
LIVIANO;CAMIONETAS;CAMIONETAS;;2006;DIESEL;1301;ODOMETRO VEHICULO;523120;80
LIVIANO;CAMIONETAS;CAMIONETAS;;2006;DIESEL;38501;OPACIDAD - VEHI. DIE;13;46
LIVIANO;CAMIONETAS;CAMIONETAS;;2006;GASOLINA;1301;ODOMETRO VEHICULO;391206;541
LIVIANO;CAMIONETAS;CAMIONETAS;;2006;GASOLINA;39001;HIDROCARBUROS NO COMBUSTIONADOS (HC) RAL;124;366
LIVIANO;CAMIONETAS;CAMIONETAS;;2006;GASOLINA;39003;O2 EN BAJAS;1;367
LIVIANO;CAMIONETAS;CAMIONETAS;;2006;GASOLINA;39005;MONOXIDO DE CARBONO (CO) RALENTI;0;366
LIVIANO;CAMIONETAS;CAMIONETAS;;2006;GASOLINA;39008;RPM EN RALENTI;808;366
LIVIANO;CAMIONETAS;CAMIONETAS;;2006;GASOLINA;39501;HIDROCARBUROS NO COMBUSTIONADOS (HC) 250;80;367
LIVIANO;CAMIONETAS;CAMIONETAS;;2006;GASOLINA;39503;O2 EN ALTAS RPM;0;367
LIVIANO;CAMIONETAS;CAMIONETAS;;2006;GASOLINA;39505;MONOXIDO DE CARBONO (CO) 2500 RPM;0;369
LIVIANO;CAMIONETAS;CAMIONETAS;;2006;GASOLINA;39508;RPM EN ALTAS;2507;363
LIVIANO;CAMIONETAS;CAMIONETAS;;2007;DIESEL;1301;ODOMETRO VEHICULO;291087;40
LIVIANO;CAMIONETAS;CAMIONETAS;;2007;DIESEL;38501;OPACIDAD - VEHI. DIE;22;26
LIVIANO;CAMIONETAS;CAMIONETAS;;2007;GASOLINA;1301;ODOMETRO VEHICULO;373952;744
LIVIANO;CAMIONETAS;CAMIONETAS;;2007;GASOLINA;39001;HIDROCARBUROS NO COMBUSTIONADOS (HC) RAL;91;536
LIVIANO;CAMIONETAS;CAMIONETAS;;2007;GASOLINA;39003;O2 EN BAJAS;0;536
LIVIANO;CAMIONETAS;CAMIONETAS;;2007;GASOLINA;39005;MONOXIDO DE CARBONO (CO) RALENTI;0;536
LIVIANO;CAMIONETAS;CAMIONETAS;;2007;GASOLINA;39008;RPM EN RALENTI;779;535
LIVIANO;CAMIONETAS;CAMIONETAS;;2007;GASOLINA;39501;HIDROCARBUROS NO COMBUSTIONADOS (HC) 250;68;535
LIVIANO;CAMIONETAS;CAMIONETAS;;2007;GASOLINA;39503;O2 EN ALTAS RPM;0;535
LIVIANO;CAMIONETAS;CAMIONETAS;;2007;GASOLINA;39505;MONOXIDO DE CARBONO (CO) 2500 RPM;0;537
LIVIANO;CAMIONETAS;CAMIONETAS;;2007;GASOLINA;39508;RPM EN ALTAS;2495;530
LIVIANO;CAMIONETAS;CAMIONETAS;;2008;DIESEL;1301;ODOMETRO VEHICULO;427915;190
LIVIANO;CAMIONETAS;CAMIONETAS;;2008;DIESEL;38501;OPACIDAD - VEHI. DIE;19;121
LIVIANO;CAMIONETAS;CAMIONETAS;;2008;GASOLINA;1301;ODOMETRO VEHICULO;356826;1574
LIVIANO;CAMIONETAS;CAMIONETAS;;2008;GASOLINA;39001;HIDROCARBUROS NO COMBUSTIONADOS (HC) RAL;95;1095
LIVIANO;CAMIONETAS;CAMIONETAS;;2008;GASOLINA;39003;O2 EN BAJAS;0;1091
LIVIANO;CAMIONETAS;CAMIONETAS;;2008;GASOLINA;39005;MONOXIDO DE CARBONO (CO) RALENTI;0;1091
LIVIANO;CAMIONETAS;CAMIONETAS;;2008;GASOLINA;39008;RPM EN RALENTI;804;1092
LIVIANO;CAMIONETAS;CAMIONETAS;;2008;GASOLINA;39501;HIDROCARBUROS NO COMBUSTIONADOS (HC) 250;62;1092
LIVIANO;CAMIONETAS;CAMIONETAS;;2008;GASOLINA;39503;O2 EN ALTAS RPM;0;1092
LIVIANO;CAMIONETAS;CAMIONETAS;;2008;GASOLINA;39505;MONOXIDO DE CARBONO (CO) 2500 RPM;0;1098
LIVIANO;CAMIONETAS;CAMIONETAS;;2008;GASOLINA;39508;RPM EN ALTAS;2502;1070
LIVIANO;CAMIONETAS;CAMIONETAS;;2009;DIESEL;1301;ODOMETRO VEHICULO;404111;334
LIVIANO;CAMIONETAS;CAMIONETAS;;2009;DIESEL;38501;OPACIDAD - VEHI. DIE;29;230
LIVIANO;CAMIONETAS;CAMIONETAS;;2009;GASOLINA;1301;ODOMETRO VEHICULO;348052;2115
LIVIANO;CAMIONETAS;CAMIONETAS;;2009;GASOLINA;39001;HIDROCARBUROS NO COMBUSTIONADOS (HC) RAL;93;1490
LIVIANO;CAMIONETAS;CAMIONETAS;;2009;GASOLINA;39003;O2 EN BAJAS;0;1486
LIVIANO;CAMIONETAS;CAMIONETAS;;2009;GASOLINA;39005;MONOXIDO DE CARBONO (CO) RALENTI;0;1492
LIVIANO;CAMIONETAS;CAMIONETAS;;2009;GASOLINA;39008;RPM EN RALENTI;791;1486
LIVIANO;CAMIONETAS;CAMIONETAS;;2009;GASOLINA;39501;HIDROCARBUROS NO COMBUSTIONADOS (HC) 250;64;1487
LIVIANO;CAMIONETAS;CAMIONETAS;;2009;GASOLINA;39503;O2 EN ALTAS RPM;0;1487
LIVIANO;CAMIONETAS;CAMIONETAS;;2009;GASOLINA;39505;MONOXIDO DE CARBONO (CO) 2500 RPM;0;1496
LIVIANO;CAMIONETAS;CAMIONETAS;;2009;GASOLINA;39508;RPM EN ALTAS;2502;1469
LIVIANO;CAMIONETAS;CAMIONETAS;;2010;DIESEL;1301;ODOMETRO VEHICULO;336818;526
LIVIANO;CAMIONETAS;CAMIONETAS;;2010;DIESEL;38501;OPACIDAD - VEHI. DIE;27;366
LIVIANO;CAMIONETAS;CAMIONETAS;;2010;GASOLINA;1301;ODOMETRO VEHICULO;310232;2000
LIVIANO;CAMIONETAS;CAMIONETAS;;2010;GASOLINA;39001;HIDROCARBUROS NO COMBUSTIONADOS (HC) RAL;92;1392
LIVIANO;CAMIONETAS;CAMIONETAS;;2010;GASOLINA;39003;O2 EN BAJAS;0;1391
LIVIANO;CAMIONETAS;CAMIONETAS;;2010;GASOLINA;39005;MONOXIDO DE CARBONO (CO) RALENTI;0;1392
LIVIANO;CAMIONETAS;CAMIONETAS;;2010;GASOLINA;39008;RPM EN RALENTI;792;1391
LIVIANO;CAMIONETAS;CAMIONETAS;;2010;GASOLINA;39501;HIDROCARBUROS NO COMBUSTIONADOS (HC) 250;59;1391
LIVIANO;CAMIONETAS;CAMIONETAS;;2010;GASOLINA;39503;O2 EN ALTAS RPM;0;1391
LIVIANO;CAMIONETAS;CAMIONETAS;;2010;GASOLINA;39505;MONOXIDO DE CARBONO (CO) 2500 RPM;0;1396
LIVIANO;CAMIONETAS;CAMIONETAS;;2010;GASOLINA;39508;RPM EN ALTAS;2504;1355
LIVIANO;CAMIONETAS;CAMIONETAS;;2011;DIESEL;1301;ODOMETRO VEHICULO;332734;842
LIVIANO;CAMIONETAS;CAMIONETAS;;2011;DIESEL;38501;OPACIDAD - VEHI. DIE;23;564
LIVIANO;CAMIONETAS;CAMIONETAS;;2011;GASOLINA;1301;ODOMETRO VEHICULO;342068;2958
LIVIANO;CAMIONETAS;CAMIONETAS;;2011;GASOLINA;39001;HIDROCARBUROS NO COMBUSTIONADOS (HC) RAL;72;2078
LIVIANO;CAMIONETAS;CAMIONETAS;;2011;GASOLINA;39003;O2 EN BAJAS;0;2077
LIVIANO;CAMIONETAS;CAMIONETAS;;2011;GASOLINA;39005;MONOXIDO DE CARBONO (CO) RALENTI;0;2079
LIVIANO;CAMIONETAS;CAMIONETAS;;2011;GASOLINA;39008;RPM EN RALENTI;811;2077
LIVIANO;CAMIONETAS;CAMIONETAS;;2011;GASOLINA;39501;HIDROCARBUROS NO COMBUSTIONADOS (HC) 250;51;2079
LIVIANO;CAMIONETAS;CAMIONETAS;;2011;GASOLINA;39503;O2 EN ALTAS RPM;0;2079
LIVIANO;CAMIONETAS;CAMIONETAS;;2011;GASOLINA;39505;MONOXIDO DE CARBONO (CO) 2500 RPM;0;2082
LIVIANO;CAMIONETAS;CAMIONETAS;;2011;GASOLINA;39508;RPM EN ALTAS;2516;2041
LIVIANO;CAMIONETAS;CAMIONETAS;;2012;DIESEL;1301;ODOMETRO VEHICULO;326086;445
LIVIANO;CAMIONETAS;CAMIONETAS;;2012;DIESEL;38501;OPACIDAD - VEHI. DIE;25;315
LIVIANO;CAMIONETAS;CAMIONETAS;;2012;GASOLINA;1301;ODOMETRO VEHICULO;257496;2709
LIVIANO;CAMIONETAS;CAMIONETAS;;2012;GASOLINA;39001;HIDROCARBUROS NO COMBUSTIONADOS (HC) RAL;76;1916
LIVIANO;CAMIONETAS;CAMIONETAS;;2012;GASOLINA;39003;O2 EN BAJAS;0;1919
LIVIANO;CAMIONETAS;CAMIONETAS;;2012;GASOLINA;39005;MONOXIDO DE CARBONO (CO) RALENTI;0;1919
LIVIANO;CAMIONETAS;CAMIONETAS;;2012;GASOLINA;39008;RPM EN RALENTI;801;1916
LIVIANO;CAMIONETAS;CAMIONETAS;;2012;GASOLINA;39501;HIDROCARBUROS NO COMBUSTIONADOS (HC) 250;59;1917
LIVIANO;CAMIONETAS;CAMIONETAS;;2012;GASOLINA;39503;O2 EN ALTAS RPM;0;1916
LIVIANO;CAMIONETAS;CAMIONETAS;;2012;GASOLINA;39505;MONOXIDO DE CARBONO (CO) 2500 RPM;0;1919
LIVIANO;CAMIONETAS;CAMIONETAS;;2012;GASOLINA;39508;RPM EN ALTAS;2512;1878
LIVIANO;CAMIONETAS;CAMIONETAS;;2013;DIESEL;1301;ODOMETRO VEHICULO;269320;507
LIVIANO;CAMIONETAS;CAMIONETAS;;2013;DIESEL;38501;OPACIDAD - VEHI. DIE;27;379
LIVIANO;CAMIONETAS;CAMIONETAS;;2013;GASOLINA;1301;ODOMETRO VEHICULO;239884;2415
LIVIANO;CAMIONETAS;CAMIONETAS;;2013;GASOLINA;39001;HIDROCARBUROS NO COMBUSTIONADOS (HC) RAL;75;1761
LIVIANO;CAMIONETAS;CAMIONETAS;;2013;GASOLINA;39003;O2 EN BAJAS;0;1761
LIVIANO;CAMIONETAS;CAMIONETAS;;2013;GASOLINA;39005;MONOXIDO DE CARBONO (CO) RALENTI;0;1761
LIVIANO;CAMIONETAS;CAMIONETAS;;2013;GASOLINA;39008;RPM EN RALENTI;809;1761
LIVIANO;CAMIONETAS;CAMIONETAS;;2013;GASOLINA;39501;HIDROCARBUROS NO COMBUSTIONADOS (HC) 250;52;1760
LIVIANO;CAMIONETAS;CAMIONETAS;;2013;GASOLINA;39503;O2 EN ALTAS RPM;0;1761
LIVIANO;CAMIONETAS;CAMIONETAS;;2013;GASOLINA;39505;MONOXIDO DE CARBONO (CO) 2500 RPM;0;1762
LIVIANO;CAMIONETAS;CAMIONETAS;;2013;GASOLINA;39508;RPM EN ALTAS;2511;1730
LIVIANO;CAMIONETAS;CAMIONETAS;;2014;DIESEL;1301;ODOMETRO VEHICULO;240071;1166
LIVIANO;CAMIONETAS;CAMIONETAS;;2014;DIESEL;38501;OPACIDAD - VEHI. DIE;24;833
LIVIANO;CAMIONETAS;CAMIONETAS;;2014;GASOLINA;1301;ODOMETRO VEHICULO;223788;2283
LIVIANO;CAMIONETAS;CAMIONETAS;;2014;GASOLINA;39001;HIDROCARBUROS NO COMBUSTIONADOS (HC) RAL;45;1696
LIVIANO;CAMIONETAS;CAMIONETAS;;2014;GASOLINA;39003;O2 EN BAJAS;0;1695
LIVIANO;CAMIONETAS;CAMIONETAS;;2014;GASOLINA;39005;MONOXIDO DE CARBONO (CO) RALENTI;0;1696
LIVIANO;CAMIONETAS;CAMIONETAS;;2014;GASOLINA;39008;RPM EN RALENTI;786;1695
LIVIANO;CAMIONETAS;CAMIONETAS;;2014;GASOLINA;39501;HIDROCARBUROS NO COMBUSTIONADOS (HC) 250;39;1695
LIVIANO;CAMIONETAS;CAMIONETAS;;2014;GASOLINA;39503;O2 EN ALTAS RPM;0;1695
LIVIANO;CAMIONETAS;CAMIONETAS;;2014;GASOLINA;39505;MONOXIDO DE CARBONO (CO) 2500 RPM;0;1697
LIVIANO;CAMIONETAS;CAMIONETAS;;2014;GASOLINA;39508;RPM EN ALTAS;2508;1671
LIVIANO;CAMIONETAS;CAMIONETAS;;2015;DIESEL;1301;ODOMETRO VEHICULO;202557;1177
LIVIANO;CAMIONETAS;CAMIONETAS;;2015;DIESEL;38501;OPACIDAD - VEHI. DIE;23;870
LIVIANO;CAMIONETAS;CAMIONETAS;;2015;GASOLINA;1301;ODOMETRO VEHICULO;196268;2304
LIVIANO;CAMIONETAS;CAMIONETAS;;2015;GASOLINA;39001;HIDROCARBUROS NO COMBUSTIONADOS (HC) RAL;45;1715
LIVIANO;CAMIONETAS;CAMIONETAS;;2015;GASOLINA;39003;O2 EN BAJAS;0;1715
LIVIANO;CAMIONETAS;CAMIONETAS;;2015;GASOLINA;39005;MONOXIDO DE CARBONO (CO) RALENTI;0;1715
LIVIANO;CAMIONETAS;CAMIONETAS;;2015;GASOLINA;39008;RPM EN RALENTI;782;1715
LIVIANO;CAMIONETAS;CAMIONETAS;;2015;GASOLINA;39501;HIDROCARBUROS NO COMBUSTIONADOS (HC) 250;35;1715
LIVIANO;CAMIONETAS;CAMIONETAS;;2015;GASOLINA;39503;O2 EN ALTAS RPM;0;1715
LIVIANO;CAMIONETAS;CAMIONETAS;;2015;GASOLINA;39505;MONOXIDO DE CARBONO (CO) 2500 RPM;0;1715
LIVIANO;CAMIONETAS;CAMIONETAS;;2015;GASOLINA;39508;RPM EN ALTAS;2503;1684
LIVIANO;CAMIONETAS;CAMIONETAS;;2016;DIESEL;1301;ODOMETRO VEHICULO;170878;311
LIVIANO;CAMIONETAS;CAMIONETAS;;2016;DIESEL;38501;OPACIDAD - VEHI. DIE;23;234
LIVIANO;CAMIONETAS;CAMIONETAS;;2016;GASOLINA;1301;ODOMETRO VEHICULO;131421;330
LIVIANO;CAMIONETAS;CAMIONETAS;;2016;GASOLINA;39001;HIDROCARBUROS NO COMBUSTIONADOS (HC) RAL;46;256
LIVIANO;CAMIONETAS;CAMIONETAS;;2016;GASOLINA;39003;O2 EN BAJAS;0;256
LIVIANO;CAMIONETAS;CAMIONETAS;;2016;GASOLINA;39005;MONOXIDO DE CARBONO (CO) RALENTI;0;256
LIVIANO;CAMIONETAS;CAMIONETAS;;2016;GASOLINA;39008;RPM EN RALENTI;802;256
LIVIANO;CAMIONETAS;CAMIONETAS;;2016;GASOLINA;39501;HIDROCARBUROS NO COMBUSTIONADOS (HC) 250;29;256
LIVIANO;CAMIONETAS;CAMIONETAS;;2016;GASOLINA;39503;O2 EN ALTAS RPM;0;256
LIVIANO;CAMIONETAS;CAMIONETAS;;2016;GASOLINA;39505;MONOXIDO DE CARBONO (CO) 2500 RPM;0;256
LIVIANO;CAMIONETAS;CAMIONETAS;;2016;GASOLINA;39508;RPM EN ALTAS;2501;249
LIVIANO;CAMIONETAS;CAMIONETAS;;2017;DIESEL;1301;ODOMETRO VEHICULO;173524;706
LIVIANO;CAMIONETAS;CAMIONETAS;;2017;DIESEL;38501;OPACIDAD - VEHI. DIE;18;529
LIVIANO;CAMIONETAS;CAMIONETAS;;2017;GASOLINA;1301;ODOMETRO VEHICULO;161262;287
LIVIANO;CAMIONETAS;CAMIONETAS;;2017;GASOLINA;39001;HIDROCARBUROS NO COMBUSTIONADOS (HC) RAL;36;223
LIVIANO;CAMIONETAS;CAMIONETAS;;2017;GASOLINA;39003;O2 EN BAJAS;0;223
LIVIANO;CAMIONETAS;CAMIONETAS;;2017;GASOLINA;39005;MONOXIDO DE CARBONO (CO) RALENTI;0;223
LIVIANO;CAMIONETAS;CAMIONETAS;;2017;GASOLINA;39008;RPM EN RALENTI;776;223
LIVIANO;CAMIONETAS;CAMIONETAS;;2017;GASOLINA;39501;HIDROCARBUROS NO COMBUSTIONADOS (HC) 250;25;223
LIVIANO;CAMIONETAS;CAMIONETAS;;2017;GASOLINA;39503;O2 EN ALTAS RPM;0;223
LIVIANO;CAMIONETAS;CAMIONETAS;;2017;GASOLINA;39505;MONOXIDO DE CARBONO (CO) 2500 RPM;0;223
LIVIANO;CAMIONETAS;CAMIONETAS;;2017;GASOLINA;39508;RPM EN ALTAS;2504;218
LIVIANO;CAMIONETAS;CAMIONETAS;;2018;DIESEL;1301;ODOMETRO VEHICULO;127119;593
LIVIANO;CAMIONETAS;CAMIONETAS;;2018;DIESEL;38501;OPACIDAD - VEHI. DIE;19;454
LIVIANO;CAMIONETAS;CAMIONETAS;;2018;GASOLINA;1301;ODOMETRO VEHICULO;103533;197
LIVIANO;CAMIONETAS;CAMIONETAS;;2018;GASOLINA;39001;HIDROCARBUROS NO COMBUSTIONADOS (HC) RAL;31;154
LIVIANO;CAMIONETAS;CAMIONETAS;;2018;GASOLINA;39003;O2 EN BAJAS;0;154
LIVIANO;CAMIONETAS;CAMIONETAS;;2018;GASOLINA;39005;MONOXIDO DE CARBONO (CO) RALENTI;0;154
LIVIANO;CAMIONETAS;CAMIONETAS;;2018;GASOLINA;39008;RPM EN RALENTI;789;154
LIVIANO;CAMIONETAS;CAMIONETAS;;2018;GASOLINA;39501;HIDROCARBUROS NO COMBUSTIONADOS (HC) 250;22;155
LIVIANO;CAMIONETAS;CAMIONETAS;;2018;GASOLINA;39503;O2 EN ALTAS RPM;0;155
LIVIANO;CAMIONETAS;CAMIONETAS;;2018;GASOLINA;39505;MONOXIDO DE CARBONO (CO) 2500 RPM;0;155
LIVIANO;CAMIONETAS;CAMIONETAS;;2018;GASOLINA;39508;RPM EN ALTAS;2498;153
LIVIANO;CAMIONETAS;CAMIONETAS;;2019;DIESEL;1301;ODOMETRO VEHICULO;108537;328
LIVIANO;CAMIONETAS;CAMIONETAS;;2019;DIESEL;38501;OPACIDAD - VEHI. DIE;18;249
LIVIANO;CAMIONETAS;CAMIONETAS;;2019;GASOLINA;1301;ODOMETRO VEHICULO;98004;190
LIVIANO;CAMIONETAS;CAMIONETAS;;2019;GASOLINA;39001;HIDROCARBUROS NO COMBUSTIONADOS (HC) RAL;15;149
LIVIANO;CAMIONETAS;CAMIONETAS;;2019;GASOLINA;39003;O2 EN BAJAS;0;149
LIVIANO;CAMIONETAS;CAMIONETAS;;2019;GASOLINA;39005;MONOXIDO DE CARBONO (CO) RALENTI;0;149
LIVIANO;CAMIONETAS;CAMIONETAS;;2019;GASOLINA;39008;RPM EN RALENTI;775;149
LIVIANO;CAMIONETAS;CAMIONETAS;;2019;GASOLINA;39501;HIDROCARBUROS NO COMBUSTIONADOS (HC) 250;15;149
LIVIANO;CAMIONETAS;CAMIONETAS;;2019;GASOLINA;39503;O2 EN ALTAS RPM;0;149
LIVIANO;CAMIONETAS;CAMIONETAS;;2019;GASOLINA;39505;MONOXIDO DE CARBONO (CO) 2500 RPM;0;149
LIVIANO;CAMIONETAS;CAMIONETAS;;2019;GASOLINA;39508;RPM EN ALTAS;2510;146
LIVIANO;CAMIONETAS;CAMIONETAS;;2020;DIESEL;1301;ODOMETRO VEHICULO;105029;151
LIVIANO;CAMIONETAS;CAMIONETAS;;2020;DIESEL;38501;OPACIDAD - VEHI. DIE;21;123
LIVIANO;CAMIONETAS;CAMIONETAS;;2020;GASOLINA;1301;ODOMETRO VEHICULO;107785;34
LIVIANO;CAMIONETAS;CAMIONETAS;;2020;GASOLINA;39001;HIDROCARBUROS NO COMBUSTIONADOS (HC) RAL;29;24
LIVIANO;CAMIONETAS;CAMIONETAS;;2020;GASOLINA;39003;O2 EN BAJAS;1;24
LIVIANO;CAMIONETAS;CAMIONETAS;;2020;GASOLINA;39005;MONOXIDO DE CARBONO (CO) RALENTI;0;24
LIVIANO;CAMIONETAS;CAMIONETAS;;2020;GASOLINA;39008;RPM EN RALENTI;776;24
LIVIANO;CAMIONETAS;CAMIONETAS;;2020;GASOLINA;39501;HIDROCARBUROS NO COMBUSTIONADOS (HC) 250;14;24
LIVIANO;CAMIONETAS;CAMIONETAS;;2020;GASOLINA;39503;O2 EN ALTAS RPM;0;24
LIVIANO;CAMIONETAS;CAMIONETAS;;2020;GASOLINA;39505;MONOXIDO DE CARBONO (CO) 2500 RPM;0;24
LIVIANO;CAMIONETAS;CAMIONETAS;;2020;GASOLINA;39508;RPM EN ALTAS;2460;24
LIVIANO;CAMIONETAS;CAMIONETAS;;2021;DIESEL;1301;ODOMETRO VEHICULO;50355;60
LIVIANO;CAMIONETAS;CAMIONETAS;;2021;DIESEL;38501;OPACIDAD - VEHI. DIE;20;50
LIVIANO;CAMIONETAS;CAMIONETAS;;2021;GASOLINA;1301;ODOMETRO VEHICULO;71688;24
LIVIANO;CAMIONETAS;CAMIONETAS;;2021;GASOLINA;39001;HIDROCARBUROS NO COMBUSTIONADOS (HC) RAL;8;18
LIVIANO;CAMIONETAS;CAMIONETAS;;2021;GASOLINA;39003;O2 EN BAJAS;0;18
LIVIANO;CAMIONETAS;CAMIONETAS;;2021;GASOLINA;39005;MONOXIDO DE CARBONO (CO) RALENTI;0;18
LIVIANO;CAMIONETAS;CAMIONETAS;;2021;GASOLINA;39008;RPM EN RALENTI;754;18
LIVIANO;CAMIONETAS;CAMIONETAS;;2021;GASOLINA;39501;HIDROCARBUROS NO COMBUSTIONADOS (HC) 250;9;18
LIVIANO;CAMIONETAS;CAMIONETAS;;2021;GASOLINA;39503;O2 EN ALTAS RPM;0;18
LIVIANO;CAMIONETAS;CAMIONETAS;;2021;GASOLINA;39505;MONOXIDO DE CARBONO (CO) 2500 RPM;0;18
LIVIANO;CAMIONETAS;CAMIONETAS;;2021;GASOLINA;39508;RPM EN ALTAS;2460;17
LIVIANO;CAMIONETAS;CAMIONETAS;;2022;DIESEL;1301;ODOMETRO VEHICULO;63192;93
LIVIANO;CAMIONETAS;CAMIONETAS;;2022;DIESEL;38501;OPACIDAD - VEHI. DIE;20;80
LIVIANO;CAMIONETAS;CAMIONETAS;;2022;GASOLINA;1301;ODOMETRO VEHICULO;66466;45
LIVIANO;CAMIONETAS;CAMIONETAS;;2022;GASOLINA;39001;HIDROCARBUROS NO COMBUSTIONADOS (HC) RAL;7;37
LIVIANO;CAMIONETAS;CAMIONETAS;;2022;GASOLINA;39003;O2 EN BAJAS;0;37
LIVIANO;CAMIONETAS;CAMIONETAS;;2022;GASOLINA;39005;MONOXIDO DE CARBONO (CO) RALENTI;0;37
LIVIANO;CAMIONETAS;CAMIONETAS;;2022;GASOLINA;39008;RPM EN RALENTI;731;37
LIVIANO;CAMIONETAS;CAMIONETAS;;2022;GASOLINA;39501;HIDROCARBUROS NO COMBUSTIONADOS (HC) 250;8;37
LIVIANO;CAMIONETAS;CAMIONETAS;;2022;GASOLINA;39503;O2 EN ALTAS RPM;0;37
LIVIANO;CAMIONETAS;CAMIONETAS;;2022;GASOLINA;39505;MONOXIDO DE CARBONO (CO) 2500 RPM;0;37
LIVIANO;CAMIONETAS;CAMIONETAS;;2022;GASOLINA;39508;RPM EN ALTAS;2511;36
LIVIANO;CAMIONETAS;CAMIONETAS;;2023;DIESEL;1301;ODOMETRO VEHICULO;41300;98
LIVIANO;CAMIONETAS;CAMIONETAS;;2023;DIESEL;38501;OPACIDAD - VEHI. DIE;15;79
LIVIANO;CAMIONETAS;CAMIONETAS;;2023;GASOLINA;1301;ODOMETRO VEHICULO;21102;9
LIVIANO;CAMIONETAS;CAMIONETAS;;2023;GASOLINA;39001;HIDROCARBUROS NO COMBUSTIONADOS (HC) RAL;3;8
LIVIANO;CAMIONETAS;CAMIONETAS;;2023;GASOLINA;39003;O2 EN BAJAS;0;8
LIVIANO;CAMIONETAS;CAMIONETAS;;2023;GASOLINA;39005;MONOXIDO DE CARBONO (CO) RALENTI;0;8
LIVIANO;CAMIONETAS;CAMIONETAS;;2023;GASOLINA;39008;RPM EN RALENTI;680;8
LIVIANO;CAMIONETAS;CAMIONETAS;;2023;GASOLINA;39501;HIDROCARBUROS NO COMBUSTIONADOS (HC) 250;4;8
LIVIANO;CAMIONETAS;CAMIONETAS;;2023;GASOLINA;39503;O2 EN ALTAS RPM;0;8
LIVIANO;CAMIONETAS;CAMIONETAS;;2023;GASOLINA;39505;MONOXIDO DE CARBONO (CO) 2500 RPM;0;8
LIVIANO;CAMIONETAS;CAMIONETAS;;2023;GASOLINA;39508;RPM EN ALTAS;2555;7
LIVIANO;CAMIONETAS;CAMIONETAS;;2024;DIESEL;1301;ODOMETRO VEHICULO;12791;51
LIVIANO;CAMIONETAS;CAMIONETAS;;2024;DIESEL;38501;OPACIDAD - VEHI. DIE;10;38
LIVIANO;CAMIONETAS;CAMIONETAS;;2024;GASOLINA;1301;ODOMETRO VEHICULO;28817;2
LIVIANO;CAMIONETAS;CAMIONETAS;;2024;GASOLINA;39001;HIDROCARBUROS NO COMBUSTIONADOS (HC) RAL;4;1
LIVIANO;CAMIONETAS;CAMIONETAS;;2024;GASOLINA;39003;O2 EN BAJAS;0;1
LIVIANO;CAMIONETAS;CAMIONETAS;;2024;GASOLINA;39005;MONOXIDO DE CARBONO (CO) RALENTI;0;1
LIVIANO;CAMIONETAS;CAMIONETAS;;2024;GASOLINA;39008;RPM EN RALENTI;740;1
LIVIANO;CAMIONETAS;CAMIONETAS;;2024;GASOLINA;39501;HIDROCARBUROS NO COMBUSTIONADOS (HC) 250;5;1
LIVIANO;CAMIONETAS;CAMIONETAS;;2024;GASOLINA;39503;O2 EN ALTAS RPM;0;1
LIVIANO;CAMIONETAS;CAMIONETAS;;2024;GASOLINA;39505;MONOXIDO DE CARBONO (CO) 2500 RPM;0;1
LIVIANO;CAMIONETAS;CAMIONETAS;;2024;GASOLINA;39508;RPM EN ALTAS;2570;1
LIVIANO;CAMIONETAS;CAMIONETAS;;2025;DIESEL;1301;ODOMETRO VEHICULO;936;9
LIVIANO;CAMIONETAS;CAMIONETAS;;2025;DIESEL;38501;OPACIDAD - VEHI. DIE;7;7
LIVIANO;CAMIONETAS;CARGA;;2009;GASOLINA;1301;ODOMETRO VEHICULO;453853;16
LIVIANO;CAMIONETAS;CARGA;;2009;GASOLINA;39001;HIDROCARBUROS NO COMBUSTIONADOS (HC) RAL;116;15
LIVIANO;CAMIONETAS;CARGA;;2009;GASOLINA;39003;O2 EN BAJAS;0;15
LIVIANO;CAMIONETAS;CARGA;;2009;GASOLINA;39005;MONOXIDO DE CARBONO (CO) RALENTI;0;15
LIVIANO;CAMIONETAS;CARGA;;2009;GASOLINA;39008;RPM EN RALENTI;801;15
LIVIANO;CAMIONETAS;CARGA;;2009;GASOLINA;39501;HIDROCARBUROS NO COMBUSTIONADOS (HC) 250;88;15
LIVIANO;CAMIONETAS;CARGA;;2009;GASOLINA;39503;O2 EN ALTAS RPM;0;15
LIVIANO;CAMIONETAS;CARGA;;2009;GASOLINA;39505;MONOXIDO DE CARBONO (CO) 2500 RPM;0;15
LIVIANO;CAMIONETAS;CARGA;;2009;GASOLINA;39508;RPM EN ALTAS;2483;14
LIVIANO;CAMIONETAS;CARGA;;2013;GASOLINA;1301;ODOMETRO VEHICULO;229035;11
LIVIANO;CAMIONETAS;CARGA;;2013;GASOLINA;39001;HIDROCARBUROS NO COMBUSTIONADOS (HC) RAL;56;8
LIVIANO;CAMIONETAS;CARGA;;2013;GASOLINA;39003;O2 EN BAJAS;0;8
LIVIANO;CAMIONETAS;CARGA;;2013;GASOLINA;39005;MONOXIDO DE CARBONO (CO) RALENTI;0;8
LIVIANO;CAMIONETAS;CARGA;;2013;GASOLINA;39008;RPM EN RALENTI;801;8
LIVIANO;CAMIONETAS;CARGA;;2013;GASOLINA;39501;HIDROCARBUROS NO COMBUSTIONADOS (HC) 250;45;8
LIVIANO;CAMIONETAS;CARGA;;2013;GASOLINA;39503;O2 EN ALTAS RPM;0;8
LIVIANO;CAMIONETAS;CARGA;;2013;GASOLINA;39505;MONOXIDO DE CARBONO (CO) 2500 RPM;0;8
LIVIANO;CAMIONETAS;CARGA;;2013;GASOLINA;39508;RPM EN ALTAS;2476;8
LIVIANO;CAMIONETAS;CARGA;;2015;GASOLINA;1301;ODOMETRO VEHICULO;180872;13
LIVIANO;CAMIONETAS;CARGA;;2015;GASOLINA;39001;HIDROCARBUROS NO COMBUSTIONADOS (HC) RAL;11;9
LIVIANO;CAMIONETAS;CARGA;;2015;GASOLINA;39003;O2 EN BAJAS;0;9
LIVIANO;CAMIONETAS;CARGA;;2015;GASOLINA;39005;MONOXIDO DE CARBONO (CO) RALENTI;0;9
LIVIANO;CAMIONETAS;CARGA;;2015;GASOLINA;39008;RPM EN RALENTI;772;9
LIVIANO;CAMIONETAS;CARGA;;2015;GASOLINA;39501;HIDROCARBUROS NO COMBUSTIONADOS (HC) 250;21;9
LIVIANO;CAMIONETAS;CARGA;;2015;GASOLINA;39503;O2 EN ALTAS RPM;0;9
LIVIANO;CAMIONETAS;CARGA;;2015;GASOLINA;39505;MONOXIDO DE CARBONO (CO) 2500 RPM;0;9
LIVIANO;CAMIONETAS;CARGA;;2015;GASOLINA;39508;RPM EN ALTAS;2493;9
LIVIANO;CAMIONETAS;CARGA;;2018;DIESEL;1301;ODOMETRO VEHICULO;245761;9
LIVIANO;CAMIONETAS;CARGA;;2018;DIESEL;38501;OPACIDAD - VEHI. DIE;19;5
LIVIANO;CAMIONETAS;CARGA;;2019;GASOLINA;1301;ODOMETRO VEHICULO;136768;9
LIVIANO;CAMIONETAS;CARGA;;2019;GASOLINA;39001;HIDROCARBUROS NO COMBUSTIONADOS (HC) RAL;134;7
LIVIANO;CAMIONETAS;CARGA;;2019;GASOLINA;39003;O2 EN BAJAS;2;7
LIVIANO;CAMIONETAS;CARGA;;2019;GASOLINA;39005;MONOXIDO DE CARBONO (CO) RALENTI;0;7
LIVIANO;CAMIONETAS;CARGA;;2019;GASOLINA;39008;RPM EN RALENTI;860;7
LIVIANO;CAMIONETAS;CARGA;;2019;GASOLINA;39501;HIDROCARBUROS NO COMBUSTIONADOS (HC) 250;117;7
LIVIANO;CAMIONETAS;CARGA;;2019;GASOLINA;39503;O2 EN ALTAS RPM;1;7
LIVIANO;CAMIONETAS;CARGA;;2019;GASOLINA;39505;MONOXIDO DE CARBONO (CO) 2500 RPM;0;7
LIVIANO;CAMIONETAS;CARGA;;2019;GASOLINA;39508;RPM EN ALTAS;2480;7
LIVIANO;CAMIONETAS;TURISMO;;2024;DIESEL;1301;ODOMETRO VEHICULO;3972;1
LIVIANO;CAMIONETAS;TURISMO;;2024;DIESEL;38501;OPACIDAD - VEHI. DIE;5;1
LIVIANO;ELECTRICO LIVIANO;;;2015;GASOLINA;1301;ODOMETRO VEHICULO;32470;8
LIVIANO;ELECTRICO LIVIANO;;;2016;GASOLINA;1301;ODOMETRO VEHICULO;31801;31
LIVIANO;ELECTRICO LIVIANO;;;2017;GASOLINA;1301;ODOMETRO VEHICULO;15060;27
LIVIANO;ELECTRICO LIVIANO;;;2019;GASOLINA;1301;ODOMETRO VEHICULO;272;3
LIVIANO;ELECTRICO LIVIANO;;;2020;GASOLINA;1301;ODOMETRO VEHICULO;5031;11
LIVIANO;ELECTRICO LIVIANO;;;2021;GASOLINA;39001;HIDROCARBUROS NO COMBUSTIONADOS (HC) RAL;45;1
LIVIANO;ELECTRICO LIVIANO;;;2021;GASOLINA;39003;O2 EN BAJAS;0;1
LIVIANO;ELECTRICO LIVIANO;;;2021;GASOLINA;39005;MONOXIDO DE CARBONO (CO) RALENTI;0;1
LIVIANO;ELECTRICO LIVIANO;;;2021;GASOLINA;39008;RPM EN RALENTI;700;1
LIVIANO;ELECTRICO LIVIANO;;;2021;GASOLINA;39501;HIDROCARBUROS NO COMBUSTIONADOS (HC) 250;50;1
LIVIANO;ELECTRICO LIVIANO;;;2021;GASOLINA;39503;O2 EN ALTAS RPM;0;1
LIVIANO;ELECTRICO LIVIANO;;;2021;GASOLINA;39505;MONOXIDO DE CARBONO (CO) 2500 RPM;0;1
LIVIANO;ELECTRICO LIVIANO;;;2021;GASOLINA;39508;RPM EN ALTAS;2500;1
LIVIANO;ELECTRICO LIVIANO;;;2022;GASOLINA;1301;ODOMETRO VEHICULO;15551;4
LIVIANO;ELECTRICO LIVIANO;TAXI;;2023;GASOLINA;1301;ODOMETRO VEHICULO;12704;1
LIVIANO;FURGONETA;;;1957;GASOLINA;1301;ODOMETRO VEHICULO;31972;5
LIVIANO;FURGONETA;;;1957;GASOLINA;39001;HIDROCARBUROS NO COMBUSTIONADOS (HC) RAL;483;3
LIVIANO;FURGONETA;;;1957;GASOLINA;39003;O2 EN BAJAS;2;3
LIVIANO;FURGONETA;;;1957;GASOLINA;39005;MONOXIDO DE CARBONO (CO) RALENTI;1;3
LIVIANO;FURGONETA;;;1957;GASOLINA;39008;RPM EN RALENTI;813;3
LIVIANO;FURGONETA;;;1957;GASOLINA;39501;HIDROCARBUROS NO COMBUSTIONADOS (HC) 250;272;3
LIVIANO;FURGONETA;;;1957;GASOLINA;39503;O2 EN ALTAS RPM;0;3
LIVIANO;FURGONETA;;;1957;GASOLINA;39505;MONOXIDO DE CARBONO (CO) 2500 RPM;3;3
LIVIANO;FURGONETA;;;1957;GASOLINA;39508;RPM EN ALTAS;2446;3
LIVIANO;FURGONETA;;;1967;GASOLINA;1301;ODOMETRO VEHICULO;48749;49
LIVIANO;FURGONETA;;;1967;GASOLINA;39001;HIDROCARBUROS NO COMBUSTIONADOS (HC) RAL;541;31
LIVIANO;FURGONETA;;;1967;GASOLINA;39003;O2 EN BAJAS;2;31
LIVIANO;FURGONETA;;;1967;GASOLINA;39005;MONOXIDO DE CARBONO (CO) RALENTI;2;31
LIVIANO;FURGONETA;;;1967;GASOLINA;39008;RPM EN RALENTI;953;31
LIVIANO;FURGONETA;;;1967;GASOLINA;39501;HIDROCARBUROS NO COMBUSTIONADOS (HC) 250;356;31
LIVIANO;FURGONETA;;;1967;GASOLINA;39503;O2 EN ALTAS RPM;1;31
LIVIANO;FURGONETA;;;1967;GASOLINA;39505;MONOXIDO DE CARBONO (CO) 2500 RPM;3;31
LIVIANO;FURGONETA;;;1967;GASOLINA;39508;RPM EN ALTAS;2497;31
LIVIANO;FURGONETA;;;1968;GASOLINA;1301;ODOMETRO VEHICULO;83437;14
LIVIANO;FURGONETA;;;1968;GASOLINA;39001;HIDROCARBUROS NO COMBUSTIONADOS (HC) RAL;580;8
LIVIANO;FURGONETA;;;1968;GASOLINA;39003;O2 EN BAJAS;2;8
LIVIANO;FURGONETA;;;1968;GASOLINA;39005;MONOXIDO DE CARBONO (CO) RALENTI;3;8
LIVIANO;FURGONETA;;;1968;GASOLINA;39008;RPM EN RALENTI;792;8
LIVIANO;FURGONETA;;;1968;GASOLINA;39501;HIDROCARBUROS NO COMBUSTIONADOS (HC) 250;348;8
LIVIANO;FURGONETA;;;1968;GASOLINA;39503;O2 EN ALTAS RPM;0;8
LIVIANO;FURGONETA;;;1968;GASOLINA;39505;MONOXIDO DE CARBONO (CO) 2500 RPM;5;8
LIVIANO;FURGONETA;;;1968;GASOLINA;39508;RPM EN ALTAS;2432;8
LIVIANO;FURGONETA;;;1969;GASOLINA;1301;ODOMETRO VEHICULO;79361;65
LIVIANO;FURGONETA;;;1969;GASOLINA;39001;HIDROCARBUROS NO COMBUSTIONADOS (HC) RAL;606;50
LIVIANO;FURGONETA;;;1969;GASOLINA;39003;O2 EN BAJAS;3;50
LIVIANO;FURGONETA;;;1969;GASOLINA;39005;MONOXIDO DE CARBONO (CO) RALENTI;3;50
LIVIANO;FURGONETA;;;1969;GASOLINA;39008;RPM EN RALENTI;906;50
LIVIANO;FURGONETA;;;1969;GASOLINA;39501;HIDROCARBUROS NO COMBUSTIONADOS (HC) 250;267;50
LIVIANO;FURGONETA;;;1969;GASOLINA;39503;O2 EN ALTAS RPM;1;50
LIVIANO;FURGONETA;;;1969;GASOLINA;39505;MONOXIDO DE CARBONO (CO) 2500 RPM;3;50
LIVIANO;FURGONETA;;;1969;GASOLINA;39508;RPM EN ALTAS;2491;50
LIVIANO;FURGONETA;;;1970;GASOLINA;1301;ODOMETRO VEHICULO;131301;36
LIVIANO;FURGONETA;;;1970;GASOLINA;39001;HIDROCARBUROS NO COMBUSTIONADOS (HC) RAL;1135;27
LIVIANO;FURGONETA;;;1970;GASOLINA;39003;O2 EN BAJAS;4;26
LIVIANO;FURGONETA;;;1970;GASOLINA;39005;MONOXIDO DE CARBONO (CO) RALENTI;3;26
LIVIANO;FURGONETA;;;1970;GASOLINA;39008;RPM EN RALENTI;832;26
LIVIANO;FURGONETA;;;1970;GASOLINA;39501;HIDROCARBUROS NO COMBUSTIONADOS (HC) 250;695;26
LIVIANO;FURGONETA;;;1970;GASOLINA;39503;O2 EN ALTAS RPM;2;26
LIVIANO;FURGONETA;;;1970;GASOLINA;39505;MONOXIDO DE CARBONO (CO) 2500 RPM;1;26
LIVIANO;FURGONETA;;;1970;GASOLINA;39508;RPM EN ALTAS;2431;26
LIVIANO;FURGONETA;;;1971;GASOLINA;1301;ODOMETRO VEHICULO;97864;14
LIVIANO;FURGONETA;;;1971;GASOLINA;39001;HIDROCARBUROS NO COMBUSTIONADOS (HC) RAL;551;10
LIVIANO;FURGONETA;;;1971;GASOLINA;39003;O2 EN BAJAS;1;10
LIVIANO;FURGONETA;;;1971;GASOLINA;39005;MONOXIDO DE CARBONO (CO) RALENTI;3;10
LIVIANO;FURGONETA;;;1971;GASOLINA;39008;RPM EN RALENTI;986;10
LIVIANO;FURGONETA;;;1971;GASOLINA;39501;HIDROCARBUROS NO COMBUSTIONADOS (HC) 250;199;10
LIVIANO;FURGONETA;;;1971;GASOLINA;39503;O2 EN ALTAS RPM;0;10
LIVIANO;FURGONETA;;;1971;GASOLINA;39505;MONOXIDO DE CARBONO (CO) 2500 RPM;2;10
LIVIANO;FURGONETA;;;1971;GASOLINA;39508;RPM EN ALTAS;2452;10
LIVIANO;FURGONETA;;;1972;GASOLINA;1301;ODOMETRO VEHICULO;53839;15
LIVIANO;FURGONETA;;;1972;GASOLINA;39001;HIDROCARBUROS NO COMBUSTIONADOS (HC) RAL;336;14
LIVIANO;FURGONETA;;;1972;GASOLINA;39003;O2 EN BAJAS;3;14
LIVIANO;FURGONETA;;;1972;GASOLINA;39005;MONOXIDO DE CARBONO (CO) RALENTI;2;14
LIVIANO;FURGONETA;;;1972;GASOLINA;39008;RPM EN RALENTI;938;14
LIVIANO;FURGONETA;;;1972;GASOLINA;39501;HIDROCARBUROS NO COMBUSTIONADOS (HC) 250;172;14
LIVIANO;FURGONETA;;;1972;GASOLINA;39503;O2 EN ALTAS RPM;2;14
LIVIANO;FURGONETA;;;1972;GASOLINA;39505;MONOXIDO DE CARBONO (CO) 2500 RPM;0;14
LIVIANO;FURGONETA;;;1972;GASOLINA;39508;RPM EN ALTAS;2468;14
LIVIANO;FURGONETA;;;1974;GASOLINA;1301;ODOMETRO VEHICULO;78376;89
LIVIANO;FURGONETA;;;1974;GASOLINA;39001;HIDROCARBUROS NO COMBUSTIONADOS (HC) RAL;560;61
LIVIANO;FURGONETA;;;1974;GASOLINA;39003;O2 EN BAJAS;2;61
LIVIANO;FURGONETA;;;1974;GASOLINA;39005;MONOXIDO DE CARBONO (CO) RALENTI;2;61
LIVIANO;FURGONETA;;;1974;GASOLINA;39008;RPM EN RALENTI;906;61
LIVIANO;FURGONETA;;;1974;GASOLINA;39501;HIDROCARBUROS NO COMBUSTIONADOS (HC) 250;348;61
LIVIANO;FURGONETA;;;1974;GASOLINA;39503;O2 EN ALTAS RPM;1;61
LIVIANO;FURGONETA;;;1974;GASOLINA;39505;MONOXIDO DE CARBONO (CO) 2500 RPM;3;61
LIVIANO;FURGONETA;;;1974;GASOLINA;39508;RPM EN ALTAS;2454;61
LIVIANO;FURGONETA;;;1975;GASOLINA;1301;ODOMETRO VEHICULO;55652;125
LIVIANO;FURGONETA;;;1975;GASOLINA;39001;HIDROCARBUROS NO COMBUSTIONADOS (HC) RAL;745;97
LIVIANO;FURGONETA;;;1975;GASOLINA;39003;O2 EN BAJAS;2;97
LIVIANO;FURGONETA;;;1975;GASOLINA;39005;MONOXIDO DE CARBONO (CO) RALENTI;3;97
LIVIANO;FURGONETA;;;1975;GASOLINA;39008;RPM EN RALENTI;853;97
LIVIANO;FURGONETA;;;1975;GASOLINA;39501;HIDROCARBUROS NO COMBUSTIONADOS (HC) 250;415;97
LIVIANO;FURGONETA;;;1975;GASOLINA;39503;O2 EN ALTAS RPM;1;97
LIVIANO;FURGONETA;;;1975;GASOLINA;39505;MONOXIDO DE CARBONO (CO) 2500 RPM;4;97
LIVIANO;FURGONETA;;;1975;GASOLINA;39508;RPM EN ALTAS;2457;97
LIVIANO;FURGONETA;;;1976;GASOLINA;1301;ODOMETRO VEHICULO;66131;86
LIVIANO;FURGONETA;;;1976;GASOLINA;39001;HIDROCARBUROS NO COMBUSTIONADOS (HC) RAL;547;53
LIVIANO;FURGONETA;;;1976;GASOLINA;39003;O2 EN BAJAS;1;53
LIVIANO;FURGONETA;;;1976;GASOLINA;39005;MONOXIDO DE CARBONO (CO) RALENTI;3;53
LIVIANO;FURGONETA;;;1976;GASOLINA;39008;RPM EN RALENTI;838;53
LIVIANO;FURGONETA;;;1976;GASOLINA;39501;HIDROCARBUROS NO COMBUSTIONADOS (HC) 250;261;53
LIVIANO;FURGONETA;;;1976;GASOLINA;39503;O2 EN ALTAS RPM;0;53
LIVIANO;FURGONETA;;;1976;GASOLINA;39505;MONOXIDO DE CARBONO (CO) 2500 RPM;3;55
LIVIANO;FURGONETA;;;1976;GASOLINA;39508;RPM EN ALTAS;2486;53
LIVIANO;FURGONETA;;;1977;GASOLINA;1301;ODOMETRO VEHICULO;262408;168
LIVIANO;FURGONETA;;;1977;GASOLINA;39001;HIDROCARBUROS NO COMBUSTIONADOS (HC) RAL;721;114
LIVIANO;FURGONETA;;;1977;GASOLINA;39003;O2 EN BAJAS;2;114
LIVIANO;FURGONETA;;;1977;GASOLINA;39005;MONOXIDO DE CARBONO (CO) RALENTI;2;114
LIVIANO;FURGONETA;;;1977;GASOLINA;39008;RPM EN RALENTI;867;114
LIVIANO;FURGONETA;;;1977;GASOLINA;39501;HIDROCARBUROS NO COMBUSTIONADOS (HC) 250;444;114
LIVIANO;FURGONETA;;;1977;GASOLINA;39503;O2 EN ALTAS RPM;1;114
LIVIANO;FURGONETA;;;1977;GASOLINA;39505;MONOXIDO DE CARBONO (CO) 2500 RPM;3;114
LIVIANO;FURGONETA;;;1977;GASOLINA;39508;RPM EN ALTAS;2492;112
LIVIANO;FURGONETA;;;1978;GASOLINA;1301;ODOMETRO VEHICULO;156427;207
LIVIANO;FURGONETA;;;1978;GASOLINA;39001;HIDROCARBUROS NO COMBUSTIONADOS (HC) RAL;707;129
LIVIANO;FURGONETA;;;1978;GASOLINA;39003;O2 EN BAJAS;2;129
LIVIANO;FURGONETA;;;1978;GASOLINA;39005;MONOXIDO DE CARBONO (CO) RALENTI;3;129
LIVIANO;FURGONETA;;;1978;GASOLINA;39008;RPM EN RALENTI;848;129
LIVIANO;FURGONETA;;;1978;GASOLINA;39501;HIDROCARBUROS NO COMBUSTIONADOS (HC) 250;436;129
LIVIANO;FURGONETA;;;1978;GASOLINA;39503;O2 EN ALTAS RPM;1;129
LIVIANO;FURGONETA;;;1978;GASOLINA;39505;MONOXIDO DE CARBONO (CO) 2500 RPM;2;129
LIVIANO;FURGONETA;;;1978;GASOLINA;39508;RPM EN ALTAS;2455;125
LIVIANO;FURGONETA;;;1979;GASOLINA;1301;ODOMETRO VEHICULO;185138;116
LIVIANO;FURGONETA;;;1979;GASOLINA;39001;HIDROCARBUROS NO COMBUSTIONADOS (HC) RAL;699;75
LIVIANO;FURGONETA;;;1979;GASOLINA;39003;O2 EN BAJAS;2;73
LIVIANO;FURGONETA;;;1979;GASOLINA;39005;MONOXIDO DE CARBONO (CO) RALENTI;3;73
LIVIANO;FURGONETA;;;1979;GASOLINA;39008;RPM EN RALENTI;836;73
LIVIANO;FURGONETA;;;1979;GASOLINA;39501;HIDROCARBUROS NO COMBUSTIONADOS (HC) 250;441;73
LIVIANO;FURGONETA;;;1979;GASOLINA;39503;O2 EN ALTAS RPM;1;73
LIVIANO;FURGONETA;;;1979;GASOLINA;39505;MONOXIDO DE CARBONO (CO) 2500 RPM;3;73
LIVIANO;FURGONETA;;;1979;GASOLINA;39508;RPM EN ALTAS;2451;73
LIVIANO;FURGONETA;;;1980;GASOLINA;1301;ODOMETRO VEHICULO;194732;417
LIVIANO;FURGONETA;;;1980;GASOLINA;39001;HIDROCARBUROS NO COMBUSTIONADOS (HC) RAL;633;257
LIVIANO;FURGONETA;;;1980;GASOLINA;39003;O2 EN BAJAS;1;256
LIVIANO;FURGONETA;;;1980;GASOLINA;39005;MONOXIDO DE CARBONO (CO) RALENTI;3;256
LIVIANO;FURGONETA;;;1980;GASOLINA;39008;RPM EN RALENTI;848;255
LIVIANO;FURGONETA;;;1980;GASOLINA;39501;HIDROCARBUROS NO COMBUSTIONADOS (HC) 250;371;256
LIVIANO;FURGONETA;;;1980;GASOLINA;39503;O2 EN ALTAS RPM;1;257
LIVIANO;FURGONETA;;;1980;GASOLINA;39505;MONOXIDO DE CARBONO (CO) 2500 RPM;3;258
LIVIANO;FURGONETA;;;1980;GASOLINA;39508;RPM EN ALTAS;2461;254
LIVIANO;FURGONETA;;;1981;GASOLINA;1301;ODOMETRO VEHICULO;133383;287
LIVIANO;FURGONETA;;;1981;GASOLINA;39001;HIDROCARBUROS NO COMBUSTIONADOS (HC) RAL;657;174
LIVIANO;FURGONETA;;;1981;GASOLINA;39003;O2 EN BAJAS;2;177
LIVIANO;FURGONETA;;;1981;GASOLINA;39005;MONOXIDO DE CARBONO (CO) RALENTI;3;175
LIVIANO;FURGONETA;;;1981;GASOLINA;39008;RPM EN RALENTI;853;174
LIVIANO;FURGONETA;;;1981;GASOLINA;39501;HIDROCARBUROS NO COMBUSTIONADOS (HC) 250;386;174
LIVIANO;FURGONETA;;;1981;GASOLINA;39503;O2 EN ALTAS RPM;1;176
LIVIANO;FURGONETA;;;1981;GASOLINA;39505;MONOXIDO DE CARBONO (CO) 2500 RPM;3;174
LIVIANO;FURGONETA;;;1981;GASOLINA;39508;RPM EN ALTAS;2445;173
LIVIANO;FURGONETA;;;1982;GASOLINA;1301;ODOMETRO VEHICULO;100548;12
LIVIANO;FURGONETA;;;1982;GASOLINA;39001;HIDROCARBUROS NO COMBUSTIONADOS (HC) RAL;948;7
LIVIANO;FURGONETA;;;1982;GASOLINA;39003;O2 EN BAJAS;1;7
LIVIANO;FURGONETA;;;1982;GASOLINA;39005;MONOXIDO DE CARBONO (CO) RALENTI;3;7
LIVIANO;FURGONETA;;;1982;GASOLINA;39008;RPM EN RALENTI;858;7
LIVIANO;FURGONETA;;;1982;GASOLINA;39501;HIDROCARBUROS NO COMBUSTIONADOS (HC) 250;342;7
LIVIANO;FURGONETA;;;1982;GASOLINA;39503;O2 EN ALTAS RPM;1;7
LIVIANO;FURGONETA;;;1982;GASOLINA;39505;MONOXIDO DE CARBONO (CO) 2500 RPM;3;7
LIVIANO;FURGONETA;;;1982;GASOLINA;39508;RPM EN ALTAS;2430;7
LIVIANO;FURGONETA;;;1983;DIESEL;1301;ODOMETRO VEHICULO;70358;4
LIVIANO;FURGONETA;;;1983;DIESEL;38501;OPACIDAD - VEHI. DIE;9;1
LIVIANO;FURGONETA;;;1983;GASOLINA;1301;ODOMETRO VEHICULO;79552;1
LIVIANO;FURGONETA;;;1983;GASOLINA;39001;HIDROCARBUROS NO COMBUSTIONADOS (HC) RAL;379;1
LIVIANO;FURGONETA;;;1983;GASOLINA;39003;O2 EN BAJAS;1;1
LIVIANO;FURGONETA;;;1983;GASOLINA;39005;MONOXIDO DE CARBONO (CO) RALENTI;4;1
LIVIANO;FURGONETA;;;1983;GASOLINA;39008;RPM EN RALENTI;800;1
LIVIANO;FURGONETA;;;1983;GASOLINA;39501;HIDROCARBUROS NO COMBUSTIONADOS (HC) 250;176;1
LIVIANO;FURGONETA;;;1983;GASOLINA;39503;O2 EN ALTAS RPM;1;1
LIVIANO;FURGONETA;;;1983;GASOLINA;39505;MONOXIDO DE CARBONO (CO) 2500 RPM;1;1
LIVIANO;FURGONETA;;;1983;GASOLINA;39508;RPM EN ALTAS;2450;1
LIVIANO;FURGONETA;;;1984;GASOLINA;1301;ODOMETRO VEHICULO;148967;13
LIVIANO;FURGONETA;;;1984;GASOLINA;39001;HIDROCARBUROS NO COMBUSTIONADOS (HC) RAL;401;7
LIVIANO;FURGONETA;;;1984;GASOLINA;39003;O2 EN BAJAS;2;7
LIVIANO;FURGONETA;;;1984;GASOLINA;39005;MONOXIDO DE CARBONO (CO) RALENTI;4;7
LIVIANO;FURGONETA;;;1984;GASOLINA;39008;RPM EN RALENTI;882;7
LIVIANO;FURGONETA;;;1984;GASOLINA;39501;HIDROCARBUROS NO COMBUSTIONADOS (HC) 250;206;7
LIVIANO;FURGONETA;;;1984;GASOLINA;39503;O2 EN ALTAS RPM;1;7
LIVIANO;FURGONETA;;;1984;GASOLINA;39505;MONOXIDO DE CARBONO (CO) 2500 RPM;3;7
LIVIANO;FURGONETA;;;1984;GASOLINA;39508;RPM EN ALTAS;2515;7
LIVIANO;FURGONETA;;;1985;GASOLINA;1301;ODOMETRO VEHICULO;320482;18
LIVIANO;FURGONETA;;;1985;GASOLINA;39001;HIDROCARBUROS NO COMBUSTIONADOS (HC) RAL;897;13
LIVIANO;FURGONETA;;;1985;GASOLINA;39003;O2 EN BAJAS;2;13
LIVIANO;FURGONETA;;;1985;GASOLINA;39005;MONOXIDO DE CARBONO (CO) RALENTI;4;13
LIVIANO;FURGONETA;;;1985;GASOLINA;39008;RPM EN RALENTI;873;13
LIVIANO;FURGONETA;;;1985;GASOLINA;39501;HIDROCARBUROS NO COMBUSTIONADOS (HC) 250;529;13
LIVIANO;FURGONETA;;;1985;GASOLINA;39503;O2 EN ALTAS RPM;1;13
LIVIANO;FURGONETA;;;1985;GASOLINA;39505;MONOXIDO DE CARBONO (CO) 2500 RPM;4;13
LIVIANO;FURGONETA;;;1985;GASOLINA;39508;RPM EN ALTAS;2429;13
LIVIANO;FURGONETA;;;1986;GASOLINA;1301;ODOMETRO VEHICULO;218096;60
LIVIANO;FURGONETA;;;1986;GASOLINA;39001;HIDROCARBUROS NO COMBUSTIONADOS (HC) RAL;683;39
LIVIANO;FURGONETA;;;1986;GASOLINA;39003;O2 EN BAJAS;2;39
LIVIANO;FURGONETA;;;1986;GASOLINA;39005;MONOXIDO DE CARBONO (CO) RALENTI;2;40
LIVIANO;FURGONETA;;;1986;GASOLINA;39008;RPM EN RALENTI;829;39
LIVIANO;FURGONETA;;;1986;GASOLINA;39501;HIDROCARBUROS NO COMBUSTIONADOS (HC) 250;351;39
LIVIANO;FURGONETA;;;1986;GASOLINA;39503;O2 EN ALTAS RPM;1;39
LIVIANO;FURGONETA;;;1986;GASOLINA;39505;MONOXIDO DE CARBONO (CO) 2500 RPM;3;39
LIVIANO;FURGONETA;;;1986;GASOLINA;39508;RPM EN ALTAS;2454;37
LIVIANO;FURGONETA;;;1987;GASOLINA;1301;ODOMETRO VEHICULO;265641;111
LIVIANO;FURGONETA;;;1987;GASOLINA;39001;HIDROCARBUROS NO COMBUSTIONADOS (HC) RAL;626;74
LIVIANO;FURGONETA;;;1987;GASOLINA;39003;O2 EN BAJAS;2;75
LIVIANO;FURGONETA;;;1987;GASOLINA;39005;MONOXIDO DE CARBONO (CO) RALENTI;2;74
LIVIANO;FURGONETA;;;1987;GASOLINA;39008;RPM EN RALENTI;842;74
LIVIANO;FURGONETA;;;1987;GASOLINA;39501;HIDROCARBUROS NO COMBUSTIONADOS (HC) 250;298;73
LIVIANO;FURGONETA;;;1987;GASOLINA;39503;O2 EN ALTAS RPM;1;73
LIVIANO;FURGONETA;;;1987;GASOLINA;39505;MONOXIDO DE CARBONO (CO) 2500 RPM;2;73
LIVIANO;FURGONETA;;;1987;GASOLINA;39508;RPM EN ALTAS;2456;74
LIVIANO;FURGONETA;;;1988;GASOLINA;1301;ODOMETRO VEHICULO;200257;85
LIVIANO;FURGONETA;;;1988;GASOLINA;39001;HIDROCARBUROS NO COMBUSTIONADOS (HC) RAL;604;56
LIVIANO;FURGONETA;;;1988;GASOLINA;39003;O2 EN BAJAS;1;56
LIVIANO;FURGONETA;;;1988;GASOLINA;39005;MONOXIDO DE CARBONO (CO) RALENTI;3;56
LIVIANO;FURGONETA;;;1988;GASOLINA;39008;RPM EN RALENTI;861;56
LIVIANO;FURGONETA;;;1988;GASOLINA;39501;HIDROCARBUROS NO COMBUSTIONADOS (HC) 250;270;56
LIVIANO;FURGONETA;;;1988;GASOLINA;39503;O2 EN ALTAS RPM;1;57
LIVIANO;FURGONETA;;;1988;GASOLINA;39505;MONOXIDO DE CARBONO (CO) 2500 RPM;3;56
LIVIANO;FURGONETA;;;1988;GASOLINA;39508;RPM EN ALTAS;2451;55
LIVIANO;FURGONETA;;;1989;GASOLINA;1301;ODOMETRO VEHICULO;211926;124
LIVIANO;FURGONETA;;;1989;GASOLINA;39001;HIDROCARBUROS NO COMBUSTIONADOS (HC) RAL;464;77
LIVIANO;FURGONETA;;;1989;GASOLINA;39003;O2 EN BAJAS;1;77
LIVIANO;FURGONETA;;;1989;GASOLINA;39005;MONOXIDO DE CARBONO (CO) RALENTI;2;77
LIVIANO;FURGONETA;;;1989;GASOLINA;39008;RPM EN RALENTI;831;77
LIVIANO;FURGONETA;;;1989;GASOLINA;39501;HIDROCARBUROS NO COMBUSTIONADOS (HC) 250;333;77
LIVIANO;FURGONETA;;;1989;GASOLINA;39503;O2 EN ALTAS RPM;1;77
LIVIANO;FURGONETA;;;1989;GASOLINA;39505;MONOXIDO DE CARBONO (CO) 2500 RPM;3;77
LIVIANO;FURGONETA;;;1989;GASOLINA;39508;RPM EN ALTAS;2436;74
LIVIANO;FURGONETA;;;1990;DIESEL;1301;ODOMETRO VEHICULO;474375;2
LIVIANO;FURGONETA;;;1990;DIESEL;38501;OPACIDAD - VEHI. DIE;3;1
LIVIANO;FURGONETA;;;1990;GASOLINA;1301;ODOMETRO VEHICULO;300237;121
LIVIANO;FURGONETA;;;1990;GASOLINA;39001;HIDROCARBUROS NO COMBUSTIONADOS (HC) RAL;409;80
LIVIANO;FURGONETA;;;1990;GASOLINA;39003;O2 EN BAJAS;1;80
LIVIANO;FURGONETA;;;1990;GASOLINA;39005;MONOXIDO DE CARBONO (CO) RALENTI;1;80
LIVIANO;FURGONETA;;;1990;GASOLINA;39008;RPM EN RALENTI;848;80
LIVIANO;FURGONETA;;;1990;GASOLINA;39501;HIDROCARBUROS NO COMBUSTIONADOS (HC) 250;244;80
LIVIANO;FURGONETA;;;1990;GASOLINA;39503;O2 EN ALTAS RPM;1;80
LIVIANO;FURGONETA;;;1990;GASOLINA;39505;MONOXIDO DE CARBONO (CO) 2500 RPM;2;82
LIVIANO;FURGONETA;;;1990;GASOLINA;39508;RPM EN ALTAS;2442;79
LIVIANO;FURGONETA;;;1991;GASOLINA;1301;ODOMETRO VEHICULO;305369;433
LIVIANO;FURGONETA;;;1991;GASOLINA;39001;HIDROCARBUROS NO COMBUSTIONADOS (HC) RAL;462;318
LIVIANO;FURGONETA;;;1991;GASOLINA;39003;O2 EN BAJAS;1;319
LIVIANO;FURGONETA;;;1991;GASOLINA;39005;MONOXIDO DE CARBONO (CO) RALENTI;1;318
LIVIANO;FURGONETA;;;1991;GASOLINA;39008;RPM EN RALENTI;848;318
LIVIANO;FURGONETA;;;1991;GASOLINA;39501;HIDROCARBUROS NO COMBUSTIONADOS (HC) 250;276;317
LIVIANO;FURGONETA;;;1991;GASOLINA;39503;O2 EN ALTAS RPM;1;318
LIVIANO;FURGONETA;;;1991;GASOLINA;39505;MONOXIDO DE CARBONO (CO) 2500 RPM;2;319
LIVIANO;FURGONETA;;;1991;GASOLINA;39508;RPM EN ALTAS;2440;313
LIVIANO;FURGONETA;;;1992;DIESEL;1301;ODOMETRO VEHICULO;391564;60
LIVIANO;FURGONETA;;;1992;DIESEL;38501;OPACIDAD - VEHI. DIE;23;24
LIVIANO;FURGONETA;;;1992;DIESEL;39001;HIDROCARBUROS NO COMBUSTIONADOS (HC) RAL;436;10
LIVIANO;FURGONETA;;;1992;DIESEL;39003;O2 EN BAJAS;4;10
LIVIANO;FURGONETA;;;1992;DIESEL;39005;MONOXIDO DE CARBONO (CO) RALENTI;0;10
LIVIANO;FURGONETA;;;1992;DIESEL;39008;RPM EN RALENTI;889;10
LIVIANO;FURGONETA;;;1992;DIESEL;39501;HIDROCARBUROS NO COMBUSTIONADOS (HC) 250;204;10
LIVIANO;FURGONETA;;;1992;DIESEL;39503;O2 EN ALTAS RPM;0;10
LIVIANO;FURGONETA;;;1992;DIESEL;39505;MONOXIDO DE CARBONO (CO) 2500 RPM;3;10
LIVIANO;FURGONETA;;;1992;DIESEL;39508;RPM EN ALTAS;2436;10
LIVIANO;FURGONETA;;;1992;GASOLINA;1301;ODOMETRO VEHICULO;207105;384
LIVIANO;FURGONETA;;;1992;GASOLINA;39001;HIDROCARBUROS NO COMBUSTIONADOS (HC) RAL;488;255
LIVIANO;FURGONETA;;;1992;GASOLINA;39003;O2 EN BAJAS;1;256
LIVIANO;FURGONETA;;;1992;GASOLINA;39005;MONOXIDO DE CARBONO (CO) RALENTI;1;256
LIVIANO;FURGONETA;;;1992;GASOLINA;39008;RPM EN RALENTI;861;255
LIVIANO;FURGONETA;;;1992;GASOLINA;39501;HIDROCARBUROS NO COMBUSTIONADOS (HC) 250;251;255
LIVIANO;FURGONETA;;;1992;GASOLINA;39503;O2 EN ALTAS RPM;1;255
LIVIANO;FURGONETA;;;1992;GASOLINA;39505;MONOXIDO DE CARBONO (CO) 2500 RPM;1;256
LIVIANO;FURGONETA;;;1992;GASOLINA;39508;RPM EN ALTAS;2451;252
LIVIANO;FURGONETA;;;1993;DIESEL;1301;ODOMETRO VEHICULO;210877;4
LIVIANO;FURGONETA;;;1993;DIESEL;38501;OPACIDAD - VEHI. DIE;15;1
LIVIANO;FURGONETA;;;1993;GASOLINA;1301;ODOMETRO VEHICULO;167786;656
LIVIANO;FURGONETA;;;1993;GASOLINA;39001;HIDROCARBUROS NO COMBUSTIONADOS (HC) RAL;420;467
LIVIANO;FURGONETA;;;1993;GASOLINA;39003;O2 EN BAJAS;1;469
LIVIANO;FURGONETA;;;1993;GASOLINA;39005;MONOXIDO DE CARBONO (CO) RALENTI;1;468
LIVIANO;FURGONETA;;;1993;GASOLINA;39008;RPM EN RALENTI;852;467
LIVIANO;FURGONETA;;;1993;GASOLINA;39501;HIDROCARBUROS NO COMBUSTIONADOS (HC) 250;234;468
LIVIANO;FURGONETA;;;1993;GASOLINA;39503;O2 EN ALTAS RPM;1;468
LIVIANO;FURGONETA;;;1993;GASOLINA;39505;MONOXIDO DE CARBONO (CO) 2500 RPM;2;467
LIVIANO;FURGONETA;;;1993;GASOLINA;39508;RPM EN ALTAS;2447;464
LIVIANO;FURGONETA;;;1994;DIESEL;1301;ODOMETRO VEHICULO;363529;73
LIVIANO;FURGONETA;;;1994;DIESEL;38501;OPACIDAD - VEHI. DIE;37;27
LIVIANO;FURGONETA;;;1994;DIESEL;39001;HIDROCARBUROS NO COMBUSTIONADOS (HC) RAL;278;9
LIVIANO;FURGONETA;;;1994;DIESEL;39003;O2 EN BAJAS;1;9
LIVIANO;FURGONETA;;;1994;DIESEL;39005;MONOXIDO DE CARBONO (CO) RALENTI;2;9
LIVIANO;FURGONETA;;;1994;DIESEL;39008;RPM EN RALENTI;783;9
LIVIANO;FURGONETA;;;1994;DIESEL;39501;HIDROCARBUROS NO COMBUSTIONADOS (HC) 250;191;9
LIVIANO;FURGONETA;;;1994;DIESEL;39503;O2 EN ALTAS RPM;1;9
LIVIANO;FURGONETA;;;1994;DIESEL;39505;MONOXIDO DE CARBONO (CO) 2500 RPM;3;9
LIVIANO;FURGONETA;;;1994;DIESEL;39508;RPM EN ALTAS;2465;9
LIVIANO;FURGONETA;;;1994;GASOLINA;1301;ODOMETRO VEHICULO;264828;1636
LIVIANO;FURGONETA;;;1994;GASOLINA;38501;OPACIDAD - VEHI. DIE;7;2
LIVIANO;FURGONETA;;;1994;GASOLINA;39001;HIDROCARBUROS NO COMBUSTIONADOS (HC) RAL;457;1102
LIVIANO;FURGONETA;;;1994;GASOLINA;39003;O2 EN BAJAS;2;1105
LIVIANO;FURGONETA;;;1994;GASOLINA;39005;MONOXIDO DE CARBONO (CO) RALENTI;2;1104
LIVIANO;FURGONETA;;;1994;GASOLINA;39008;RPM EN RALENTI;863;1103
LIVIANO;FURGONETA;;;1994;GASOLINA;39501;HIDROCARBUROS NO COMBUSTIONADOS (HC) 250;272;1103
LIVIANO;FURGONETA;;;1994;GASOLINA;39503;O2 EN ALTAS RPM;1;1107
LIVIANO;FURGONETA;;;1994;GASOLINA;39505;MONOXIDO DE CARBONO (CO) 2500 RPM;2;1106
LIVIANO;FURGONETA;;;1994;GASOLINA;39508;RPM EN ALTAS;2451;1084
LIVIANO;FURGONETA;;;1995;DIESEL;1301;ODOMETRO VEHICULO;384985;45
LIVIANO;FURGONETA;;;1995;DIESEL;38501;OPACIDAD - VEHI. DIE;14;15
LIVIANO;FURGONETA;;;1995;DIESEL;39001;HIDROCARBUROS NO COMBUSTIONADOS (HC) RAL;487;2
LIVIANO;FURGONETA;;;1995;DIESEL;39003;O2 EN BAJAS;1;2
LIVIANO;FURGONETA;;;1995;DIESEL;39005;MONOXIDO DE CARBONO (CO) RALENTI;3;2
LIVIANO;FURGONETA;;;1995;DIESEL;39008;RPM EN RALENTI;900;2
LIVIANO;FURGONETA;;;1995;DIESEL;39501;HIDROCARBUROS NO COMBUSTIONADOS (HC) 250;251;2
LIVIANO;FURGONETA;;;1995;DIESEL;39503;O2 EN ALTAS RPM;0;2
LIVIANO;FURGONETA;;;1995;DIESEL;39505;MONOXIDO DE CARBONO (CO) 2500 RPM;4;2
LIVIANO;FURGONETA;;;1995;DIESEL;39508;RPM EN ALTAS;2400;2
LIVIANO;FURGONETA;;;1995;GASOLINA;1301;ODOMETRO VEHICULO;245555;897
LIVIANO;FURGONETA;;;1995;GASOLINA;39001;HIDROCARBUROS NO COMBUSTIONADOS (HC) RAL;429;630
LIVIANO;FURGONETA;;;1995;GASOLINA;39003;O2 EN BAJAS;1;632
LIVIANO;FURGONETA;;;1995;GASOLINA;39005;MONOXIDO DE CARBONO (CO) RALENTI;2;630
LIVIANO;FURGONETA;;;1995;GASOLINA;39008;RPM EN RALENTI;845;630
LIVIANO;FURGONETA;;;1995;GASOLINA;39501;HIDROCARBUROS NO COMBUSTIONADOS (HC) 250;272;630
LIVIANO;FURGONETA;;;1995;GASOLINA;39503;O2 EN ALTAS RPM;1;635
LIVIANO;FURGONETA;;;1995;GASOLINA;39505;MONOXIDO DE CARBONO (CO) 2500 RPM;2;633
LIVIANO;FURGONETA;;;1995;GASOLINA;39508;RPM EN ALTAS;2449;623
LIVIANO;FURGONETA;;;1996;DIESEL;1301;ODOMETRO VEHICULO;343933;37
LIVIANO;FURGONETA;;;1996;DIESEL;38501;OPACIDAD - VEHI. DIE;32;13
LIVIANO;FURGONETA;;;1996;DIESEL;39001;HIDROCARBUROS NO COMBUSTIONADOS (HC) RAL;1196;7
LIVIANO;FURGONETA;;;1996;DIESEL;39003;O2 EN BAJAS;3;7
LIVIANO;FURGONETA;;;1996;DIESEL;39005;MONOXIDO DE CARBONO (CO) RALENTI;3;7
LIVIANO;FURGONETA;;;1996;DIESEL;39008;RPM EN RALENTI;800;7
LIVIANO;FURGONETA;;;1996;DIESEL;39501;HIDROCARBUROS NO COMBUSTIONADOS (HC) 250;1230;7
LIVIANO;FURGONETA;;;1996;DIESEL;39503;O2 EN ALTAS RPM;3;7
LIVIANO;FURGONETA;;;1996;DIESEL;39505;MONOXIDO DE CARBONO (CO) 2500 RPM;4;7
LIVIANO;FURGONETA;;;1996;DIESEL;39508;RPM EN ALTAS;2425;7
LIVIANO;FURGONETA;;;1996;GASOLINA;1301;ODOMETRO VEHICULO;243143;804
LIVIANO;FURGONETA;;;1996;GASOLINA;39001;HIDROCARBUROS NO COMBUSTIONADOS (HC) RAL;401;551
LIVIANO;FURGONETA;;;1996;GASOLINA;39003;O2 EN BAJAS;2;554
LIVIANO;FURGONETA;;;1996;GASOLINA;39005;MONOXIDO DE CARBONO (CO) RALENTI;1;553
LIVIANO;FURGONETA;;;1996;GASOLINA;39008;RPM EN RALENTI;854;551
LIVIANO;FURGONETA;;;1996;GASOLINA;39501;HIDROCARBUROS NO COMBUSTIONADOS (HC) 250;257;551
LIVIANO;FURGONETA;;;1996;GASOLINA;39503;O2 EN ALTAS RPM;1;552
LIVIANO;FURGONETA;;;1996;GASOLINA;39505;MONOXIDO DE CARBONO (CO) 2500 RPM;1;551
LIVIANO;FURGONETA;;;1996;GASOLINA;39508;RPM EN ALTAS;2447;542
LIVIANO;FURGONETA;;;1997;DIESEL;1301;ODOMETRO VEHICULO;371816;40
LIVIANO;FURGONETA;;;1997;DIESEL;38501;OPACIDAD - VEHI. DIE;29;21
LIVIANO;FURGONETA;;;1997;GASOLINA;1301;ODOMETRO VEHICULO;220292;482
LIVIANO;FURGONETA;;;1997;GASOLINA;39001;HIDROCARBUROS NO COMBUSTIONADOS (HC) RAL;444;339
LIVIANO;FURGONETA;;;1997;GASOLINA;39003;O2 EN BAJAS;2;341
LIVIANO;FURGONETA;;;1997;GASOLINA;39005;MONOXIDO DE CARBONO (CO) RALENTI;1;339
LIVIANO;FURGONETA;;;1997;GASOLINA;39008;RPM EN RALENTI;882;339
LIVIANO;FURGONETA;;;1997;GASOLINA;39501;HIDROCARBUROS NO COMBUSTIONADOS (HC) 250;288;339
LIVIANO;FURGONETA;;;1997;GASOLINA;39503;O2 EN ALTAS RPM;1;340
LIVIANO;FURGONETA;;;1997;GASOLINA;39505;MONOXIDO DE CARBONO (CO) 2500 RPM;2;339
LIVIANO;FURGONETA;;;1997;GASOLINA;39508;RPM EN ALTAS;2471;333
LIVIANO;FURGONETA;;;1998;DIESEL;1301;ODOMETRO VEHICULO;350578;220
LIVIANO;FURGONETA;;;1998;DIESEL;38501;OPACIDAD - VEHI. DIE;33;134
LIVIANO;FURGONETA;;;1998;DIESEL;39001;HIDROCARBUROS NO COMBUSTIONADOS (HC) RAL;906;8
LIVIANO;FURGONETA;;;1998;DIESEL;39003;O2 EN BAJAS;2;8
LIVIANO;FURGONETA;;;1998;DIESEL;39005;MONOXIDO DE CARBONO (CO) RALENTI;3;8
LIVIANO;FURGONETA;;;1998;DIESEL;39008;RPM EN RALENTI;801;8
LIVIANO;FURGONETA;;;1998;DIESEL;39501;HIDROCARBUROS NO COMBUSTIONADOS (HC) 250;226;8
LIVIANO;FURGONETA;;;1998;DIESEL;39503;O2 EN ALTAS RPM;1;8
LIVIANO;FURGONETA;;;1998;DIESEL;39505;MONOXIDO DE CARBONO (CO) 2500 RPM;2;8
LIVIANO;FURGONETA;;;1998;DIESEL;39508;RPM EN ALTAS;2496;8
LIVIANO;FURGONETA;;;1998;GASOLINA;1301;ODOMETRO VEHICULO;255488;924
LIVIANO;FURGONETA;;;1998;GASOLINA;38501;OPACIDAD - VEHI. DIE;1;2
LIVIANO;FURGONETA;;;1998;GASOLINA;39001;HIDROCARBUROS NO COMBUSTIONADOS (HC) RAL;402;649
LIVIANO;FURGONETA;;;1998;GASOLINA;39003;O2 EN BAJAS;1;649
LIVIANO;FURGONETA;;;1998;GASOLINA;39005;MONOXIDO DE CARBONO (CO) RALENTI;1;651
LIVIANO;FURGONETA;;;1998;GASOLINA;39008;RPM EN RALENTI;840;649
LIVIANO;FURGONETA;;;1998;GASOLINA;39501;HIDROCARBUROS NO COMBUSTIONADOS (HC) 250;251;649
LIVIANO;FURGONETA;;;1998;GASOLINA;39503;O2 EN ALTAS RPM;1;650
LIVIANO;FURGONETA;;;1998;GASOLINA;39505;MONOXIDO DE CARBONO (CO) 2500 RPM;2;650
LIVIANO;FURGONETA;;;1998;GASOLINA;39508;RPM EN ALTAS;2445;640
LIVIANO;FURGONETA;;;1999;DIESEL;1301;ODOMETRO VEHICULO;408921;110
LIVIANO;FURGONETA;;;1999;DIESEL;38501;OPACIDAD - VEHI. DIE;22;67
LIVIANO;FURGONETA;;;1999;GASOLINA;1301;ODOMETRO VEHICULO;225203;919
LIVIANO;FURGONETA;;;1999;GASOLINA;39001;HIDROCARBUROS NO COMBUSTIONADOS (HC) RAL;463;674
LIVIANO;FURGONETA;;;1999;GASOLINA;39003;O2 EN BAJAS;2;677
LIVIANO;FURGONETA;;;1999;GASOLINA;39005;MONOXIDO DE CARBONO (CO) RALENTI;2;675
LIVIANO;FURGONETA;;;1999;GASOLINA;39008;RPM EN RALENTI;855;674
LIVIANO;FURGONETA;;;1999;GASOLINA;39501;HIDROCARBUROS NO COMBUSTIONADOS (HC) 250;322;674
LIVIANO;FURGONETA;;;1999;GASOLINA;39503;O2 EN ALTAS RPM;1;676
LIVIANO;FURGONETA;;;1999;GASOLINA;39505;MONOXIDO DE CARBONO (CO) 2500 RPM;2;674
LIVIANO;FURGONETA;;;1999;GASOLINA;39508;RPM EN ALTAS;2454;667
LIVIANO;FURGONETA;;;2000;DIESEL;1301;ODOMETRO VEHICULO;360522;32
LIVIANO;FURGONETA;;;2000;DIESEL;38501;OPACIDAD - VEHI. DIE;25;15
LIVIANO;FURGONETA;;;2000;DIESEL;39001;HIDROCARBUROS NO COMBUSTIONADOS (HC) RAL;249;7
LIVIANO;FURGONETA;;;2000;DIESEL;39003;O2 EN BAJAS;1;7
LIVIANO;FURGONETA;;;2000;DIESEL;39005;MONOXIDO DE CARBONO (CO) RALENTI;4;7
LIVIANO;FURGONETA;;;2000;DIESEL;39008;RPM EN RALENTI;764;7
LIVIANO;FURGONETA;;;2000;DIESEL;39501;HIDROCARBUROS NO COMBUSTIONADOS (HC) 250;147;7
LIVIANO;FURGONETA;;;2000;DIESEL;39503;O2 EN ALTAS RPM;1;7
LIVIANO;FURGONETA;;;2000;DIESEL;39505;MONOXIDO DE CARBONO (CO) 2500 RPM;4;7
LIVIANO;FURGONETA;;;2000;DIESEL;39508;RPM EN ALTAS;2405;7
LIVIANO;FURGONETA;;;2000;GASOLINA;1301;ODOMETRO VEHICULO;154259;95
LIVIANO;FURGONETA;;;2000;GASOLINA;39001;HIDROCARBUROS NO COMBUSTIONADOS (HC) RAL;146;66
LIVIANO;FURGONETA;;;2000;GASOLINA;39003;O2 EN BAJAS;0;66
LIVIANO;FURGONETA;;;2000;GASOLINA;39005;MONOXIDO DE CARBONO (CO) RALENTI;0;66
LIVIANO;FURGONETA;;;2000;GASOLINA;39008;RPM EN RALENTI;822;66
LIVIANO;FURGONETA;;;2000;GASOLINA;39501;HIDROCARBUROS NO COMBUSTIONADOS (HC) 250;64;66
LIVIANO;FURGONETA;;;2000;GASOLINA;39503;O2 EN ALTAS RPM;0;66
LIVIANO;FURGONETA;;;2000;GASOLINA;39505;MONOXIDO DE CARBONO (CO) 2500 RPM;0;66
LIVIANO;FURGONETA;;;2000;GASOLINA;39508;RPM EN ALTAS;2427;64
LIVIANO;FURGONETA;;;2001;DIESEL;1301;ODOMETRO VEHICULO;425058;622
LIVIANO;FURGONETA;;;2001;DIESEL;38501;OPACIDAD - VEHI. DIE;27;372
LIVIANO;FURGONETA;;;2001;DIESEL;39001;HIDROCARBUROS NO COMBUSTIONADOS (HC) RAL;99;2
LIVIANO;FURGONETA;;;2001;DIESEL;39003;O2 EN BAJAS;0;2
LIVIANO;FURGONETA;;;2001;DIESEL;39005;MONOXIDO DE CARBONO (CO) RALENTI;0;2
LIVIANO;FURGONETA;;;2001;DIESEL;39008;RPM EN RALENTI;825;2
LIVIANO;FURGONETA;;;2001;DIESEL;39501;HIDROCARBUROS NO COMBUSTIONADOS (HC) 250;75;2
LIVIANO;FURGONETA;;;2001;DIESEL;39503;O2 EN ALTAS RPM;0;2
LIVIANO;FURGONETA;;;2001;DIESEL;39505;MONOXIDO DE CARBONO (CO) 2500 RPM;0;2
LIVIANO;FURGONETA;;;2001;DIESEL;39508;RPM EN ALTAS;2540;2
LIVIANO;FURGONETA;;;2001;GASOLINA;1301;ODOMETRO VEHICULO;191936;1060
LIVIANO;FURGONETA;;;2001;GASOLINA;38501;OPACIDAD - VEHI. DIE;13;1
LIVIANO;FURGONETA;;;2001;GASOLINA;39001;HIDROCARBUROS NO COMBUSTIONADOS (HC) RAL;191;823
LIVIANO;FURGONETA;;;2001;GASOLINA;39003;O2 EN BAJAS;1;823
LIVIANO;FURGONETA;;;2001;GASOLINA;39005;MONOXIDO DE CARBONO (CO) RALENTI;1;824
LIVIANO;FURGONETA;;;2001;GASOLINA;39008;RPM EN RALENTI;844;823
LIVIANO;FURGONETA;;;2001;GASOLINA;39501;HIDROCARBUROS NO COMBUSTIONADOS (HC) 250;126;823
LIVIANO;FURGONETA;;;2001;GASOLINA;39503;O2 EN ALTAS RPM;1;823
LIVIANO;FURGONETA;;;2001;GASOLINA;39505;MONOXIDO DE CARBONO (CO) 2500 RPM;1;829
LIVIANO;FURGONETA;;;2001;GASOLINA;39508;RPM EN ALTAS;2456;821
LIVIANO;FURGONETA;;;2002;DIESEL;1301;ODOMETRO VEHICULO;413235;2324
LIVIANO;FURGONETA;;;2002;DIESEL;38501;OPACIDAD - VEHI. DIE;27;1383
LIVIANO;FURGONETA;;;2002;DIESEL;39001;HIDROCARBUROS NO COMBUSTIONADOS (HC) RAL;146;12
LIVIANO;FURGONETA;;;2002;DIESEL;39003;O2 EN BAJAS;0;12
LIVIANO;FURGONETA;;;2002;DIESEL;39005;MONOXIDO DE CARBONO (CO) RALENTI;0;12
LIVIANO;FURGONETA;;;2002;DIESEL;39008;RPM EN RALENTI;866;12
LIVIANO;FURGONETA;;;2002;DIESEL;39501;HIDROCARBUROS NO COMBUSTIONADOS (HC) 250;137;12
LIVIANO;FURGONETA;;;2002;DIESEL;39503;O2 EN ALTAS RPM;0;12
LIVIANO;FURGONETA;;;2002;DIESEL;39505;MONOXIDO DE CARBONO (CO) 2500 RPM;0;12
LIVIANO;FURGONETA;;;2002;DIESEL;39508;RPM EN ALTAS;2426;12
LIVIANO;FURGONETA;;;2002;GASOLINA;1301;ODOMETRO VEHICULO;163391;2080
LIVIANO;FURGONETA;;;2002;GASOLINA;38501;OPACIDAD - VEHI. DIE;6;1
LIVIANO;FURGONETA;;;2002;GASOLINA;39001;HIDROCARBUROS NO COMBUSTIONADOS (HC) RAL;189;1610
LIVIANO;FURGONETA;;;2002;GASOLINA;39003;O2 EN BAJAS;1;1612
LIVIANO;FURGONETA;;;2002;GASOLINA;39005;MONOXIDO DE CARBONO (CO) RALENTI;0;1609
LIVIANO;FURGONETA;;;2002;GASOLINA;39008;RPM EN RALENTI;852;1609
LIVIANO;FURGONETA;;;2002;GASOLINA;39501;HIDROCARBUROS NO COMBUSTIONADOS (HC) 250;131;1609
LIVIANO;FURGONETA;;;2002;GASOLINA;39503;O2 EN ALTAS RPM;1;1611
LIVIANO;FURGONETA;;;2002;GASOLINA;39505;MONOXIDO DE CARBONO (CO) 2500 RPM;1;1610
LIVIANO;FURGONETA;;;2002;GASOLINA;39508;RPM EN ALTAS;2457;1595
LIVIANO;FURGONETA;;;2003;DIESEL;1301;ODOMETRO VEHICULO;416226;6707
LIVIANO;FURGONETA;;;2003;DIESEL;38501;OPACIDAD - VEHI. DIE;28;3970
LIVIANO;FURGONETA;;;2003;DIESEL;39001;HIDROCARBUROS NO COMBUSTIONADOS (HC) RAL;148;111
LIVIANO;FURGONETA;;;2003;DIESEL;39003;O2 EN BAJAS;1;111
LIVIANO;FURGONETA;;;2003;DIESEL;39005;MONOXIDO DE CARBONO (CO) RALENTI;0;111
LIVIANO;FURGONETA;;;2003;DIESEL;39008;RPM EN RALENTI;829;111
LIVIANO;FURGONETA;;;2003;DIESEL;39501;HIDROCARBUROS NO COMBUSTIONADOS (HC) 250;135;111
LIVIANO;FURGONETA;;;2003;DIESEL;39503;O2 EN ALTAS RPM;1;111
LIVIANO;FURGONETA;;;2003;DIESEL;39505;MONOXIDO DE CARBONO (CO) 2500 RPM;0;112
LIVIANO;FURGONETA;;;2003;DIESEL;39508;RPM EN ALTAS;2438;111
LIVIANO;FURGONETA;;;2003;GASOLINA;1301;ODOMETRO VEHICULO;217985;3336
LIVIANO;FURGONETA;;;2003;GASOLINA;38501;OPACIDAD - VEHI. DIE;10;12
LIVIANO;FURGONETA;;;2003;GASOLINA;39001;HIDROCARBUROS NO COMBUSTIONADOS (HC) RAL;169;2445
LIVIANO;FURGONETA;;;2003;GASOLINA;39003;O2 EN BAJAS;1;2447
LIVIANO;FURGONETA;;;2003;GASOLINA;39005;MONOXIDO DE CARBONO (CO) RALENTI;0;2448
LIVIANO;FURGONETA;;;2003;GASOLINA;39008;RPM EN RALENTI;839;2443
LIVIANO;FURGONETA;;;2003;GASOLINA;39501;HIDROCARBUROS NO COMBUSTIONADOS (HC) 250;122;2443
LIVIANO;FURGONETA;;;2003;GASOLINA;39503;O2 EN ALTAS RPM;1;2445
LIVIANO;FURGONETA;;;2003;GASOLINA;39505;MONOXIDO DE CARBONO (CO) 2500 RPM;0;2456
LIVIANO;FURGONETA;;;2003;GASOLINA;39508;RPM EN ALTAS;2453;2428
LIVIANO;FURGONETA;;;2004;DIESEL;1301;ODOMETRO VEHICULO;391428;6028
LIVIANO;FURGONETA;;;2004;DIESEL;38501;OPACIDAD - VEHI. DIE;28;3626
LIVIANO;FURGONETA;;;2004;DIESEL;39001;HIDROCARBUROS NO COMBUSTIONADOS (HC) RAL;161;99
LIVIANO;FURGONETA;;;2004;DIESEL;39003;O2 EN BAJAS;1;99
LIVIANO;FURGONETA;;;2004;DIESEL;39005;MONOXIDO DE CARBONO (CO) RALENTI;0;99
LIVIANO;FURGONETA;;;2004;DIESEL;39008;RPM EN RALENTI;824;99
LIVIANO;FURGONETA;;;2004;DIESEL;39501;HIDROCARBUROS NO COMBUSTIONADOS (HC) 250;174;99
LIVIANO;FURGONETA;;;2004;DIESEL;39503;O2 EN ALTAS RPM;1;99
LIVIANO;FURGONETA;;;2004;DIESEL;39505;MONOXIDO DE CARBONO (CO) 2500 RPM;0;99
LIVIANO;FURGONETA;;;2004;DIESEL;39508;RPM EN ALTAS;2440;99
LIVIANO;FURGONETA;;;2004;GASOLINA;1301;ODOMETRO VEHICULO;212192;2446
LIVIANO;FURGONETA;;;2004;GASOLINA;38501;OPACIDAD - VEHI. DIE;12;6
LIVIANO;FURGONETA;;;2004;GASOLINA;39001;HIDROCARBUROS NO COMBUSTIONADOS (HC) RAL;163;1833
LIVIANO;FURGONETA;;;2004;GASOLINA;39003;O2 EN BAJAS;1;1832
LIVIANO;FURGONETA;;;2004;GASOLINA;39005;MONOXIDO DE CARBONO (CO) RALENTI;0;1833
LIVIANO;FURGONETA;;;2004;GASOLINA;39008;RPM EN RALENTI;837;1829
LIVIANO;FURGONETA;;;2004;GASOLINA;39501;HIDROCARBUROS NO COMBUSTIONADOS (HC) 250;126;1829
LIVIANO;FURGONETA;;;2004;GASOLINA;39503;O2 EN ALTAS RPM;1;1832
LIVIANO;FURGONETA;;;2004;GASOLINA;39505;MONOXIDO DE CARBONO (CO) 2500 RPM;0;1836
LIVIANO;FURGONETA;;;2004;GASOLINA;39508;RPM EN ALTAS;2451;1804
LIVIANO;FURGONETA;;;2005;DIESEL;1301;ODOMETRO VEHICULO;399614;4256
LIVIANO;FURGONETA;;;2005;DIESEL;38501;OPACIDAD - VEHI. DIE;28;2786
LIVIANO;FURGONETA;;;2005;DIESEL;39001;HIDROCARBUROS NO COMBUSTIONADOS (HC) RAL;104;14
LIVIANO;FURGONETA;;;2005;DIESEL;39003;O2 EN BAJAS;1;15
LIVIANO;FURGONETA;;;2005;DIESEL;39005;MONOXIDO DE CARBONO (CO) RALENTI;0;14
LIVIANO;FURGONETA;;;2005;DIESEL;39008;RPM EN RALENTI;782;14
LIVIANO;FURGONETA;;;2005;DIESEL;39501;HIDROCARBUROS NO COMBUSTIONADOS (HC) 250;103;14
LIVIANO;FURGONETA;;;2005;DIESEL;39503;O2 EN ALTAS RPM;1;14
LIVIANO;FURGONETA;;;2005;DIESEL;39505;MONOXIDO DE CARBONO (CO) 2500 RPM;0;14
LIVIANO;FURGONETA;;;2005;DIESEL;39508;RPM EN ALTAS;2402;14
LIVIANO;FURGONETA;;;2005;GASOLINA;1301;ODOMETRO VEHICULO;100023;1370
LIVIANO;FURGONETA;;;2005;GASOLINA;39001;HIDROCARBUROS NO COMBUSTIONADOS (HC) RAL;179;1109
LIVIANO;FURGONETA;;;2005;GASOLINA;39003;O2 EN BAJAS;1;1109
LIVIANO;FURGONETA;;;2005;GASOLINA;39005;MONOXIDO DE CARBONO (CO) RALENTI;0;1109
LIVIANO;FURGONETA;;;2005;GASOLINA;39008;RPM EN RALENTI;871;1109
LIVIANO;FURGONETA;;;2005;GASOLINA;39501;HIDROCARBUROS NO COMBUSTIONADOS (HC) 250;125;1109
LIVIANO;FURGONETA;;;2005;GASOLINA;39503;O2 EN ALTAS RPM;1;1109
LIVIANO;FURGONETA;;;2005;GASOLINA;39505;MONOXIDO DE CARBONO (CO) 2500 RPM;1;1110
LIVIANO;FURGONETA;;;2005;GASOLINA;39508;RPM EN ALTAS;2451;1102
LIVIANO;FURGONETA;;;2006;DIESEL;1301;ODOMETRO VEHICULO;277742;2055
LIVIANO;FURGONETA;;;2006;DIESEL;38501;OPACIDAD - VEHI. DIE;30;1409
LIVIANO;FURGONETA;;;2006;DIESEL;39001;HIDROCARBUROS NO COMBUSTIONADOS (HC) RAL;452;8
LIVIANO;FURGONETA;;;2006;DIESEL;39003;O2 EN BAJAS;1;8
LIVIANO;FURGONETA;;;2006;DIESEL;39005;MONOXIDO DE CARBONO (CO) RALENTI;0;8
LIVIANO;FURGONETA;;;2006;DIESEL;39008;RPM EN RALENTI;798;8
LIVIANO;FURGONETA;;;2006;DIESEL;39501;HIDROCARBUROS NO COMBUSTIONADOS (HC) 250;161;8
LIVIANO;FURGONETA;;;2006;DIESEL;39503;O2 EN ALTAS RPM;0;8
LIVIANO;FURGONETA;;;2006;DIESEL;39505;MONOXIDO DE CARBONO (CO) 2500 RPM;2;8
LIVIANO;FURGONETA;;;2006;DIESEL;39508;RPM EN ALTAS;2406;8
LIVIANO;FURGONETA;;;2006;GASOLINA;1301;ODOMETRO VEHICULO;118625;1296
LIVIANO;FURGONETA;;;2006;GASOLINA;39001;HIDROCARBUROS NO COMBUSTIONADOS (HC) RAL;174;1021
LIVIANO;FURGONETA;;;2006;GASOLINA;39003;O2 EN BAJAS;1;1023
LIVIANO;FURGONETA;;;2006;GASOLINA;39005;MONOXIDO DE CARBONO (CO) RALENTI;0;1022
LIVIANO;FURGONETA;;;2006;GASOLINA;39008;RPM EN RALENTI;859;1022
LIVIANO;FURGONETA;;;2006;GASOLINA;39501;HIDROCARBUROS NO COMBUSTIONADOS (HC) 250;134;1022
LIVIANO;FURGONETA;;;2006;GASOLINA;39503;O2 EN ALTAS RPM;1;1022
LIVIANO;FURGONETA;;;2006;GASOLINA;39505;MONOXIDO DE CARBONO (CO) 2500 RPM;1;1022
LIVIANO;FURGONETA;;;2006;GASOLINA;39508;RPM EN ALTAS;2450;1014
LIVIANO;FURGONETA;;;2007;DIESEL;1301;ODOMETRO VEHICULO;253939;2409
LIVIANO;FURGONETA;;;2007;DIESEL;38501;OPACIDAD - VEHI. DIE;30;1592
LIVIANO;FURGONETA;;;2007;DIESEL;39001;HIDROCARBUROS NO COMBUSTIONADOS (HC) RAL;377;23
LIVIANO;FURGONETA;;;2007;DIESEL;39003;O2 EN BAJAS;1;23
LIVIANO;FURGONETA;;;2007;DIESEL;39005;MONOXIDO DE CARBONO (CO) RALENTI;0;23
LIVIANO;FURGONETA;;;2007;DIESEL;39008;RPM EN RALENTI;801;23
LIVIANO;FURGONETA;;;2007;DIESEL;39501;HIDROCARBUROS NO COMBUSTIONADOS (HC) 250;428;23
LIVIANO;FURGONETA;;;2007;DIESEL;39503;O2 EN ALTAS RPM;1;23
LIVIANO;FURGONETA;;;2007;DIESEL;39505;MONOXIDO DE CARBONO (CO) 2500 RPM;0;23
LIVIANO;FURGONETA;;;2007;DIESEL;39508;RPM EN ALTAS;2438;23
LIVIANO;FURGONETA;;;2007;GASOLINA;1301;ODOMETRO VEHICULO;134313;1578
LIVIANO;FURGONETA;;;2007;GASOLINA;38501;OPACIDAD - VEHI. DIE;11;11
LIVIANO;FURGONETA;;;2007;GASOLINA;39001;HIDROCARBUROS NO COMBUSTIONADOS (HC) RAL;179;1241
LIVIANO;FURGONETA;;;2007;GASOLINA;39003;O2 EN BAJAS;1;1238
LIVIANO;FURGONETA;;;2007;GASOLINA;39005;MONOXIDO DE CARBONO (CO) RALENTI;0;1238
LIVIANO;FURGONETA;;;2007;GASOLINA;39008;RPM EN RALENTI;857;1238
LIVIANO;FURGONETA;;;2007;GASOLINA;39501;HIDROCARBUROS NO COMBUSTIONADOS (HC) 250;133;1238
LIVIANO;FURGONETA;;;2007;GASOLINA;39503;O2 EN ALTAS RPM;1;1239
LIVIANO;FURGONETA;;;2007;GASOLINA;39505;MONOXIDO DE CARBONO (CO) 2500 RPM;1;1241
LIVIANO;FURGONETA;;;2007;GASOLINA;39508;RPM EN ALTAS;2451;1227
LIVIANO;FURGONETA;;;2008;DIESEL;1301;ODOMETRO VEHICULO;315690;2921
LIVIANO;FURGONETA;;;2008;DIESEL;38501;OPACIDAD - VEHI. DIE;31;1918
LIVIANO;FURGONETA;;;2008;GASOLINA;1301;ODOMETRO VEHICULO;188844;1701
LIVIANO;FURGONETA;;;2008;GASOLINA;38501;OPACIDAD - VEHI. DIE;2;7
LIVIANO;FURGONETA;;;2008;GASOLINA;39001;HIDROCARBUROS NO COMBUSTIONADOS (HC) RAL;122;1158
LIVIANO;FURGONETA;;;2008;GASOLINA;39003;O2 EN BAJAS;1;1158
LIVIANO;FURGONETA;;;2008;GASOLINA;39005;MONOXIDO DE CARBONO (CO) RALENTI;0;1157
LIVIANO;FURGONETA;;;2008;GASOLINA;39008;RPM EN RALENTI;842;1157
LIVIANO;FURGONETA;;;2008;GASOLINA;39501;HIDROCARBUROS NO COMBUSTIONADOS (HC) 250;99;1162
LIVIANO;FURGONETA;;;2008;GASOLINA;39503;O2 EN ALTAS RPM;1;1157
LIVIANO;FURGONETA;;;2008;GASOLINA;39505;MONOXIDO DE CARBONO (CO) 2500 RPM;0;1159
LIVIANO;FURGONETA;;;2008;GASOLINA;39508;RPM EN ALTAS;2442;1144
LIVIANO;FURGONETA;;;2009;DIESEL;1301;ODOMETRO VEHICULO;263984;4868
LIVIANO;FURGONETA;;;2009;DIESEL;38501;OPACIDAD - VEHI. DIE;30;3406
LIVIANO;FURGONETA;;;2009;DIESEL;39001;HIDROCARBUROS NO COMBUSTIONADOS (HC) RAL;14;4
LIVIANO;FURGONETA;;;2009;DIESEL;39003;O2 EN BAJAS;0;4
LIVIANO;FURGONETA;;;2009;DIESEL;39005;MONOXIDO DE CARBONO (CO) RALENTI;0;4
LIVIANO;FURGONETA;;;2009;DIESEL;39008;RPM EN RALENTI;855;4
LIVIANO;FURGONETA;;;2009;DIESEL;39501;HIDROCARBUROS NO COMBUSTIONADOS (HC) 250;19;4
LIVIANO;FURGONETA;;;2009;DIESEL;39503;O2 EN ALTAS RPM;0;4
LIVIANO;FURGONETA;;;2009;DIESEL;39505;MONOXIDO DE CARBONO (CO) 2500 RPM;0;4
LIVIANO;FURGONETA;;;2009;DIESEL;39508;RPM EN ALTAS;2400;4
LIVIANO;FURGONETA;;;2009;GASOLINA;1301;ODOMETRO VEHICULO;157261;1855
LIVIANO;FURGONETA;;;2009;GASOLINA;39001;HIDROCARBUROS NO COMBUSTIONADOS (HC) RAL;103;1272
LIVIANO;FURGONETA;;;2009;GASOLINA;39003;O2 EN BAJAS;1;1273
LIVIANO;FURGONETA;;;2009;GASOLINA;39005;MONOXIDO DE CARBONO (CO) RALENTI;0;1271
LIVIANO;FURGONETA;;;2009;GASOLINA;39008;RPM EN RALENTI;839;1271
LIVIANO;FURGONETA;;;2009;GASOLINA;39501;HIDROCARBUROS NO COMBUSTIONADOS (HC) 250;84;1272
LIVIANO;FURGONETA;;;2009;GASOLINA;39503;O2 EN ALTAS RPM;0;1272
LIVIANO;FURGONETA;;;2009;GASOLINA;39505;MONOXIDO DE CARBONO (CO) 2500 RPM;0;1273
LIVIANO;FURGONETA;;;2009;GASOLINA;39508;RPM EN ALTAS;2449;1253
LIVIANO;FURGONETA;;;2010;DIESEL;1301;ODOMETRO VEHICULO;233310;2805
LIVIANO;FURGONETA;;;2010;DIESEL;38501;OPACIDAD - VEHI. DIE;29;2157
LIVIANO;FURGONETA;;;2010;GASOLINA;1301;ODOMETRO VEHICULO;147178;905
LIVIANO;FURGONETA;;;2010;GASOLINA;39001;HIDROCARBUROS NO COMBUSTIONADOS (HC) RAL;101;652
LIVIANO;FURGONETA;;;2010;GASOLINA;39003;O2 EN BAJAS;1;651
LIVIANO;FURGONETA;;;2010;GASOLINA;39005;MONOXIDO DE CARBONO (CO) RALENTI;0;653
LIVIANO;FURGONETA;;;2010;GASOLINA;39008;RPM EN RALENTI;817;651
LIVIANO;FURGONETA;;;2010;GASOLINA;39501;HIDROCARBUROS NO COMBUSTIONADOS (HC) 250;86;651
LIVIANO;FURGONETA;;;2010;GASOLINA;39503;O2 EN ALTAS RPM;1;651
LIVIANO;FURGONETA;;;2010;GASOLINA;39505;MONOXIDO DE CARBONO (CO) 2500 RPM;0;653
LIVIANO;FURGONETA;;;2010;GASOLINA;39508;RPM EN ALTAS;2444;641
LIVIANO;FURGONETA;;;2011;DIESEL;1301;ODOMETRO VEHICULO;199736;5420
LIVIANO;FURGONETA;;;2011;DIESEL;38501;OPACIDAD - VEHI. DIE;27;4128
LIVIANO;FURGONETA;;;2011;GASOLINA;1301;ODOMETRO VEHICULO;154048;4608
LIVIANO;FURGONETA;;;2011;GASOLINA;39001;HIDROCARBUROS NO COMBUSTIONADOS (HC) RAL;95;3183
LIVIANO;FURGONETA;;;2011;GASOLINA;39003;O2 EN BAJAS;0;3182
LIVIANO;FURGONETA;;;2011;GASOLINA;39005;MONOXIDO DE CARBONO (CO) RALENTI;0;3182
LIVIANO;FURGONETA;;;2011;GASOLINA;39008;RPM EN RALENTI;811;3183
LIVIANO;FURGONETA;;;2011;GASOLINA;39501;HIDROCARBUROS NO COMBUSTIONADOS (HC) 250;95;3184
LIVIANO;FURGONETA;;;2011;GASOLINA;39503;O2 EN ALTAS RPM;1;3183
LIVIANO;FURGONETA;;;2011;GASOLINA;39505;MONOXIDO DE CARBONO (CO) 2500 RPM;0;3188
LIVIANO;FURGONETA;;;2011;GASOLINA;39508;RPM EN ALTAS;2445;3124
LIVIANO;FURGONETA;;;2012;DIESEL;1301;ODOMETRO VEHICULO;171199;4501
LIVIANO;FURGONETA;;;2012;DIESEL;38501;OPACIDAD - VEHI. DIE;26;3473
LIVIANO;FURGONETA;;;2012;GASOLINA;1301;ODOMETRO VEHICULO;141565;9473
LIVIANO;FURGONETA;;;2012;GASOLINA;39001;HIDROCARBUROS NO COMBUSTIONADOS (HC) RAL;81;6547
LIVIANO;FURGONETA;;;2012;GASOLINA;39003;O2 EN BAJAS;0;6544
LIVIANO;FURGONETA;;;2012;GASOLINA;39005;MONOXIDO DE CARBONO (CO) RALENTI;0;6546
LIVIANO;FURGONETA;;;2012;GASOLINA;39008;RPM EN RALENTI;802;6543
LIVIANO;FURGONETA;;;2012;GASOLINA;39501;HIDROCARBUROS NO COMBUSTIONADOS (HC) 250;72;6548
LIVIANO;FURGONETA;;;2012;GASOLINA;39503;O2 EN ALTAS RPM;0;6547
LIVIANO;FURGONETA;;;2012;GASOLINA;39505;MONOXIDO DE CARBONO (CO) 2500 RPM;0;6549
LIVIANO;FURGONETA;;;2012;GASOLINA;39508;RPM EN ALTAS;2442;6447
LIVIANO;FURGONETA;;;2013;DIESEL;1301;ODOMETRO VEHICULO;176667;4179
LIVIANO;FURGONETA;;;2013;DIESEL;38501;OPACIDAD - VEHI. DIE;29;3273
LIVIANO;FURGONETA;;;2013;GASOLINA;1301;ODOMETRO VEHICULO;136866;5128
LIVIANO;FURGONETA;;;2013;GASOLINA;39001;HIDROCARBUROS NO COMBUSTIONADOS (HC) RAL;84;3787
LIVIANO;FURGONETA;;;2013;GASOLINA;39003;O2 EN BAJAS;0;3785
LIVIANO;FURGONETA;;;2013;GASOLINA;39005;MONOXIDO DE CARBONO (CO) RALENTI;0;3787
LIVIANO;FURGONETA;;;2013;GASOLINA;39008;RPM EN RALENTI;806;3785
LIVIANO;FURGONETA;;;2013;GASOLINA;39501;HIDROCARBUROS NO COMBUSTIONADOS (HC) 250;70;3785
LIVIANO;FURGONETA;;;2013;GASOLINA;39503;O2 EN ALTAS RPM;0;3785
LIVIANO;FURGONETA;;;2013;GASOLINA;39505;MONOXIDO DE CARBONO (CO) 2500 RPM;0;3785
LIVIANO;FURGONETA;;;2013;GASOLINA;39508;RPM EN ALTAS;2439;3719
LIVIANO;FURGONETA;;;2014;DIESEL;1301;ODOMETRO VEHICULO;155554;2728
LIVIANO;FURGONETA;;;2014;DIESEL;38501;OPACIDAD - VEHI. DIE;32;2189
LIVIANO;FURGONETA;;;2014;GASOLINA;1301;ODOMETRO VEHICULO;118820;1058
LIVIANO;FURGONETA;;;2014;GASOLINA;39001;HIDROCARBUROS NO COMBUSTIONADOS (HC) RAL;75;752
LIVIANO;FURGONETA;;;2014;GASOLINA;39003;O2 EN BAJAS;0;752
LIVIANO;FURGONETA;;;2014;GASOLINA;39005;MONOXIDO DE CARBONO (CO) RALENTI;0;752
LIVIANO;FURGONETA;;;2014;GASOLINA;39008;RPM EN RALENTI;811;752
LIVIANO;FURGONETA;;;2014;GASOLINA;39501;HIDROCARBUROS NO COMBUSTIONADOS (HC) 250;68;752
LIVIANO;FURGONETA;;;2014;GASOLINA;39503;O2 EN ALTAS RPM;0;752
LIVIANO;FURGONETA;;;2014;GASOLINA;39505;MONOXIDO DE CARBONO (CO) 2500 RPM;0;752
LIVIANO;FURGONETA;;;2014;GASOLINA;39508;RPM EN ALTAS;2431;744
LIVIANO;FURGONETA;;;2015;DIESEL;1301;ODOMETRO VEHICULO;140365;1539
LIVIANO;FURGONETA;;;2015;DIESEL;38501;OPACIDAD - VEHI. DIE;30;1263
LIVIANO;FURGONETA;;;2015;GASOLINA;1301;ODOMETRO VEHICULO;112116;2581
LIVIANO;FURGONETA;;;2015;GASOLINA;39001;HIDROCARBUROS NO COMBUSTIONADOS (HC) RAL;65;1988
LIVIANO;FURGONETA;;;2015;GASOLINA;39003;O2 EN BAJAS;0;1988
LIVIANO;FURGONETA;;;2015;GASOLINA;39005;MONOXIDO DE CARBONO (CO) RALENTI;0;1988
LIVIANO;FURGONETA;;;2015;GASOLINA;39008;RPM EN RALENTI;801;1988
LIVIANO;FURGONETA;;;2015;GASOLINA;39501;HIDROCARBUROS NO COMBUSTIONADOS (HC) 250;54;1990
LIVIANO;FURGONETA;;;2015;GASOLINA;39503;O2 EN ALTAS RPM;0;1990
LIVIANO;FURGONETA;;;2015;GASOLINA;39505;MONOXIDO DE CARBONO (CO) 2500 RPM;0;1990
LIVIANO;FURGONETA;;;2015;GASOLINA;39508;RPM EN ALTAS;2432;1952
LIVIANO;FURGONETA;;;2016;DIESEL;1301;ODOMETRO VEHICULO;111841;659
LIVIANO;FURGONETA;;;2016;DIESEL;38501;OPACIDAD - VEHI. DIE;30;477
LIVIANO;FURGONETA;;;2016;GASOLINA;1301;ODOMETRO VEHICULO;90535;894
LIVIANO;FURGONETA;;;2016;GASOLINA;39001;HIDROCARBUROS NO COMBUSTIONADOS (HC) RAL;53;693
LIVIANO;FURGONETA;;;2016;GASOLINA;39003;O2 EN BAJAS;0;693
LIVIANO;FURGONETA;;;2016;GASOLINA;39005;MONOXIDO DE CARBONO (CO) RALENTI;0;693
LIVIANO;FURGONETA;;;2016;GASOLINA;39008;RPM EN RALENTI;816;694
LIVIANO;FURGONETA;;;2016;GASOLINA;39501;HIDROCARBUROS NO COMBUSTIONADOS (HC) 250;48;693
LIVIANO;FURGONETA;;;2016;GASOLINA;39503;O2 EN ALTAS RPM;0;693
LIVIANO;FURGONETA;;;2016;GASOLINA;39505;MONOXIDO DE CARBONO (CO) 2500 RPM;0;693
LIVIANO;FURGONETA;;;2016;GASOLINA;39508;RPM EN ALTAS;2436;672
LIVIANO;FURGONETA;;;2017;DIESEL;1301;ODOMETRO VEHICULO;77778;289
LIVIANO;FURGONETA;;;2017;DIESEL;38501;OPACIDAD - VEHI. DIE;25;216
LIVIANO;FURGONETA;;;2017;GASOLINA;1301;ODOMETRO VEHICULO;88238;345
LIVIANO;FURGONETA;;;2017;GASOLINA;39001;HIDROCARBUROS NO COMBUSTIONADOS (HC) RAL;61;258
LIVIANO;FURGONETA;;;2017;GASOLINA;39003;O2 EN BAJAS;0;258
LIVIANO;FURGONETA;;;2017;GASOLINA;39005;MONOXIDO DE CARBONO (CO) RALENTI;0;258
LIVIANO;FURGONETA;;;2017;GASOLINA;39008;RPM EN RALENTI;817;258
LIVIANO;FURGONETA;;;2017;GASOLINA;39501;HIDROCARBUROS NO COMBUSTIONADOS (HC) 250;45;259
LIVIANO;FURGONETA;;;2017;GASOLINA;39503;O2 EN ALTAS RPM;0;259
LIVIANO;FURGONETA;;;2017;GASOLINA;39505;MONOXIDO DE CARBONO (CO) 2500 RPM;0;259
LIVIANO;FURGONETA;;;2017;GASOLINA;39508;RPM EN ALTAS;2429;248
LIVIANO;FURGONETA;;;2018;DIESEL;1301;ODOMETRO VEHICULO;74580;194
LIVIANO;FURGONETA;;;2018;DIESEL;38501;OPACIDAD - VEHI. DIE;25;161
LIVIANO;FURGONETA;;;2018;GASOLINA;1301;ODOMETRO VEHICULO;78849;614
LIVIANO;FURGONETA;;;2018;GASOLINA;38501;OPACIDAD - VEHI. DIE;7;1
LIVIANO;FURGONETA;;;2018;GASOLINA;39001;HIDROCARBUROS NO COMBUSTIONADOS (HC) RAL;47;478
LIVIANO;FURGONETA;;;2018;GASOLINA;39003;O2 EN BAJAS;0;478
LIVIANO;FURGONETA;;;2018;GASOLINA;39005;MONOXIDO DE CARBONO (CO) RALENTI;0;478
LIVIANO;FURGONETA;;;2018;GASOLINA;39008;RPM EN RALENTI;810;478
LIVIANO;FURGONETA;;;2018;GASOLINA;39501;HIDROCARBUROS NO COMBUSTIONADOS (HC) 250;45;478
LIVIANO;FURGONETA;;;2018;GASOLINA;39503;O2 EN ALTAS RPM;0;478
LIVIANO;FURGONETA;;;2018;GASOLINA;39505;MONOXIDO DE CARBONO (CO) 2500 RPM;0;478
LIVIANO;FURGONETA;;;2018;GASOLINA;39508;RPM EN ALTAS;2438;466
LIVIANO;FURGONETA;;;2019;DIESEL;1301;ODOMETRO VEHICULO;60218;374
LIVIANO;FURGONETA;;;2019;DIESEL;38501;OPACIDAD - VEHI. DIE;25;328
LIVIANO;FURGONETA;;;2019;GASOLINA;1301;ODOMETRO VEHICULO;62235;2071
LIVIANO;FURGONETA;;;2019;GASOLINA;39001;HIDROCARBUROS NO COMBUSTIONADOS (HC) RAL;42;1643
LIVIANO;FURGONETA;;;2019;GASOLINA;39003;O2 EN BAJAS;0;1643
LIVIANO;FURGONETA;;;2019;GASOLINA;39005;MONOXIDO DE CARBONO (CO) RALENTI;0;1643
LIVIANO;FURGONETA;;;2019;GASOLINA;39008;RPM EN RALENTI;808;1643
LIVIANO;FURGONETA;;;2019;GASOLINA;39501;HIDROCARBUROS NO COMBUSTIONADOS (HC) 250;32;1643
LIVIANO;FURGONETA;;;2019;GASOLINA;39503;O2 EN ALTAS RPM;0;1643
LIVIANO;FURGONETA;;;2019;GASOLINA;39505;MONOXIDO DE CARBONO (CO) 2500 RPM;0;1643
LIVIANO;FURGONETA;;;2019;GASOLINA;39508;RPM EN ALTAS;2442;1577
LIVIANO;FURGONETA;;;2020;DIESEL;1301;ODOMETRO VEHICULO;63995;173
LIVIANO;FURGONETA;;;2020;DIESEL;38501;OPACIDAD - VEHI. DIE;22;152
LIVIANO;FURGONETA;;;2020;GASOLINA;1301;ODOMETRO VEHICULO;52075;518
LIVIANO;FURGONETA;;;2020;GASOLINA;39001;HIDROCARBUROS NO COMBUSTIONADOS (HC) RAL;23;379
LIVIANO;FURGONETA;;;2020;GASOLINA;39003;O2 EN BAJAS;0;379
LIVIANO;FURGONETA;;;2020;GASOLINA;39005;MONOXIDO DE CARBONO (CO) RALENTI;0;379
LIVIANO;FURGONETA;;;2020;GASOLINA;39008;RPM EN RALENTI;835;379
LIVIANO;FURGONETA;;;2020;GASOLINA;39501;HIDROCARBUROS NO COMBUSTIONADOS (HC) 250;19;379
LIVIANO;FURGONETA;;;2020;GASOLINA;39503;O2 EN ALTAS RPM;0;379
LIVIANO;FURGONETA;;;2020;GASOLINA;39505;MONOXIDO DE CARBONO (CO) 2500 RPM;0;379
LIVIANO;FURGONETA;;;2020;GASOLINA;39508;RPM EN ALTAS;2446;369
LIVIANO;FURGONETA;;;2021;DIESEL;1301;ODOMETRO VEHICULO;65097;94
LIVIANO;FURGONETA;;;2021;DIESEL;38501;OPACIDAD - VEHI. DIE;19;82
LIVIANO;FURGONETA;;;2021;GASOLINA;1301;ODOMETRO VEHICULO;48992;158
LIVIANO;FURGONETA;;;2021;GASOLINA;39001;HIDROCARBUROS NO COMBUSTIONADOS (HC) RAL;21;120
LIVIANO;FURGONETA;;;2021;GASOLINA;39003;O2 EN BAJAS;0;120
LIVIANO;FURGONETA;;;2021;GASOLINA;39005;MONOXIDO DE CARBONO (CO) RALENTI;0;120
LIVIANO;FURGONETA;;;2021;GASOLINA;39008;RPM EN RALENTI;819;120
LIVIANO;FURGONETA;;;2021;GASOLINA;39501;HIDROCARBUROS NO COMBUSTIONADOS (HC) 250;19;120
LIVIANO;FURGONETA;;;2021;GASOLINA;39503;O2 EN ALTAS RPM;0;120
LIVIANO;FURGONETA;;;2021;GASOLINA;39505;MONOXIDO DE CARBONO (CO) 2500 RPM;0;120
LIVIANO;FURGONETA;;;2021;GASOLINA;39508;RPM EN ALTAS;2445;120
LIVIANO;FURGONETA;;;2022;DIESEL;1301;ODOMETRO VEHICULO;34350;53
LIVIANO;FURGONETA;;;2022;DIESEL;38501;OPACIDAD - VEHI. DIE;12;51
LIVIANO;FURGONETA;;;2022;GASOLINA;1301;ODOMETRO VEHICULO;31409;292
LIVIANO;FURGONETA;;;2022;GASOLINA;39001;HIDROCARBUROS NO COMBUSTIONADOS (HC) RAL;14;247
LIVIANO;FURGONETA;;;2022;GASOLINA;39003;O2 EN BAJAS;0;247
LIVIANO;FURGONETA;;;2022;GASOLINA;39005;MONOXIDO DE CARBONO (CO) RALENTI;0;247
LIVIANO;FURGONETA;;;2022;GASOLINA;39008;RPM EN RALENTI;812;247
LIVIANO;FURGONETA;;;2022;GASOLINA;39501;HIDROCARBUROS NO COMBUSTIONADOS (HC) 250;14;246
LIVIANO;FURGONETA;;;2022;GASOLINA;39503;O2 EN ALTAS RPM;0;246
LIVIANO;FURGONETA;;;2022;GASOLINA;39505;MONOXIDO DE CARBONO (CO) 2500 RPM;0;246
LIVIANO;FURGONETA;;;2022;GASOLINA;39508;RPM EN ALTAS;2437;246
LIVIANO;FURGONETA;;;2023;DIESEL;1301;ODOMETRO VEHICULO;3717;4
LIVIANO;FURGONETA;;;2023;DIESEL;38501;OPACIDAD - VEHI. DIE;28;3
LIVIANO;FURGONETA;;;2024;DIESEL;1301;ODOMETRO VEHICULO;4664;8
LIVIANO;FURGONETA;;;2024;DIESEL;38501;OPACIDAD - VEHI. DIE;21;6
LIVIANO;FURGONETA;ESCOLAR;;1999;GASOLINA;1301;ODOMETRO VEHICULO;572374;1
LIVIANO;FURGONETA;ESCOLAR;;1999;GASOLINA;39001;HIDROCARBUROS NO COMBUSTIONADOS (HC) RAL;79;1
LIVIANO;FURGONETA;ESCOLAR;;1999;GASOLINA;39003;O2 EN BAJAS;2;1
LIVIANO;FURGONETA;ESCOLAR;;1999;GASOLINA;39005;MONOXIDO DE CARBONO (CO) RALENTI;0;1
LIVIANO;FURGONETA;ESCOLAR;;1999;GASOLINA;39008;RPM EN RALENTI;720;1
LIVIANO;FURGONETA;ESCOLAR;;1999;GASOLINA;39501;HIDROCARBUROS NO COMBUSTIONADOS (HC) 250;79;1
LIVIANO;FURGONETA;ESCOLAR;;1999;GASOLINA;39503;O2 EN ALTAS RPM;2;1
LIVIANO;FURGONETA;ESCOLAR;;1999;GASOLINA;39505;MONOXIDO DE CARBONO (CO) 2500 RPM;1;1
LIVIANO;FURGONETA;ESCOLAR;;1999;GASOLINA;39508;RPM EN ALTAS;2400;1
LIVIANO;FURGONETA;ESCOLAR;;2001;GASOLINA;1301;ODOMETRO VEHICULO;313296;6
LIVIANO;FURGONETA;ESCOLAR;;2001;GASOLINA;39001;HIDROCARBUROS NO COMBUSTIONADOS (HC) RAL;95;5
LIVIANO;FURGONETA;ESCOLAR;;2001;GASOLINA;39003;O2 EN BAJAS;2;5
LIVIANO;FURGONETA;ESCOLAR;;2001;GASOLINA;39005;MONOXIDO DE CARBONO (CO) RALENTI;0;5
LIVIANO;FURGONETA;ESCOLAR;;2001;GASOLINA;39008;RPM EN RALENTI;838;5
LIVIANO;FURGONETA;ESCOLAR;;2001;GASOLINA;39501;HIDROCARBUROS NO COMBUSTIONADOS (HC) 250;89;5
LIVIANO;FURGONETA;ESCOLAR;;2001;GASOLINA;39503;O2 EN ALTAS RPM;2;5
LIVIANO;FURGONETA;ESCOLAR;;2001;GASOLINA;39505;MONOXIDO DE CARBONO (CO) 2500 RPM;0;5
LIVIANO;FURGONETA;ESCOLAR;;2001;GASOLINA;39508;RPM EN ALTAS;2418;5
LIVIANO;FURGONETA;ESCOLAR;;2002;DIESEL;1301;ODOMETRO VEHICULO;310860;21
LIVIANO;FURGONETA;ESCOLAR;;2002;DIESEL;38501;OPACIDAD - VEHI. DIE;18;10
LIVIANO;FURGONETA;ESCOLAR;;2003;DIESEL;1301;ODOMETRO VEHICULO;426734;172
LIVIANO;FURGONETA;ESCOLAR;;2003;DIESEL;38501;OPACIDAD - VEHI. DIE;27;90
LIVIANO;FURGONETA;ESCOLAR;;2003;DIESEL;39001;HIDROCARBUROS NO COMBUSTIONADOS (HC) RAL;127;13
LIVIANO;FURGONETA;ESCOLAR;;2003;DIESEL;39003;O2 EN BAJAS;1;13
LIVIANO;FURGONETA;ESCOLAR;;2003;DIESEL;39005;MONOXIDO DE CARBONO (CO) RALENTI;0;13
LIVIANO;FURGONETA;ESCOLAR;;2003;DIESEL;39008;RPM EN RALENTI;818;13
LIVIANO;FURGONETA;ESCOLAR;;2003;DIESEL;39501;HIDROCARBUROS NO COMBUSTIONADOS (HC) 250;107;13
LIVIANO;FURGONETA;ESCOLAR;;2003;DIESEL;39503;O2 EN ALTAS RPM;0;13
LIVIANO;FURGONETA;ESCOLAR;;2003;DIESEL;39505;MONOXIDO DE CARBONO (CO) 2500 RPM;0;13
LIVIANO;FURGONETA;ESCOLAR;;2003;DIESEL;39508;RPM EN ALTAS;2444;13
LIVIANO;FURGONETA;ESCOLAR;;2003;GASOLINA;1301;ODOMETRO VEHICULO;161879;9
LIVIANO;FURGONETA;ESCOLAR;;2003;GASOLINA;39001;HIDROCARBUROS NO COMBUSTIONADOS (HC) RAL;43;5
LIVIANO;FURGONETA;ESCOLAR;;2003;GASOLINA;39003;O2 EN BAJAS;1;5
LIVIANO;FURGONETA;ESCOLAR;;2003;GASOLINA;39005;MONOXIDO DE CARBONO (CO) RALENTI;0;5
LIVIANO;FURGONETA;ESCOLAR;;2003;GASOLINA;39008;RPM EN RALENTI;802;5
LIVIANO;FURGONETA;ESCOLAR;;2003;GASOLINA;39501;HIDROCARBUROS NO COMBUSTIONADOS (HC) 250;31;5
LIVIANO;FURGONETA;ESCOLAR;;2003;GASOLINA;39503;O2 EN ALTAS RPM;1;5
LIVIANO;FURGONETA;ESCOLAR;;2003;GASOLINA;39505;MONOXIDO DE CARBONO (CO) 2500 RPM;0;5
LIVIANO;FURGONETA;ESCOLAR;;2003;GASOLINA;39508;RPM EN ALTAS;2452;5
LIVIANO;FURGONETA;ESCOLAR;;2004;DIESEL;1301;ODOMETRO VEHICULO;347381;175
LIVIANO;FURGONETA;ESCOLAR;;2004;DIESEL;38501;OPACIDAD - VEHI. DIE;26;100
LIVIANO;FURGONETA;ESCOLAR;;2004;DIESEL;39001;HIDROCARBUROS NO COMBUSTIONADOS (HC) RAL;77;3
LIVIANO;FURGONETA;ESCOLAR;;2004;DIESEL;39003;O2 EN BAJAS;1;3
LIVIANO;FURGONETA;ESCOLAR;;2004;DIESEL;39005;MONOXIDO DE CARBONO (CO) RALENTI;0;3
LIVIANO;FURGONETA;ESCOLAR;;2004;DIESEL;39008;RPM EN RALENTI;906;3
LIVIANO;FURGONETA;ESCOLAR;;2004;DIESEL;39501;HIDROCARBUROS NO COMBUSTIONADOS (HC) 250;65;3
LIVIANO;FURGONETA;ESCOLAR;;2004;DIESEL;39503;O2 EN ALTAS RPM;1;3
LIVIANO;FURGONETA;ESCOLAR;;2004;DIESEL;39505;MONOXIDO DE CARBONO (CO) 2500 RPM;0;3
LIVIANO;FURGONETA;ESCOLAR;;2004;DIESEL;39508;RPM EN ALTAS;2390;3
LIVIANO;FURGONETA;ESCOLAR;;2005;DIESEL;1301;ODOMETRO VEHICULO;432517;1697
LIVIANO;FURGONETA;ESCOLAR;;2005;DIESEL;38501;OPACIDAD - VEHI. DIE;28;1100
LIVIANO;FURGONETA;ESCOLAR;;2006;DIESEL;1301;ODOMETRO VEHICULO;321778;216
LIVIANO;FURGONETA;ESCOLAR;;2006;DIESEL;38501;OPACIDAD - VEHI. DIE;24;137
LIVIANO;FURGONETA;ESCOLAR;;2007;DIESEL;1301;ODOMETRO VEHICULO;243889;1139
LIVIANO;FURGONETA;ESCOLAR;;2007;DIESEL;38501;OPACIDAD - VEHI. DIE;35;697
LIVIANO;FURGONETA;ESCOLAR;;2007;DIESEL;39001;HIDROCARBUROS NO COMBUSTIONADOS (HC) RAL;74;6
LIVIANO;FURGONETA;ESCOLAR;;2007;DIESEL;39003;O2 EN BAJAS;1;6
LIVIANO;FURGONETA;ESCOLAR;;2007;DIESEL;39005;MONOXIDO DE CARBONO (CO) RALENTI;0;6
LIVIANO;FURGONETA;ESCOLAR;;2007;DIESEL;39008;RPM EN RALENTI;813;6
LIVIANO;FURGONETA;ESCOLAR;;2007;DIESEL;39501;HIDROCARBUROS NO COMBUSTIONADOS (HC) 250;64;6
LIVIANO;FURGONETA;ESCOLAR;;2007;DIESEL;39503;O2 EN ALTAS RPM;0;6
LIVIANO;FURGONETA;ESCOLAR;;2007;DIESEL;39505;MONOXIDO DE CARBONO (CO) 2500 RPM;0;6
LIVIANO;FURGONETA;ESCOLAR;;2007;DIESEL;39508;RPM EN ALTAS;2425;6
LIVIANO;FURGONETA;ESCOLAR;;2008;DIESEL;1301;ODOMETRO VEHICULO;383430;1930
LIVIANO;FURGONETA;ESCOLAR;;2008;DIESEL;38501;OPACIDAD - VEHI. DIE;32;1243
LIVIANO;FURGONETA;ESCOLAR;;2009;DIESEL;1301;ODOMETRO VEHICULO;348095;5411
LIVIANO;FURGONETA;ESCOLAR;;2009;DIESEL;38501;OPACIDAD - VEHI. DIE;30;3685
LIVIANO;FURGONETA;ESCOLAR;;2009;GASOLINA;1301;ODOMETRO VEHICULO;184549;15
LIVIANO;FURGONETA;ESCOLAR;;2009;GASOLINA;39001;HIDROCARBUROS NO COMBUSTIONADOS (HC) RAL;8;11
LIVIANO;FURGONETA;ESCOLAR;;2009;GASOLINA;39003;O2 EN BAJAS;0;11
LIVIANO;FURGONETA;ESCOLAR;;2009;GASOLINA;39005;MONOXIDO DE CARBONO (CO) RALENTI;0;11
LIVIANO;FURGONETA;ESCOLAR;;2009;GASOLINA;39008;RPM EN RALENTI;757;11
LIVIANO;FURGONETA;ESCOLAR;;2009;GASOLINA;39501;HIDROCARBUROS NO COMBUSTIONADOS (HC) 250;7;11
LIVIANO;FURGONETA;ESCOLAR;;2009;GASOLINA;39503;O2 EN ALTAS RPM;0;11
LIVIANO;FURGONETA;ESCOLAR;;2009;GASOLINA;39505;MONOXIDO DE CARBONO (CO) 2500 RPM;0;11
LIVIANO;FURGONETA;ESCOLAR;;2009;GASOLINA;39508;RPM EN ALTAS;2405;11
LIVIANO;FURGONETA;ESCOLAR;;2010;DIESEL;1301;ODOMETRO VEHICULO;324487;2878
LIVIANO;FURGONETA;ESCOLAR;;2010;DIESEL;38501;OPACIDAD - VEHI. DIE;30;2100
LIVIANO;FURGONETA;ESCOLAR;;2010;GASOLINA;1301;ODOMETRO VEHICULO;207777;17
LIVIANO;FURGONETA;ESCOLAR;;2010;GASOLINA;38501;OPACIDAD - VEHI. DIE;1;2
LIVIANO;FURGONETA;ESCOLAR;;2010;GASOLINA;39001;HIDROCARBUROS NO COMBUSTIONADOS (HC) RAL;7;11
LIVIANO;FURGONETA;ESCOLAR;;2010;GASOLINA;39003;O2 EN BAJAS;0;11
LIVIANO;FURGONETA;ESCOLAR;;2010;GASOLINA;39005;MONOXIDO DE CARBONO (CO) RALENTI;0;11
LIVIANO;FURGONETA;ESCOLAR;;2010;GASOLINA;39008;RPM EN RALENTI;774;11
LIVIANO;FURGONETA;ESCOLAR;;2010;GASOLINA;39501;HIDROCARBUROS NO COMBUSTIONADOS (HC) 250;11;11
LIVIANO;FURGONETA;ESCOLAR;;2010;GASOLINA;39503;O2 EN ALTAS RPM;0;11
LIVIANO;FURGONETA;ESCOLAR;;2010;GASOLINA;39505;MONOXIDO DE CARBONO (CO) 2500 RPM;0;11
LIVIANO;FURGONETA;ESCOLAR;;2010;GASOLINA;39508;RPM EN ALTAS;2433;11
LIVIANO;FURGONETA;ESCOLAR;;2011;DIESEL;1301;ODOMETRO VEHICULO;313043;918
LIVIANO;FURGONETA;ESCOLAR;;2011;DIESEL;38501;OPACIDAD - VEHI. DIE;26;649
LIVIANO;FURGONETA;ESCOLAR;;2020;DIESEL;1301;ODOMETRO VEHICULO;6369;2
LIVIANO;FURGONETA;ESCOLAR;;2020;DIESEL;38501;OPACIDAD - VEHI. DIE;19;2
LIVIANO;FURGONETA;ESCOLAR;;2002;DIESEL;1301;ODOMETRO VEHICULO;500684;42
LIVIANO;FURGONETA;ESCOLAR;;2002;DIESEL;38501;OPACIDAD - VEHI. DIE;40;28
LIVIANO;FURGONETA;ESCOLAR;;2002;GASOLINA;1301;ODOMETRO VEHICULO;286026;14
LIVIANO;FURGONETA;ESCOLAR;;2002;GASOLINA;39001;HIDROCARBUROS NO COMBUSTIONADOS (HC) RAL;144;9
LIVIANO;FURGONETA;ESCOLAR;;2002;GASOLINA;39003;O2 EN BAJAS;0;9
LIVIANO;FURGONETA;ESCOLAR;;2002;GASOLINA;39005;MONOXIDO DE CARBONO (CO) RALENTI;2;9
LIVIANO;FURGONETA;ESCOLAR;;2002;GASOLINA;39008;RPM EN RALENTI;823;9
LIVIANO;FURGONETA;ESCOLAR;;2002;GASOLINA;39501;HIDROCARBUROS NO COMBUSTIONADOS (HC) 250;111;9
LIVIANO;FURGONETA;ESCOLAR;;2002;GASOLINA;39503;O2 EN ALTAS RPM;1;9
LIVIANO;FURGONETA;ESCOLAR;;2002;GASOLINA;39505;MONOXIDO DE CARBONO (CO) 2500 RPM;1;9
LIVIANO;FURGONETA;ESCOLAR;;2002;GASOLINA;39508;RPM EN ALTAS;2443;9
LIVIANO;FURGONETA;ESCOLAR;;2003;DIESEL;1301;ODOMETRO VEHICULO;416018;212
LIVIANO;FURGONETA;ESCOLAR;;2003;DIESEL;38501;OPACIDAD - VEHI. DIE;31;128
LIVIANO;FURGONETA;ESCOLAR;;2003;GASOLINA;1301;ODOMETRO VEHICULO;300329;39
LIVIANO;FURGONETA;ESCOLAR;;2003;GASOLINA;39001;HIDROCARBUROS NO COMBUSTIONADOS (HC) RAL;369;21
LIVIANO;FURGONETA;ESCOLAR;;2003;GASOLINA;39003;O2 EN BAJAS;1;21
LIVIANO;FURGONETA;ESCOLAR;;2003;GASOLINA;39005;MONOXIDO DE CARBONO (CO) RALENTI;0;21
LIVIANO;FURGONETA;ESCOLAR;;2003;GASOLINA;39008;RPM EN RALENTI;794;21
LIVIANO;FURGONETA;ESCOLAR;;2003;GASOLINA;39501;HIDROCARBUROS NO COMBUSTIONADOS (HC) 250;200;21
LIVIANO;FURGONETA;ESCOLAR;;2003;GASOLINA;39503;O2 EN ALTAS RPM;1;21
LIVIANO;FURGONETA;ESCOLAR;;2003;GASOLINA;39505;MONOXIDO DE CARBONO (CO) 2500 RPM;0;21
LIVIANO;FURGONETA;ESCOLAR;;2003;GASOLINA;39508;RPM EN ALTAS;2440;19
LIVIANO;FURGONETA;ESCOLAR;;2004;DIESEL;1301;ODOMETRO VEHICULO;383059;342
LIVIANO;FURGONETA;ESCOLAR;;2004;DIESEL;38501;OPACIDAD - VEHI. DIE;30;180
LIVIANO;FURGONETA;ESCOLAR;;2004;DIESEL;39001;HIDROCARBUROS NO COMBUSTIONADOS (HC) RAL;136;13
LIVIANO;FURGONETA;ESCOLAR;;2004;DIESEL;39003;O2 EN BAJAS;1;13
LIVIANO;FURGONETA;ESCOLAR;;2004;DIESEL;39005;MONOXIDO DE CARBONO (CO) RALENTI;0;13
LIVIANO;FURGONETA;ESCOLAR;;2004;DIESEL;39008;RPM EN RALENTI;821;13
LIVIANO;FURGONETA;ESCOLAR;;2004;DIESEL;39501;HIDROCARBUROS NO COMBUSTIONADOS (HC) 250;85;13
LIVIANO;FURGONETA;ESCOLAR;;2004;DIESEL;39503;O2 EN ALTAS RPM;1;13
LIVIANO;FURGONETA;ESCOLAR;;2004;DIESEL;39505;MONOXIDO DE CARBONO (CO) 2500 RPM;0;13
LIVIANO;FURGONETA;ESCOLAR;;2004;DIESEL;39508;RPM EN ALTAS;2440;13
LIVIANO;FURGONETA;ESCOLAR;;2004;GASOLINA;1301;ODOMETRO VEHICULO;258950;37
LIVIANO;FURGONETA;ESCOLAR;;2004;GASOLINA;39001;HIDROCARBUROS NO COMBUSTIONADOS (HC) RAL;112;25
LIVIANO;FURGONETA;ESCOLAR;;2004;GASOLINA;39003;O2 EN BAJAS;1;25
LIVIANO;FURGONETA;ESCOLAR;;2004;GASOLINA;39005;MONOXIDO DE CARBONO (CO) RALENTI;0;25
LIVIANO;FURGONETA;ESCOLAR;;2004;GASOLINA;39008;RPM EN RALENTI;796;25
LIVIANO;FURGONETA;ESCOLAR;;2004;GASOLINA;39501;HIDROCARBUROS NO COMBUSTIONADOS (HC) 250;90;25
LIVIANO;FURGONETA;ESCOLAR;;2004;GASOLINA;39503;O2 EN ALTAS RPM;1;25
LIVIANO;FURGONETA;ESCOLAR;;2004;GASOLINA;39505;MONOXIDO DE CARBONO (CO) 2500 RPM;1;25
LIVIANO;FURGONETA;ESCOLAR;;2004;GASOLINA;39508;RPM EN ALTAS;2433;25
LIVIANO;FURGONETA;ESCOLAR;;2005;DIESEL;1301;ODOMETRO VEHICULO;468298;1255
LIVIANO;FURGONETA;ESCOLAR;;2005;DIESEL;38501;OPACIDAD - VEHI. DIE;31;782
LIVIANO;FURGONETA;ESCOLAR;;2006;DIESEL;1301;ODOMETRO VEHICULO;333973;209
LIVIANO;FURGONETA;ESCOLAR;;2006;DIESEL;38501;OPACIDAD - VEHI. DIE;31;129
LIVIANO;FURGONETA;ESCOLAR;;2006;GASOLINA;1301;ODOMETRO VEHICULO;401713;24
LIVIANO;FURGONETA;ESCOLAR;;2006;GASOLINA;38501;OPACIDAD - VEHI. DIE;2;5
LIVIANO;FURGONETA;ESCOLAR;;2006;GASOLINA;39001;HIDROCARBUROS NO COMBUSTIONADOS (HC) RAL;187;10
LIVIANO;FURGONETA;ESCOLAR;;2006;GASOLINA;39003;O2 EN BAJAS;0;10
LIVIANO;FURGONETA;ESCOLAR;;2006;GASOLINA;39005;MONOXIDO DE CARBONO (CO) RALENTI;0;10
LIVIANO;FURGONETA;ESCOLAR;;2006;GASOLINA;39008;RPM EN RALENTI;772;10
LIVIANO;FURGONETA;ESCOLAR;;2006;GASOLINA;39501;HIDROCARBUROS NO COMBUSTIONADOS (HC) 250;153;10
LIVIANO;FURGONETA;ESCOLAR;;2006;GASOLINA;39503;O2 EN ALTAS RPM;0;10
LIVIANO;FURGONETA;ESCOLAR;;2006;GASOLINA;39505;MONOXIDO DE CARBONO (CO) 2500 RPM;1;10
LIVIANO;FURGONETA;ESCOLAR;;2006;GASOLINA;39508;RPM EN ALTAS;2407;10
LIVIANO;FURGONETA;ESCOLAR;;2007;DIESEL;1301;ODOMETRO VEHICULO;246535;766
LIVIANO;FURGONETA;ESCOLAR;;2007;DIESEL;38501;OPACIDAD - VEHI. DIE;33;447
LIVIANO;FURGONETA;ESCOLAR;;2007;DIESEL;39001;HIDROCARBUROS NO COMBUSTIONADOS (HC) RAL;277;8
LIVIANO;FURGONETA;ESCOLAR;;2007;DIESEL;39003;O2 EN BAJAS;1;8
LIVIANO;FURGONETA;ESCOLAR;;2007;DIESEL;39005;MONOXIDO DE CARBONO (CO) RALENTI;0;8
LIVIANO;FURGONETA;ESCOLAR;;2007;DIESEL;39008;RPM EN RALENTI;871;8
LIVIANO;FURGONETA;ESCOLAR;;2007;DIESEL;39501;HIDROCARBUROS NO COMBUSTIONADOS (HC) 250;189;8
LIVIANO;FURGONETA;ESCOLAR;;2007;DIESEL;39503;O2 EN ALTAS RPM;1;8
LIVIANO;FURGONETA;ESCOLAR;;2007;DIESEL;39505;MONOXIDO DE CARBONO (CO) 2500 RPM;0;9
LIVIANO;FURGONETA;ESCOLAR;;2007;DIESEL;39508;RPM EN ALTAS;2437;8
LIVIANO;FURGONETA;ESCOLAR;;2007;GASOLINA;1301;ODOMETRO VEHICULO;271911;75
LIVIANO;FURGONETA;ESCOLAR;;2007;GASOLINA;38501;OPACIDAD - VEHI. DIE;3;8
LIVIANO;FURGONETA;ESCOLAR;;2007;GASOLINA;39001;HIDROCARBUROS NO COMBUSTIONADOS (HC) RAL;171;37
LIVIANO;FURGONETA;ESCOLAR;;2007;GASOLINA;39003;O2 EN BAJAS;0;37
LIVIANO;FURGONETA;ESCOLAR;;2007;GASOLINA;39005;MONOXIDO DE CARBONO (CO) RALENTI;0;37
LIVIANO;FURGONETA;ESCOLAR;;2007;GASOLINA;39008;RPM EN RALENTI;818;37
LIVIANO;FURGONETA;ESCOLAR;;2007;GASOLINA;39501;HIDROCARBUROS NO COMBUSTIONADOS (HC) 250;218;37
LIVIANO;FURGONETA;ESCOLAR;;2007;GASOLINA;39503;O2 EN ALTAS RPM;0;37
LIVIANO;FURGONETA;ESCOLAR;;2007;GASOLINA;39505;MONOXIDO DE CARBONO (CO) 2500 RPM;0;37
LIVIANO;FURGONETA;ESCOLAR;;2007;GASOLINA;39508;RPM EN ALTAS;2450;37
LIVIANO;FURGONETA;ESCOLAR;;2008;DIESEL;1301;ODOMETRO VEHICULO;339528;1599
LIVIANO;FURGONETA;ESCOLAR;;2008;DIESEL;38501;OPACIDAD - VEHI. DIE;36;994
LIVIANO;FURGONETA;ESCOLAR;;2009;DIESEL;1301;ODOMETRO VEHICULO;330907;2663
LIVIANO;FURGONETA;ESCOLAR;;2009;DIESEL;38501;OPACIDAD - VEHI. DIE;34;1695
LIVIANO;FURGONETA;ESCOLAR;;2010;DIESEL;1301;ODOMETRO VEHICULO;324103;842
LIVIANO;FURGONETA;ESCOLAR;;2010;DIESEL;38501;OPACIDAD - VEHI. DIE;30;557
LIVIANO;FURGONETA;ESCOLAR;;2011;DIESEL;1301;ODOMETRO VEHICULO;301846;6055
LIVIANO;FURGONETA;ESCOLAR;;2011;DIESEL;38501;OPACIDAD - VEHI. DIE;28;3983
LIVIANO;FURGONETA;ESCOLAR;;2012;DIESEL;1301;ODOMETRO VEHICULO;247194;6614
LIVIANO;FURGONETA;ESCOLAR;;2012;DIESEL;38501;OPACIDAD - VEHI. DIE;30;4561
LIVIANO;FURGONETA;ESCOLAR;;2013;DIESEL;1301;ODOMETRO VEHICULO;218531;10442
LIVIANO;FURGONETA;ESCOLAR;;2013;DIESEL;38501;OPACIDAD - VEHI. DIE;30;7397
LIVIANO;FURGONETA;ESCOLAR;;2014;DIESEL;1301;ODOMETRO VEHICULO;192953;5751
LIVIANO;FURGONETA;ESCOLAR;;2014;DIESEL;38501;OPACIDAD - VEHI. DIE;29;4066
LIVIANO;FURGONETA;ESCOLAR;;2014;DIESEL;39001;HIDROCARBUROS NO COMBUSTIONADOS (HC) RAL;68;1
LIVIANO;FURGONETA;ESCOLAR;;2014;DIESEL;39003;O2 EN BAJAS;0;1
LIVIANO;FURGONETA;ESCOLAR;;2014;DIESEL;39005;MONOXIDO DE CARBONO (CO) RALENTI;0;1
LIVIANO;FURGONETA;ESCOLAR;;2014;DIESEL;39008;RPM EN RALENTI;720;1
LIVIANO;FURGONETA;ESCOLAR;;2014;DIESEL;39501;HIDROCARBUROS NO COMBUSTIONADOS (HC) 250;66;1
LIVIANO;FURGONETA;ESCOLAR;;2014;DIESEL;39503;O2 EN ALTAS RPM;0;1
LIVIANO;FURGONETA;ESCOLAR;;2014;DIESEL;39505;MONOXIDO DE CARBONO (CO) 2500 RPM;0;1
LIVIANO;FURGONETA;ESCOLAR;;2014;DIESEL;39508;RPM EN ALTAS;2400;1
LIVIANO;FURGONETA;ESCOLAR;;2015;DIESEL;1301;ODOMETRO VEHICULO;154510;1852
LIVIANO;FURGONETA;ESCOLAR;;2015;DIESEL;38501;OPACIDAD - VEHI. DIE;25;1193
LIVIANO;FURGONETA;ESCOLAR;;2016;DIESEL;1301;ODOMETRO VEHICULO;108777;4259
LIVIANO;FURGONETA;ESCOLAR;;2016;DIESEL;38501;OPACIDAD - VEHI. DIE;25;2869
LIVIANO;FURGONETA;ESCOLAR;;2017;DIESEL;1301;ODOMETRO VEHICULO;126970;1738
LIVIANO;FURGONETA;ESCOLAR;;2017;DIESEL;38501;OPACIDAD - VEHI. DIE;25;1163
LIVIANO;FURGONETA;ESCOLAR;;2018;DIESEL;1301;ODOMETRO VEHICULO;111986;814
LIVIANO;FURGONETA;ESCOLAR;;2018;DIESEL;38501;OPACIDAD - VEHI. DIE;25;588
LIVIANO;FURGONETA;ESCOLAR;;2019;DIESEL;1301;ODOMETRO VEHICULO;98279;2602
LIVIANO;FURGONETA;ESCOLAR;;2019;DIESEL;38501;OPACIDAD - VEHI. DIE;20;2120
LIVIANO;FURGONETA;ESCOLAR;;2020;DIESEL;1301;ODOMETRO VEHICULO;76141;1612
LIVIANO;FURGONETA;ESCOLAR;;2020;DIESEL;38501;OPACIDAD - VEHI. DIE;23;1357
LIVIANO;FURGONETA;ESCOLAR;;2021;DIESEL;1301;ODOMETRO VEHICULO;56098;305
LIVIANO;FURGONETA;ESCOLAR;;2021;DIESEL;38501;OPACIDAD - VEHI. DIE;28;271
LIVIANO;FURGONETA;ESCOLAR;;2022;DIESEL;1301;ODOMETRO VEHICULO;44632;31
LIVIANO;FURGONETA;ESCOLAR;;2022;DIESEL;38501;OPACIDAD - VEHI. DIE;19;25
LIVIANO;FURGONETA;ESCOLAR;;2023;DIESEL;1301;ODOMETRO VEHICULO;30647;262
LIVIANO;FURGONETA;ESCOLAR;;2023;DIESEL;38501;OPACIDAD - VEHI. DIE;24;215
LIVIANO;FURGONETA;ESCOLAR;;2024;DIESEL;1301;ODOMETRO VEHICULO;11785;609
LIVIANO;FURGONETA;ESCOLAR;;2024;DIESEL;38501;OPACIDAD - VEHI. DIE;20;498
LIVIANO;FURGONETA;ESCOLAR;;2025;DIESEL;1301;ODOMETRO VEHICULO;1040;194
LIVIANO;FURGONETA;ESCOLAR;;2025;DIESEL;38501;OPACIDAD - VEHI. DIE;17;155
LIVIANO;FURGONETA;TURISMO;;2007;DIESEL;1301;ODOMETRO VEHICULO;378529;13
LIVIANO;FURGONETA;TURISMO;;2007;DIESEL;38501;OPACIDAD - VEHI. DIE;35;9
LIVIANO;FURGONETA;TURISMO;;2008;DIESEL;1301;ODOMETRO VEHICULO;530071;12
LIVIANO;FURGONETA;TURISMO;;2008;DIESEL;38501;OPACIDAD - VEHI. DIE;33;7
LIVIANO;FURGONETA;TURISMO;;2009;DIESEL;1301;ODOMETRO VEHICULO;390828;6
LIVIANO;FURGONETA;TURISMO;;2009;DIESEL;38501;OPACIDAD - VEHI. DIE;29;3
LIVIANO;FURGONETA;TURISMO;;2010;DIESEL;1301;ODOMETRO VEHICULO;398525;74
LIVIANO;FURGONETA;TURISMO;;2010;DIESEL;38501;OPACIDAD - VEHI. DIE;36;60
LIVIANO;FURGONETA;TURISMO;;2011;DIESEL;1301;ODOMETRO VEHICULO;288417;135
LIVIANO;FURGONETA;TURISMO;;2011;DIESEL;38501;OPACIDAD - VEHI. DIE;27;103
LIVIANO;FURGONETA;TURISMO;;2012;DIESEL;1301;ODOMETRO VEHICULO;253070;101
LIVIANO;FURGONETA;TURISMO;;2012;DIESEL;38501;OPACIDAD - VEHI. DIE;29;84
LIVIANO;FURGONETA;TURISMO;;2013;DIESEL;1301;ODOMETRO VEHICULO;251846;105
LIVIANO;FURGONETA;TURISMO;;2013;DIESEL;38501;OPACIDAD - VEHI. DIE;30;83
LIVIANO;FURGONETA;TURISMO;;2014;DIESEL;1301;ODOMETRO VEHICULO;240312;40
LIVIANO;FURGONETA;TURISMO;;2014;DIESEL;38501;OPACIDAD - VEHI. DIE;30;32
LIVIANO;FURGONETA;TURISMO;;2015;DIESEL;1301;ODOMETRO VEHICULO;181154;97
LIVIANO;FURGONETA;TURISMO;;2015;DIESEL;38501;OPACIDAD - VEHI. DIE;32;76
LIVIANO;FURGONETA;TURISMO;;2016;DIESEL;1301;ODOMETRO VEHICULO;191702;27
LIVIANO;FURGONETA;TURISMO;;2016;DIESEL;38501;OPACIDAD - VEHI. DIE;29;20
LIVIANO;FURGONETA;TURISMO;;2017;DIESEL;1301;ODOMETRO VEHICULO;65414;10
LIVIANO;FURGONETA;TURISMO;;2017;DIESEL;38501;OPACIDAD - VEHI. DIE;44;9
LIVIANO;FURGONETA;TURISMO;;2017;GASOLINA;1301;ODOMETRO VEHICULO;109839;10
LIVIANO;FURGONETA;TURISMO;;2017;GASOLINA;39001;HIDROCARBUROS NO COMBUSTIONADOS (HC) RAL;55;9
LIVIANO;FURGONETA;TURISMO;;2017;GASOLINA;39003;O2 EN BAJAS;0;9
LIVIANO;FURGONETA;TURISMO;;2017;GASOLINA;39005;MONOXIDO DE CARBONO (CO) RALENTI;0;9
LIVIANO;FURGONETA;TURISMO;;2017;GASOLINA;39008;RPM EN RALENTI;796;9
LIVIANO;FURGONETA;TURISMO;;2017;GASOLINA;39501;HIDROCARBUROS NO COMBUSTIONADOS (HC) 250;38;9
LIVIANO;FURGONETA;TURISMO;;2017;GASOLINA;39503;O2 EN ALTAS RPM;0;9
LIVIANO;FURGONETA;TURISMO;;2017;GASOLINA;39505;MONOXIDO DE CARBONO (CO) 2500 RPM;0;9
LIVIANO;FURGONETA;TURISMO;;2017;GASOLINA;39508;RPM EN ALTAS;2420;9
LIVIANO;FURGONETA;TURISMO;;2018;DIESEL;1301;ODOMETRO VEHICULO;85669;44
LIVIANO;FURGONETA;TURISMO;;2018;DIESEL;38501;OPACIDAD - VEHI. DIE;31;43
LIVIANO;FURGONETA;TURISMO;;2019;DIESEL;1301;ODOMETRO VEHICULO;92866;13
LIVIANO;FURGONETA;TURISMO;;2019;DIESEL;38501;OPACIDAD - VEHI. DIE;30;13
LIVIANO;FURGONETA;TURISMO;;2019;GASOLINA;1301;ODOMETRO VEHICULO;31037;3
LIVIANO;FURGONETA;TURISMO;;2019;GASOLINA;39001;HIDROCARBUROS NO COMBUSTIONADOS (HC) RAL;10;2
LIVIANO;FURGONETA;TURISMO;;2019;GASOLINA;39003;O2 EN BAJAS;0;2
LIVIANO;FURGONETA;TURISMO;;2019;GASOLINA;39005;MONOXIDO DE CARBONO (CO) RALENTI;0;2
LIVIANO;FURGONETA;TURISMO;;2019;GASOLINA;39008;RPM EN RALENTI;780;2
LIVIANO;FURGONETA;TURISMO;;2019;GASOLINA;39501;HIDROCARBUROS NO COMBUSTIONADOS (HC) 250;22;2
LIVIANO;FURGONETA;TURISMO;;2019;GASOLINA;39503;O2 EN ALTAS RPM;1;2
LIVIANO;FURGONETA;TURISMO;;2019;GASOLINA;39505;MONOXIDO DE CARBONO (CO) 2500 RPM;0;2
LIVIANO;FURGONETA;TURISMO;;2019;GASOLINA;39508;RPM EN ALTAS;2430;2
LIVIANO;FURGONETA;TURISMO;;2020;DIESEL;1301;ODOMETRO VEHICULO;105007;3
LIVIANO;FURGONETA;TURISMO;;2020;DIESEL;38501;OPACIDAD - VEHI. DIE;43;3
LIVIANO;FURGONETA;TURISMO;;2022;DIESEL;1301;ODOMETRO VEHICULO;200036;1
LIVIANO;FURGONETA;TURISMO;;2022;DIESEL;38501;OPACIDAD - VEHI. DIE;0;1
LIVIANO;FURGONETA;TURISMO;;2023;DIESEL;1301;ODOMETRO VEHICULO;60171;25
LIVIANO;FURGONETA;TURISMO;;2023;DIESEL;38501;OPACIDAD - VEHI. DIE;19;25
LIVIANO;FURGONETA;TURISMO;;2023;GASOLINA;1301;ODOMETRO VEHICULO;119260;6
LIVIANO;FURGONETA;TURISMO;;2023;GASOLINA;39001;HIDROCARBUROS NO COMBUSTIONADOS (HC) RAL;98;6
LIVIANO;FURGONETA;TURISMO;;2023;GASOLINA;39003;O2 EN BAJAS;1;6
LIVIANO;FURGONETA;TURISMO;;2023;GASOLINA;39005;MONOXIDO DE CARBONO (CO) RALENTI;0;6
LIVIANO;FURGONETA;TURISMO;;2023;GASOLINA;39008;RPM EN RALENTI;761;6
LIVIANO;FURGONETA;TURISMO;;2023;GASOLINA;39501;HIDROCARBUROS NO COMBUSTIONADOS (HC) 250;161;6
LIVIANO;FURGONETA;TURISMO;;2023;GASOLINA;39503;O2 EN ALTAS RPM;1;6
LIVIANO;FURGONETA;TURISMO;;2023;GASOLINA;39505;MONOXIDO DE CARBONO (CO) 2500 RPM;0;6
LIVIANO;FURGONETA;TURISMO;;2023;GASOLINA;39508;RPM EN ALTAS;2520;3
LIVIANO;FURGONETA;TURISMO;;2024;DIESEL;1301;ODOMETRO VEHICULO;19479;12
LIVIANO;FURGONETA;TURISMO;;2024;DIESEL;38501;OPACIDAD - VEHI. DIE;14;10
LIVIANO;FURGONETA;TURISMO;;2025;DIESEL;1301;ODOMETRO VEHICULO;58;1
LIVIANO;FURGONETA;TURISMO;;2025;DIESEL;38501;OPACIDAD - VEHI. DIE;7;1
LIVIANO;HIBRIDO;;;2005;GASOLINA;1301;ODOMETRO VEHICULO;90186;8
LIVIANO;HIBRIDO;;;2006;GASOLINA;1301;ODOMETRO VEHICULO;167893;1
LIVIANO;HIBRIDO;;;2007;GASOLINA;1301;ODOMETRO VEHICULO;200862;1
LIVIANO;HIBRIDO;;;2008;GASOLINA;1301;ODOMETRO VEHICULO;92982;28
LIVIANO;HIBRIDO;;;2009;GASOLINA;1301;ODOMETRO VEHICULO;81073;2475
LIVIANO;HIBRIDO;;;2010;GASOLINA;1301;ODOMETRO VEHICULO;95282;18405
LIVIANO;HIBRIDO;;;2010;GASOLINA;39001;HIDROCARBUROS NO COMBUSTIONADOS (HC) RAL;84;6
LIVIANO;HIBRIDO;;;2010;GASOLINA;39003;O2 EN BAJAS;1;6
LIVIANO;HIBRIDO;;;2010;GASOLINA;39005;MONOXIDO DE CARBONO (CO) RALENTI;0;6
LIVIANO;HIBRIDO;;;2010;GASOLINA;39008;RPM EN RALENTI;750;6
LIVIANO;HIBRIDO;;;2010;GASOLINA;39501;HIDROCARBUROS NO COMBUSTIONADOS (HC) 250;62;7
LIVIANO;HIBRIDO;;;2010;GASOLINA;39503;O2 EN ALTAS RPM;1;7
LIVIANO;HIBRIDO;;;2010;GASOLINA;39505;MONOXIDO DE CARBONO (CO) 2500 RPM;0;7
LIVIANO;HIBRIDO;;;2010;GASOLINA;39508;RPM EN ALTAS;2397;7
LIVIANO;HIBRIDO;;;2011;GASOLINA;1301;ODOMETRO VEHICULO;91475;4724
LIVIANO;HIBRIDO;;;2011;GASOLINA;39001;HIDROCARBUROS NO COMBUSTIONADOS (HC) RAL;7;3
LIVIANO;HIBRIDO;;;2011;GASOLINA;39003;O2 EN BAJAS;0;3
LIVIANO;HIBRIDO;;;2011;GASOLINA;39005;MONOXIDO DE CARBONO (CO) RALENTI;0;3
LIVIANO;HIBRIDO;;;2011;GASOLINA;39008;RPM EN RALENTI;780;3
LIVIANO;HIBRIDO;;;2011;GASOLINA;39501;HIDROCARBUROS NO COMBUSTIONADOS (HC) 250;25;4
LIVIANO;HIBRIDO;;;2011;GASOLINA;39503;O2 EN ALTAS RPM;1;4
LIVIANO;HIBRIDO;;;2011;GASOLINA;39505;MONOXIDO DE CARBONO (CO) 2500 RPM;0;4
LIVIANO;HIBRIDO;;;2011;GASOLINA;39508;RPM EN ALTAS;2400;4
LIVIANO;HIBRIDO;;;2012;GASOLINA;1301;ODOMETRO VEHICULO;89393;3150
LIVIANO;HIBRIDO;;;2012;GASOLINA;39001;HIDROCARBUROS NO COMBUSTIONADOS (HC) RAL;13;3
LIVIANO;HIBRIDO;;;2012;GASOLINA;39003;O2 EN BAJAS;0;3
LIVIANO;HIBRIDO;;;2012;GASOLINA;39005;MONOXIDO DE CARBONO (CO) RALENTI;0;3
LIVIANO;HIBRIDO;;;2012;GASOLINA;39008;RPM EN RALENTI;810;3
LIVIANO;HIBRIDO;;;2012;GASOLINA;39501;HIDROCARBUROS NO COMBUSTIONADOS (HC) 250;14;3
LIVIANO;HIBRIDO;;;2012;GASOLINA;39503;O2 EN ALTAS RPM;0;3
LIVIANO;HIBRIDO;;;2012;GASOLINA;39505;MONOXIDO DE CARBONO (CO) 2500 RPM;0;3
LIVIANO;HIBRIDO;;;2012;GASOLINA;39508;RPM EN ALTAS;2453;3
LIVIANO;HIBRIDO;;;2013;DIESEL;1301;ODOMETRO VEHICULO;60276;2
LIVIANO;HIBRIDO;;;2013;DIESEL;38501;OPACIDAD - VEHI. DIE;0;1
LIVIANO;HIBRIDO;;;2013;GASOLINA;1301;ODOMETRO VEHICULO;89649;5640
LIVIANO;HIBRIDO;;;2014;GASOLINA;1301;ODOMETRO VEHICULO;73586;1232
LIVIANO;HIBRIDO;;;2015;DIESEL;1301;ODOMETRO VEHICULO;25244;3
LIVIANO;HIBRIDO;;;2015;GASOLINA;1301;ODOMETRO VEHICULO;62051;3237
LIVIANO;HIBRIDO;;;2015;GASOLINA;39001;HIDROCARBUROS NO COMBUSTIONADOS (HC) RAL;11;1
LIVIANO;HIBRIDO;;;2015;GASOLINA;39003;O2 EN BAJAS;0;1
LIVIANO;HIBRIDO;;;2015;GASOLINA;39005;MONOXIDO DE CARBONO (CO) RALENTI;0;1
LIVIANO;HIBRIDO;;;2015;GASOLINA;39008;RPM EN RALENTI;550;1
LIVIANO;HIBRIDO;;;2015;GASOLINA;39501;HIDROCARBUROS NO COMBUSTIONADOS (HC) 250;19;1
LIVIANO;HIBRIDO;;;2015;GASOLINA;39503;O2 EN ALTAS RPM;0;1
LIVIANO;HIBRIDO;;;2015;GASOLINA;39505;MONOXIDO DE CARBONO (CO) 2500 RPM;0;1
LIVIANO;HIBRIDO;;;2015;GASOLINA;39508;RPM EN ALTAS;2400;1
LIVIANO;HIBRIDO;;;2016;DIESEL;1301;ODOMETRO VEHICULO;57331;5
LIVIANO;HIBRIDO;;;2016;GASOLINA;1301;ODOMETRO VEHICULO;60965;2408
LIVIANO;HIBRIDO;;;2016;GASOLINA;39001;HIDROCARBUROS NO COMBUSTIONADOS (HC) RAL;74;9
LIVIANO;HIBRIDO;;;2016;GASOLINA;39003;O2 EN BAJAS;0;9
LIVIANO;HIBRIDO;;;2016;GASOLINA;39005;MONOXIDO DE CARBONO (CO) RALENTI;0;9
LIVIANO;HIBRIDO;;;2016;GASOLINA;39008;RPM EN RALENTI;765;9
LIVIANO;HIBRIDO;;;2016;GASOLINA;39501;HIDROCARBUROS NO COMBUSTIONADOS (HC) 250;150;9
LIVIANO;HIBRIDO;;;2016;GASOLINA;39503;O2 EN ALTAS RPM;0;9
LIVIANO;HIBRIDO;;;2016;GASOLINA;39505;MONOXIDO DE CARBONO (CO) 2500 RPM;0;9
LIVIANO;HIBRIDO;;;2016;GASOLINA;39508;RPM EN ALTAS;2438;9
LIVIANO;HIBRIDO;;;2017;GASOLINA;1301;ODOMETRO VEHICULO;55069;5605
LIVIANO;HIBRIDO;;;2017;GASOLINA;39001;HIDROCARBUROS NO COMBUSTIONADOS (HC) RAL;19;6
LIVIANO;HIBRIDO;;;2017;GASOLINA;39003;O2 EN BAJAS;1;6
LIVIANO;HIBRIDO;;;2017;GASOLINA;39005;MONOXIDO DE CARBONO (CO) RALENTI;0;6
LIVIANO;HIBRIDO;;;2017;GASOLINA;39008;RPM EN RALENTI;776;6
LIVIANO;HIBRIDO;;;2017;GASOLINA;39501;HIDROCARBUROS NO COMBUSTIONADOS (HC) 250;16;6
LIVIANO;HIBRIDO;;;2017;GASOLINA;39503;O2 EN ALTAS RPM;1;6
LIVIANO;HIBRIDO;;;2017;GASOLINA;39505;MONOXIDO DE CARBONO (CO) 2500 RPM;0;6
LIVIANO;HIBRIDO;;;2017;GASOLINA;39508;RPM EN ALTAS;2461;6
LIVIANO;HIBRIDO;;;2018;GASOLINA;1301;ODOMETRO VEHICULO;48221;5159
LIVIANO;HIBRIDO;;;2018;GASOLINA;39001;HIDROCARBUROS NO COMBUSTIONADOS (HC) RAL;10;5
LIVIANO;HIBRIDO;;;2018;GASOLINA;39003;O2 EN BAJAS;0;5
LIVIANO;HIBRIDO;;;2018;GASOLINA;39005;MONOXIDO DE CARBONO (CO) RALENTI;0;5
LIVIANO;HIBRIDO;;;2018;GASOLINA;39008;RPM EN RALENTI;800;5
LIVIANO;HIBRIDO;;;2018;GASOLINA;39501;HIDROCARBUROS NO COMBUSTIONADOS (HC) 250;10;5
LIVIANO;HIBRIDO;;;2018;GASOLINA;39503;O2 EN ALTAS RPM;0;5
LIVIANO;HIBRIDO;;;2018;GASOLINA;39505;MONOXIDO DE CARBONO (CO) 2500 RPM;0;5
LIVIANO;HIBRIDO;;;2018;GASOLINA;39508;RPM EN ALTAS;2528;5
LIVIANO;HIBRIDO;;;2019;GASOLINA;1301;ODOMETRO VEHICULO;40688;4449
LIVIANO;HIBRIDO;;;2019;GASOLINA;39001;HIDROCARBUROS NO COMBUSTIONADOS (HC) RAL;27;10
LIVIANO;HIBRIDO;;;2019;GASOLINA;39003;O2 EN BAJAS;1;10
LIVIANO;HIBRIDO;;;2019;GASOLINA;39005;MONOXIDO DE CARBONO (CO) RALENTI;0;10
LIVIANO;HIBRIDO;;;2019;GASOLINA;39008;RPM EN RALENTI;838;10
LIVIANO;HIBRIDO;;;2019;GASOLINA;39501;HIDROCARBUROS NO COMBUSTIONADOS (HC) 250;36;10
LIVIANO;HIBRIDO;;;2019;GASOLINA;39503;O2 EN ALTAS RPM;1;10
LIVIANO;HIBRIDO;;;2019;GASOLINA;39505;MONOXIDO DE CARBONO (CO) 2500 RPM;0;10
LIVIANO;HIBRIDO;;;2019;GASOLINA;39508;RPM EN ALTAS;2450;10
LIVIANO;HIBRIDO;;;2020;GASOLINA;1301;ODOMETRO VEHICULO;26307;1010
LIVIANO;HIBRIDO;;;2020;GASOLINA;39001;HIDROCARBUROS NO COMBUSTIONADOS (HC) RAL;8;9
LIVIANO;HIBRIDO;;;2020;GASOLINA;39003;O2 EN BAJAS;0;9
LIVIANO;HIBRIDO;;;2020;GASOLINA;39005;MONOXIDO DE CARBONO (CO) RALENTI;0;9
LIVIANO;HIBRIDO;;;2020;GASOLINA;39008;RPM EN RALENTI;752;9
LIVIANO;HIBRIDO;;;2020;GASOLINA;39501;HIDROCARBUROS NO COMBUSTIONADOS (HC) 250;14;9
LIVIANO;HIBRIDO;;;2020;GASOLINA;39503;O2 EN ALTAS RPM;0;9
LIVIANO;HIBRIDO;;;2020;GASOLINA;39505;MONOXIDO DE CARBONO (CO) 2500 RPM;0;9
LIVIANO;HIBRIDO;;;2020;GASOLINA;39508;RPM EN ALTAS;2411;9
LIVIANO;HIBRIDO;;;2021;GASOLINA;1301;ODOMETRO VEHICULO;22651;1339
LIVIANO;HIBRIDO;;;2021;GASOLINA;39001;HIDROCARBUROS NO COMBUSTIONADOS (HC) RAL;12;26
LIVIANO;HIBRIDO;;;2021;GASOLINA;39003;O2 EN BAJAS;0;26
LIVIANO;HIBRIDO;;;2021;GASOLINA;39005;MONOXIDO DE CARBONO (CO) RALENTI;0;26
LIVIANO;HIBRIDO;;;2021;GASOLINA;39008;RPM EN RALENTI;815;26
LIVIANO;HIBRIDO;;;2021;GASOLINA;39501;HIDROCARBUROS NO COMBUSTIONADOS (HC) 250;13;26
LIVIANO;HIBRIDO;;;2021;GASOLINA;39503;O2 EN ALTAS RPM;0;26
LIVIANO;HIBRIDO;;;2021;GASOLINA;39505;MONOXIDO DE CARBONO (CO) 2500 RPM;0;26
LIVIANO;HIBRIDO;;;2021;GASOLINA;39508;RPM EN ALTAS;2421;26
LIVIANO;HIBRIDO;;;2022;DIESEL;1301;ODOMETRO VEHICULO;25680;2
LIVIANO;HIBRIDO;;;2022;DIESEL;38501;OPACIDAD - VEHI. DIE;1;2
LIVIANO;HIBRIDO;;;2022;GASOLINA;1301;ODOMETRO VEHICULO;17980;1370
LIVIANO;HIBRIDO;;;2022;GASOLINA;39001;HIDROCARBUROS NO COMBUSTIONADOS (HC) RAL;54;13
LIVIANO;HIBRIDO;;;2022;GASOLINA;39003;O2 EN BAJAS;0;13
LIVIANO;HIBRIDO;;;2022;GASOLINA;39005;MONOXIDO DE CARBONO (CO) RALENTI;0;13
LIVIANO;HIBRIDO;;;2022;GASOLINA;39008;RPM EN RALENTI;766;13
LIVIANO;HIBRIDO;;;2022;GASOLINA;39501;HIDROCARBUROS NO COMBUSTIONADOS (HC) 250;34;13
LIVIANO;HIBRIDO;;;2022;GASOLINA;39503;O2 EN ALTAS RPM;0;13
LIVIANO;HIBRIDO;;;2022;GASOLINA;39505;MONOXIDO DE CARBONO (CO) 2500 RPM;0;13
LIVIANO;HIBRIDO;;;2022;GASOLINA;39508;RPM EN ALTAS;2437;11
LIVIANO;HIBRIDO;;;2023;GASOLINA;1301;ODOMETRO VEHICULO;5454;56
LIVIANO;HIBRIDO;;;2023;GASOLINA;39001;HIDROCARBUROS NO COMBUSTIONADOS (HC) RAL;2;1
LIVIANO;HIBRIDO;;;2023;GASOLINA;39003;O2 EN BAJAS;0;1
LIVIANO;HIBRIDO;;;2023;GASOLINA;39005;MONOXIDO DE CARBONO (CO) RALENTI;0;1
LIVIANO;HIBRIDO;;;2023;GASOLINA;39008;RPM EN RALENTI;610;1
LIVIANO;HIBRIDO;;;2023;GASOLINA;39501;HIDROCARBUROS NO COMBUSTIONADOS (HC) 250;2;1
LIVIANO;HIBRIDO;;;2023;GASOLINA;39503;O2 EN ALTAS RPM;0;1
LIVIANO;HIBRIDO;;;2023;GASOLINA;39505;MONOXIDO DE CARBONO (CO) 2500 RPM;0;1
LIVIANO;HIBRIDO;;;2023;GASOLINA;39508;RPM EN ALTAS;2470;1
LIVIANO;HIBRIDO;;;2024;GASOLINA;1301;ODOMETRO VEHICULO;359;29
LIVIANO;HIBRIDO;;;2025;GASOLINA;1301;ODOMETRO VEHICULO;199;6
LIVIANO;HIBRIDO;TAXI;;2022;GASOLINA;1301;ODOMETRO VEHICULO;39844;3
LIVIANO;AUTOMOVIL 2 TIEMPOS;;;1979;GASOLINA;1301;ODOMETRO VEHICULO;511699;1
LIVIANO;AUTOMOVIL 2 TIEMPOS;;;2007;GASOLINA;1301;ODOMETRO VEHICULO;163334;10
LIVIANO;AUTOMOVIL 2 TIEMPOS;;;2007;GASOLINA;39001;HIDROCARBUROS NO COMBUSTIONADOS (HC) RAL;30;7
LIVIANO;AUTOMOVIL 2 TIEMPOS;;;2007;GASOLINA;39003;O2 EN BAJAS;1;7
LIVIANO;AUTOMOVIL 2 TIEMPOS;;;2007;GASOLINA;39005;MONOXIDO DE CARBONO (CO) RALENTI;0;7
LIVIANO;AUTOMOVIL 2 TIEMPOS;;;2007;GASOLINA;39008;RPM EN RALENTI;788;7
LIVIANO;AUTOMOVIL 2 TIEMPOS;;;2007;GASOLINA;39501;HIDROCARBUROS NO COMBUSTIONADOS (HC) 250;46;7
LIVIANO;AUTOMOVIL 2 TIEMPOS;;;2007;GASOLINA;39503;O2 EN ALTAS RPM;2;7
LIVIANO;AUTOMOVIL 2 TIEMPOS;;;2007;GASOLINA;39505;MONOXIDO DE CARBONO (CO) 2500 RPM;0;7
LIVIANO;AUTOMOVIL 2 TIEMPOS;;;2007;GASOLINA;39508;RPM EN ALTAS;2428;7
LIVIANO;AUTOMOVIL 2 TIEMPOS;;;2010;GASOLINA;1301;ODOMETRO VEHICULO;321370;2
LIVIANO;AUTOMOVIL 2 TIEMPOS;;;2010;GASOLINA;39001;HIDROCARBUROS NO COMBUSTIONADOS (HC) RAL;18;1
LIVIANO;AUTOMOVIL 2 TIEMPOS;;;2010;GASOLINA;39003;O2 EN BAJAS;1;1
LIVIANO;AUTOMOVIL 2 TIEMPOS;;;2010;GASOLINA;39005;MONOXIDO DE CARBONO (CO) RALENTI;0;1
LIVIANO;AUTOMOVIL 2 TIEMPOS;;;2010;GASOLINA;39008;RPM EN RALENTI;750;1
LIVIANO;AUTOMOVIL 2 TIEMPOS;;;2010;GASOLINA;39501;HIDROCARBUROS NO COMBUSTIONADOS (HC) 250;22;1
LIVIANO;AUTOMOVIL 2 TIEMPOS;;;2010;GASOLINA;39503;O2 EN ALTAS RPM;2;1
LIVIANO;AUTOMOVIL 2 TIEMPOS;;;2010;GASOLINA;39505;MONOXIDO DE CARBONO (CO) 2500 RPM;0;1
LIVIANO;AUTOMOVIL 2 TIEMPOS;;;2010;GASOLINA;39508;RPM EN ALTAS;2540;1
LIVIANO;AUTOMOVIL 2 TIEMPOS;;;2011;GASOLINA;1301;ODOMETRO VEHICULO;207998;6
LIVIANO;AUTOMOVIL 2 TIEMPOS;;;2011;GASOLINA;39001;HIDROCARBUROS NO COMBUSTIONADOS (HC) RAL;196;4
LIVIANO;AUTOMOVIL 2 TIEMPOS;;;2011;GASOLINA;39003;O2 EN BAJAS;2;4
LIVIANO;AUTOMOVIL 2 TIEMPOS;;;2011;GASOLINA;39005;MONOXIDO DE CARBONO (CO) RALENTI;0;4
LIVIANO;AUTOMOVIL 2 TIEMPOS;;;2011;GASOLINA;39008;RPM EN RALENTI;825;4
LIVIANO;AUTOMOVIL 2 TIEMPOS;;;2011;GASOLINA;39501;HIDROCARBUROS NO COMBUSTIONADOS (HC) 250;152;4
LIVIANO;AUTOMOVIL 2 TIEMPOS;;;2011;GASOLINA;39503;O2 EN ALTAS RPM;1;4
LIVIANO;AUTOMOVIL 2 TIEMPOS;;;2011;GASOLINA;39505;MONOXIDO DE CARBONO (CO) 2500 RPM;0;4
LIVIANO;AUTOMOVIL 2 TIEMPOS;;;2011;GASOLINA;39508;RPM EN ALTAS;2460;4
LIVIANO;AUTOMOVIL 2 TIEMPOS;;;2013;GASOLINA;1301;ODOMETRO VEHICULO;155950;7
LIVIANO;AUTOMOVIL 2 TIEMPOS;;;2013;GASOLINA;39001;HIDROCARBUROS NO COMBUSTIONADOS (HC) RAL;19;7
LIVIANO;AUTOMOVIL 2 TIEMPOS;;;2013;GASOLINA;39003;O2 EN BAJAS;0;7
LIVIANO;AUTOMOVIL 2 TIEMPOS;;;2013;GASOLINA;39005;MONOXIDO DE CARBONO (CO) RALENTI;0;7
LIVIANO;AUTOMOVIL 2 TIEMPOS;;;2013;GASOLINA;39008;RPM EN RALENTI;835;7
LIVIANO;AUTOMOVIL 2 TIEMPOS;;;2013;GASOLINA;39501;HIDROCARBUROS NO COMBUSTIONADOS (HC) 250;39;7
LIVIANO;AUTOMOVIL 2 TIEMPOS;;;2013;GASOLINA;39503;O2 EN ALTAS RPM;0;7
LIVIANO;AUTOMOVIL 2 TIEMPOS;;;2013;GASOLINA;39505;MONOXIDO DE CARBONO (CO) 2500 RPM;0;7
LIVIANO;AUTOMOVIL 2 TIEMPOS;;;2013;GASOLINA;39508;RPM EN ALTAS;2490;7
OTROS;MOTOS;;;1974;GASOLINA;1301;ODOMETRO VEHICULO;3299;8
OTROS;MOTOS;;;1974;GASOLINA;39001;HIDROCARBUROS NO COMBUSTIONADOS (HC) RAL;436;6
OTROS;MOTOS;;;1974;GASOLINA;39003;O2 EN BAJAS;1;6
OTROS;MOTOS;;;1974;GASOLINA;39005;MONOXIDO DE CARBONO (CO) RALENTI;5;6
OTROS;MOTOS;;;1974;GASOLINA;39008;RPM EN RALENTI;860;6
OTROS;MOTOS;;;1975;GASOLINA;1301;ODOMETRO VEHICULO;36202;25
OTROS;MOTOS;;;1975;GASOLINA;39001;HIDROCARBUROS NO COMBUSTIONADOS (HC) RAL;1604;17
OTROS;MOTOS;;;1975;GASOLINA;39003;O2 EN BAJAS;3;17
OTROS;MOTOS;;;1975;GASOLINA;39005;MONOXIDO DE CARBONO (CO) RALENTI;4;17
OTROS;MOTOS;;;1975;GASOLINA;39008;RPM EN RALENTI;1134;17
OTROS;MOTOS;;;1976;GASOLINA;1301;ODOMETRO VEHICULO;21446;9
OTROS;MOTOS;;;1976;GASOLINA;39001;HIDROCARBUROS NO COMBUSTIONADOS (HC) RAL;2212;5
OTROS;MOTOS;;;1976;GASOLINA;39003;O2 EN BAJAS;3;5
OTROS;MOTOS;;;1976;GASOLINA;39005;MONOXIDO DE CARBONO (CO) RALENTI;5;5
OTROS;MOTOS;;;1976;GASOLINA;39008;RPM EN RALENTI;1160;5
OTROS;MOTOS;;;1976;GASOLINA;39501;HIDROCARBUROS NO COMBUSTIONADOS (HC) 250;0;1
OTROS;MOTOS;;;1976;GASOLINA;39503;O2 EN ALTAS RPM;0;1
OTROS;MOTOS;;;1976;GASOLINA;39505;MONOXIDO DE CARBONO (CO) 2500 RPM;0;1
OTROS;MOTOS;;;1976;GASOLINA;39508;RPM EN ALTAS;0;1
OTROS;MOTOS;;;1977;GASOLINA;1301;ODOMETRO VEHICULO;20139;29
OTROS;MOTOS;;;1977;GASOLINA;39001;HIDROCARBUROS NO COMBUSTIONADOS (HC) RAL;1584;23
OTROS;MOTOS;;;1977;GASOLINA;39003;O2 EN BAJAS;2;24
OTROS;MOTOS;;;1977;GASOLINA;39005;MONOXIDO DE CARBONO (CO) RALENTI;5;23
OTROS;MOTOS;;;1977;GASOLINA;39008;RPM EN RALENTI;1058;23
OTROS;MOTOS;;;1978;GASOLINA;1301;ODOMETRO VEHICULO;5850;12
OTROS;MOTOS;;;1978;GASOLINA;39001;HIDROCARBUROS NO COMBUSTIONADOS (HC) RAL;2052;9
OTROS;MOTOS;;;1978;GASOLINA;39003;O2 EN BAJAS;3;9
OTROS;MOTOS;;;1978;GASOLINA;39005;MONOXIDO DE CARBONO (CO) RALENTI;5;9
OTROS;MOTOS;;;1978;GASOLINA;39008;RPM EN RALENTI;991;9
OTROS;MOTOS;;;1978;GASOLINA;39501;HIDROCARBUROS NO COMBUSTIONADOS (HC) 250;0;2
OTROS;MOTOS;;;1978;GASOLINA;39503;O2 EN ALTAS RPM;0;2
OTROS;MOTOS;;;1978;GASOLINA;39505;MONOXIDO DE CARBONO (CO) 2500 RPM;0;2
OTROS;MOTOS;;;1978;GASOLINA;39508;RPM EN ALTAS;0;2
OTROS;MOTOS;;;1979;GASOLINA;1301;ODOMETRO VEHICULO;13918;58
OTROS;MOTOS;;;1979;GASOLINA;39001;HIDROCARBUROS NO COMBUSTIONADOS (HC) RAL;2334;44
OTROS;MOTOS;;;1979;GASOLINA;39003;O2 EN BAJAS;4;44
OTROS;MOTOS;;;1979;GASOLINA;39005;MONOXIDO DE CARBONO (CO) RALENTI;2;44
OTROS;MOTOS;;;1979;GASOLINA;39008;RPM EN RALENTI;1083;44
OTROS;MOTOS;;;1980;GASOLINA;1301;ODOMETRO VEHICULO;39150;56
OTROS;MOTOS;;;1980;GASOLINA;39001;HIDROCARBUROS NO COMBUSTIONADOS (HC) RAL;2154;42
OTROS;MOTOS;;;1980;GASOLINA;39003;O2 EN BAJAS;2;42
OTROS;MOTOS;;;1980;GASOLINA;39005;MONOXIDO DE CARBONO (CO) RALENTI;3;42
OTROS;MOTOS;;;1980;GASOLINA;39008;RPM EN RALENTI;1034;42
OTROS;MOTOS;;;1981;GASOLINA;1301;ODOMETRO VEHICULO;26185;104
OTROS;MOTOS;;;1981;GASOLINA;39001;HIDROCARBUROS NO COMBUSTIONADOS (HC) RAL;1742;77
OTROS;MOTOS;;;1981;GASOLINA;39003;O2 EN BAJAS;3;76
OTROS;MOTOS;;;1981;GASOLINA;39005;MONOXIDO DE CARBONO (CO) RALENTI;4;77
OTROS;MOTOS;;;1981;GASOLINA;39008;RPM EN RALENTI;1045;76
OTROS;MOTOS;;;1982;GASOLINA;1301;ODOMETRO VEHICULO;29148;68
OTROS;MOTOS;;;1982;GASOLINA;39001;HIDROCARBUROS NO COMBUSTIONADOS (HC) RAL;1473;55
OTROS;MOTOS;;;1982;GASOLINA;39003;O2 EN BAJAS;3;55
OTROS;MOTOS;;;1982;GASOLINA;39005;MONOXIDO DE CARBONO (CO) RALENTI;4;55
OTROS;MOTOS;;;1982;GASOLINA;39008;RPM EN RALENTI;1000;55
OTROS;MOTOS;;;1983;GASOLINA;1301;ODOMETRO VEHICULO;43771;65
OTROS;MOTOS;;;1983;GASOLINA;39001;HIDROCARBUROS NO COMBUSTIONADOS (HC) RAL;1552;52
OTROS;MOTOS;;;1983;GASOLINA;39003;O2 EN BAJAS;3;52
OTROS;MOTOS;;;1983;GASOLINA;39005;MONOXIDO DE CARBONO (CO) RALENTI;4;52
OTROS;MOTOS;;;1983;GASOLINA;39008;RPM EN RALENTI;1008;52
OTROS;MOTOS;;;1984;GASOLINA;1301;ODOMETRO VEHICULO;62650;8
OTROS;MOTOS;;;1984;GASOLINA;39001;HIDROCARBUROS NO COMBUSTIONADOS (HC) RAL;2394;4
OTROS;MOTOS;;;1984;GASOLINA;39003;O2 EN BAJAS;3;4
OTROS;MOTOS;;;1984;GASOLINA;39005;MONOXIDO DE CARBONO (CO) RALENTI;3;4
OTROS;MOTOS;;;1984;GASOLINA;39008;RPM EN RALENTI;917;4
OTROS;MOTOS;;;1985;GASOLINA;1301;ODOMETRO VEHICULO;18152;39
OTROS;MOTOS;;;1985;GASOLINA;39001;HIDROCARBUROS NO COMBUSTIONADOS (HC) RAL;1032;28
OTROS;MOTOS;;;1985;GASOLINA;39003;O2 EN BAJAS;3;28
OTROS;MOTOS;;;1985;GASOLINA;39005;MONOXIDO DE CARBONO (CO) RALENTI;3;28
OTROS;MOTOS;;;1985;GASOLINA;39008;RPM EN RALENTI;991;28
OTROS;MOTOS;;;1986;GASOLINA;1301;ODOMETRO VEHICULO;10314;28
OTROS;MOTOS;;;1986;GASOLINA;39001;HIDROCARBUROS NO COMBUSTIONADOS (HC) RAL;1187;24
OTROS;MOTOS;;;1986;GASOLINA;39003;O2 EN BAJAS;2;24
OTROS;MOTOS;;;1986;GASOLINA;39005;MONOXIDO DE CARBONO (CO) RALENTI;4;24
OTROS;MOTOS;;;1986;GASOLINA;39008;RPM EN RALENTI;1026;24
OTROS;MOTOS;;;1987;GASOLINA;1301;ODOMETRO VEHICULO;21384;42
OTROS;MOTOS;;;1987;GASOLINA;39001;HIDROCARBUROS NO COMBUSTIONADOS (HC) RAL;1304;35
OTROS;MOTOS;;;1987;GASOLINA;39003;O2 EN BAJAS;3;35
OTROS;MOTOS;;;1987;GASOLINA;39005;MONOXIDO DE CARBONO (CO) RALENTI;4;36
OTROS;MOTOS;;;1987;GASOLINA;39008;RPM EN RALENTI;959;35
OTROS;MOTOS;;;1988;GASOLINA;1301;ODOMETRO VEHICULO;21679;18
OTROS;MOTOS;;;1988;GASOLINA;39001;HIDROCARBUROS NO COMBUSTIONADOS (HC) RAL;1053;13
OTROS;MOTOS;;;1988;GASOLINA;39003;O2 EN BAJAS;4;13
OTROS;MOTOS;;;1988;GASOLINA;39005;MONOXIDO DE CARBONO (CO) RALENTI;3;13
OTROS;MOTOS;;;1988;GASOLINA;39008;RPM EN RALENTI;1011;13
OTROS;MOTOS;;;1989;GASOLINA;1301;ODOMETRO VEHICULO;37061;51
OTROS;MOTOS;;;1989;GASOLINA;39001;HIDROCARBUROS NO COMBUSTIONADOS (HC) RAL;966;44
OTROS;MOTOS;;;1989;GASOLINA;39003;O2 EN BAJAS;3;44
OTROS;MOTOS;;;1989;GASOLINA;39005;MONOXIDO DE CARBONO (CO) RALENTI;4;44
OTROS;MOTOS;;;1989;GASOLINA;39008;RPM EN RALENTI;1087;44
OTROS;MOTOS;;;1990;GASOLINA;1301;ODOMETRO VEHICULO;27394;101
OTROS;MOTOS;;;1990;GASOLINA;39001;HIDROCARBUROS NO COMBUSTIONADOS (HC) RAL;2915;82
OTROS;MOTOS;;;1990;GASOLINA;39003;O2 EN BAJAS;4;82
OTROS;MOTOS;;;1990;GASOLINA;39005;MONOXIDO DE CARBONO (CO) RALENTI;3;82
OTROS;MOTOS;;;1990;GASOLINA;39008;RPM EN RALENTI;1085;82
OTROS;MOTOS;;;1991;GASOLINA;1301;ODOMETRO VEHICULO;31601;75
OTROS;MOTOS;;;1991;GASOLINA;39001;HIDROCARBUROS NO COMBUSTIONADOS (HC) RAL;2674;58
OTROS;MOTOS;;;1991;GASOLINA;39003;O2 EN BAJAS;3;57
OTROS;MOTOS;;;1991;GASOLINA;39005;MONOXIDO DE CARBONO (CO) RALENTI;3;57
OTROS;MOTOS;;;1991;GASOLINA;39008;RPM EN RALENTI;994;57
OTROS;MOTOS;;;1991;GASOLINA;39501;HIDROCARBUROS NO COMBUSTIONADOS (HC) 250;0;1
OTROS;MOTOS;;;1991;GASOLINA;39503;O2 EN ALTAS RPM;0;1
OTROS;MOTOS;;;1991;GASOLINA;39505;MONOXIDO DE CARBONO (CO) 2500 RPM;0;1
OTROS;MOTOS;;;1991;GASOLINA;39508;RPM EN ALTAS;0;1
OTROS;MOTOS;;;1992;GASOLINA;1301;ODOMETRO VEHICULO;27598;47
OTROS;MOTOS;;;1992;GASOLINA;39001;HIDROCARBUROS NO COMBUSTIONADOS (HC) RAL;1703;34
OTROS;MOTOS;;;1992;GASOLINA;39003;O2 EN BAJAS;3;34
OTROS;MOTOS;;;1992;GASOLINA;39005;MONOXIDO DE CARBONO (CO) RALENTI;4;35
OTROS;MOTOS;;;1992;GASOLINA;39008;RPM EN RALENTI;1081;34
OTROS;MOTOS;;;1993;GASOLINA;1301;ODOMETRO VEHICULO;31316;154
OTROS;MOTOS;;;1993;GASOLINA;39001;HIDROCARBUROS NO COMBUSTIONADOS (HC) RAL;1257;120
OTROS;MOTOS;;;1993;GASOLINA;39003;O2 EN BAJAS;3;120
OTROS;MOTOS;;;1993;GASOLINA;39005;MONOXIDO DE CARBONO (CO) RALENTI;3;120
OTROS;MOTOS;;;1993;GASOLINA;39008;RPM EN RALENTI;1058;120
OTROS;MOTOS;;;1994;GASOLINA;1301;ODOMETRO VEHICULO;30630;340
OTROS;MOTOS;;;1994;GASOLINA;39001;HIDROCARBUROS NO COMBUSTIONADOS (HC) RAL;1262;267
OTROS;MOTOS;;;1994;GASOLINA;39003;O2 EN BAJAS;2;268
OTROS;MOTOS;;;1994;GASOLINA;39005;MONOXIDO DE CARBONO (CO) RALENTI;3;268
OTROS;MOTOS;;;1994;GASOLINA;39008;RPM EN RALENTI;1055;267
OTROS;MOTOS;;;1994;GASOLINA;39501;HIDROCARBUROS NO COMBUSTIONADOS (HC) 250;0;3
OTROS;MOTOS;;;1994;GASOLINA;39503;O2 EN ALTAS RPM;0;3
OTROS;MOTOS;;;1994;GASOLINA;39505;MONOXIDO DE CARBONO (CO) 2500 RPM;0;3
OTROS;MOTOS;;;1994;GASOLINA;39508;RPM EN ALTAS;0;3
OTROS;MOTOS;;;1995;GASOLINA;1301;ODOMETRO VEHICULO;23453;221
OTROS;MOTOS;;;1995;GASOLINA;39001;HIDROCARBUROS NO COMBUSTIONADOS (HC) RAL;1078;179
OTROS;MOTOS;;;1995;GASOLINA;39003;O2 EN BAJAS;3;179
OTROS;MOTOS;;;1995;GASOLINA;39005;MONOXIDO DE CARBONO (CO) RALENTI;3;179
OTROS;MOTOS;;;1995;GASOLINA;39008;RPM EN RALENTI;1070;178
OTROS;MOTOS;;;1995;GASOLINA;39501;HIDROCARBUROS NO COMBUSTIONADOS (HC) 250;0;1
OTROS;MOTOS;;;1995;GASOLINA;39503;O2 EN ALTAS RPM;0;1
OTROS;MOTOS;;;1995;GASOLINA;39505;MONOXIDO DE CARBONO (CO) 2500 RPM;0;1
OTROS;MOTOS;;;1995;GASOLINA;39508;RPM EN ALTAS;0;1
OTROS;MOTOS;;;1996;GASOLINA;1301;ODOMETRO VEHICULO;30551;213
OTROS;MOTOS;;;1996;GASOLINA;39001;HIDROCARBUROS NO COMBUSTIONADOS (HC) RAL;1272;174
OTROS;MOTOS;;;1996;GASOLINA;39003;O2 EN BAJAS;3;175
OTROS;MOTOS;;;1996;GASOLINA;39005;MONOXIDO DE CARBONO (CO) RALENTI;4;176
OTROS;MOTOS;;;1996;GASOLINA;39008;RPM EN RALENTI;1020;174
OTROS;MOTOS;;;1997;GASOLINA;1301;ODOMETRO VEHICULO;28979;279
OTROS;MOTOS;;;1997;GASOLINA;39001;HIDROCARBUROS NO COMBUSTIONADOS (HC) RAL;3009;215
OTROS;MOTOS;;;1997;GASOLINA;39003;O2 EN BAJAS;3;215
OTROS;MOTOS;;;1997;GASOLINA;39005;MONOXIDO DE CARBONO (CO) RALENTI;3;215
OTROS;MOTOS;;;1997;GASOLINA;39008;RPM EN RALENTI;1009;215
OTROS;MOTOS;;;1997;GASOLINA;39501;HIDROCARBUROS NO COMBUSTIONADOS (HC) 250;0;1
OTROS;MOTOS;;;1997;GASOLINA;39503;O2 EN ALTAS RPM;0;1
OTROS;MOTOS;;;1997;GASOLINA;39505;MONOXIDO DE CARBONO (CO) 2500 RPM;0;1
OTROS;MOTOS;;;1997;GASOLINA;39508;RPM EN ALTAS;0;1
OTROS;MOTOS;;;1998;GASOLINA;1301;ODOMETRO VEHICULO;29960;255
OTROS;MOTOS;;;1998;GASOLINA;39001;HIDROCARBUROS NO COMBUSTIONADOS (HC) RAL;2500;198
OTROS;MOTOS;;;1998;GASOLINA;39003;O2 EN BAJAS;3;197
OTROS;MOTOS;;;1998;GASOLINA;39005;MONOXIDO DE CARBONO (CO) RALENTI;3;196
OTROS;MOTOS;;;1998;GASOLINA;39008;RPM EN RALENTI;1017;195
OTROS;MOTOS;;;1998;GASOLINA;39501;HIDROCARBUROS NO COMBUSTIONADOS (HC) 250;0;1
OTROS;MOTOS;;;1998;GASOLINA;39503;O2 EN ALTAS RPM;0;1
OTROS;MOTOS;;;1998;GASOLINA;39505;MONOXIDO DE CARBONO (CO) 2500 RPM;0;1
OTROS;MOTOS;;;1998;GASOLINA;39508;RPM EN ALTAS;0;1
OTROS;MOTOS;;;1999;GASOLINA;1301;ODOMETRO VEHICULO;33117;187
OTROS;MOTOS;;;1999;GASOLINA;39001;HIDROCARBUROS NO COMBUSTIONADOS (HC) RAL;1860;149
OTROS;MOTOS;;;1999;GASOLINA;39003;O2 EN BAJAS;2;149
OTROS;MOTOS;;;1999;GASOLINA;39005;MONOXIDO DE CARBONO (CO) RALENTI;3;149
OTROS;MOTOS;;;1999;GASOLINA;39008;RPM EN RALENTI;1041;149
OTROS;MOTOS;;;1999;GASOLINA;39501;HIDROCARBUROS NO COMBUSTIONADOS (HC) 250;0;3
OTROS;MOTOS;;;1999;GASOLINA;39503;O2 EN ALTAS RPM;0;3
OTROS;MOTOS;;;1999;GASOLINA;39505;MONOXIDO DE CARBONO (CO) 2500 RPM;0;3
OTROS;MOTOS;;;1999;GASOLINA;39508;RPM EN ALTAS;0;3
OTROS;MOTOS;;;2000;GASOLINA;1301;ODOMETRO VEHICULO;39005;118
OTROS;MOTOS;;;2000;GASOLINA;39001;HIDROCARBUROS NO COMBUSTIONADOS (HC) RAL;2820;88
OTROS;MOTOS;;;2000;GASOLINA;39003;O2 EN BAJAS;3;88
OTROS;MOTOS;;;2000;GASOLINA;39005;MONOXIDO DE CARBONO (CO) RALENTI;3;88
OTROS;MOTOS;;;2000;GASOLINA;39008;RPM EN RALENTI;1040;88
OTROS;MOTOS;;;2001;GASOLINA;1301;ODOMETRO VEHICULO;34849;604
OTROS;MOTOS;;;2001;GASOLINA;39001;HIDROCARBUROS NO COMBUSTIONADOS (HC) RAL;1413;444
OTROS;MOTOS;;;2001;GASOLINA;39003;O2 EN BAJAS;2;444
OTROS;MOTOS;;;2001;GASOLINA;39005;MONOXIDO DE CARBONO (CO) RALENTI;2;446
OTROS;MOTOS;;;2001;GASOLINA;39008;RPM EN RALENTI;1026;443
OTROS;MOTOS;;;2002;GASOLINA;1301;ODOMETRO VEHICULO;31318;1210
OTROS;MOTOS;;;2002;GASOLINA;39001;HIDROCARBUROS NO COMBUSTIONADOS (HC) RAL;1045;927
OTROS;MOTOS;;;2002;GASOLINA;39003;O2 EN BAJAS;2;929
OTROS;MOTOS;;;2002;GASOLINA;39005;MONOXIDO DE CARBONO (CO) RALENTI;3;932
OTROS;MOTOS;;;2002;GASOLINA;39008;RPM EN RALENTI;1032;927
OTROS;MOTOS;;;2002;GASOLINA;39501;HIDROCARBUROS NO COMBUSTIONADOS (HC) 250;0;6
OTROS;MOTOS;;;2002;GASOLINA;39503;O2 EN ALTAS RPM;0;6
OTROS;MOTOS;;;2002;GASOLINA;39505;MONOXIDO DE CARBONO (CO) 2500 RPM;0;6
OTROS;MOTOS;;;2002;GASOLINA;39508;RPM EN ALTAS;0;6
OTROS;MOTOS;;;2003;GASOLINA;1301;ODOMETRO VEHICULO;36547;1494
OTROS;MOTOS;;;2003;GASOLINA;39001;HIDROCARBUROS NO COMBUSTIONADOS (HC) RAL;1001;1133
OTROS;MOTOS;;;2003;GASOLINA;39003;O2 EN BAJAS;2;1136
OTROS;MOTOS;;;2003;GASOLINA;39005;MONOXIDO DE CARBONO (CO) RALENTI;3;1140
OTROS;MOTOS;;;2003;GASOLINA;39008;RPM EN RALENTI;1055;1131
OTROS;MOTOS;;;2003;GASOLINA;39501;HIDROCARBUROS NO COMBUSTIONADOS (HC) 250;0;12
OTROS;MOTOS;;;2003;GASOLINA;39503;O2 EN ALTAS RPM;0;12
OTROS;MOTOS;;;2003;GASOLINA;39505;MONOXIDO DE CARBONO (CO) 2500 RPM;0;12
OTROS;MOTOS;;;2003;GASOLINA;39508;RPM EN ALTAS;0;12
OTROS;MOTOS;;;2004;GASOLINA;1301;ODOMETRO VEHICULO;30707;2913
OTROS;MOTOS;;;2004;GASOLINA;39001;HIDROCARBUROS NO COMBUSTIONADOS (HC) RAL;943;2130
OTROS;MOTOS;;;2004;GASOLINA;39003;O2 EN BAJAS;2;2137
OTROS;MOTOS;;;2004;GASOLINA;39005;MONOXIDO DE CARBONO (CO) RALENTI;3;2142
OTROS;MOTOS;;;2004;GASOLINA;39008;RPM EN RALENTI;1046;2128
OTROS;MOTOS;;;2004;GASOLINA;39501;HIDROCARBUROS NO COMBUSTIONADOS (HC) 250;0;8
OTROS;MOTOS;;;2004;GASOLINA;39503;O2 EN ALTAS RPM;0;8
OTROS;MOTOS;;;2004;GASOLINA;39505;MONOXIDO DE CARBONO (CO) 2500 RPM;0;8
OTROS;MOTOS;;;2004;GASOLINA;39508;RPM EN ALTAS;0;8
OTROS;MOTOS;;;2005;GASOLINA;1301;ODOMETRO VEHICULO;33820;3828
OTROS;MOTOS;;;2005;GASOLINA;39001;HIDROCARBUROS NO COMBUSTIONADOS (HC) RAL;853;2805
OTROS;MOTOS;;;2005;GASOLINA;39003;O2 EN BAJAS;2;2817
OTROS;MOTOS;;;2005;GASOLINA;39005;MONOXIDO DE CARBONO (CO) RALENTI;3;2818
OTROS;MOTOS;;;2005;GASOLINA;39008;RPM EN RALENTI;1043;2801
OTROS;MOTOS;;;2005;GASOLINA;39501;HIDROCARBUROS NO COMBUSTIONADOS (HC) 250;0;14
OTROS;MOTOS;;;2005;GASOLINA;39503;O2 EN ALTAS RPM;0;14
OTROS;MOTOS;;;2005;GASOLINA;39505;MONOXIDO DE CARBONO (CO) 2500 RPM;0;14
OTROS;MOTOS;;;2005;GASOLINA;39508;RPM EN ALTAS;0;14
OTROS;MOTOS;;;2006;GASOLINA;1301;ODOMETRO VEHICULO;31299;4487
OTROS;MOTOS;;;2006;GASOLINA;39001;HIDROCARBUROS NO COMBUSTIONADOS (HC) RAL;863;3289
OTROS;MOTOS;;;2006;GASOLINA;39003;O2 EN BAJAS;2;3292
OTROS;MOTOS;;;2006;GASOLINA;39005;MONOXIDO DE CARBONO (CO) RALENTI;3;3304
OTROS;MOTOS;;;2006;GASOLINA;39008;RPM EN RALENTI;1047;3289
OTROS;MOTOS;;;2006;GASOLINA;39501;HIDROCARBUROS NO COMBUSTIONADOS (HC) 250;11;43
OTROS;MOTOS;;;2006;GASOLINA;39503;O2 EN ALTAS RPM;0;43
OTROS;MOTOS;;;2006;GASOLINA;39505;MONOXIDO DE CARBONO (CO) 2500 RPM;0;43
OTROS;MOTOS;;;2006;GASOLINA;39508;RPM EN ALTAS;30;43
OTROS;MOTOS;;;2007;GASOLINA;1301;ODOMETRO VEHICULO;33052;5817
OTROS;MOTOS;;;2007;GASOLINA;39001;HIDROCARBUROS NO COMBUSTIONADOS (HC) RAL;763;4307
OTROS;MOTOS;;;2007;GASOLINA;39003;O2 EN BAJAS;2;4327
OTROS;MOTOS;;;2007;GASOLINA;39005;MONOXIDO DE CARBONO (CO) RALENTI;3;4343
OTROS;MOTOS;;;2007;GASOLINA;39008;RPM EN RALENTI;1038;4306
OTROS;MOTOS;;;2007;GASOLINA;39501;HIDROCARBUROS NO COMBUSTIONADOS (HC) 250;0;26
OTROS;MOTOS;;;2007;GASOLINA;39503;O2 EN ALTAS RPM;0;26
OTROS;MOTOS;;;2007;GASOLINA;39505;MONOXIDO DE CARBONO (CO) 2500 RPM;0;26
OTROS;MOTOS;;;2007;GASOLINA;39508;RPM EN ALTAS;0;26
OTROS;MOTOS;;;2008;GASOLINA;1301;ODOMETRO VEHICULO;33125;8566
OTROS;MOTOS;;;2008;GASOLINA;39001;HIDROCARBUROS NO COMBUSTIONADOS (HC) RAL;719;6233
OTROS;MOTOS;;;2008;GASOLINA;39003;O2 EN BAJAS;2;6272
OTROS;MOTOS;;;2008;GASOLINA;39005;MONOXIDO DE CARBONO (CO) RALENTI;3;6279
OTROS;MOTOS;;;2008;GASOLINA;39008;RPM EN RALENTI;1028;6232
OTROS;MOTOS;;;2008;GASOLINA;39501;HIDROCARBUROS NO COMBUSTIONADOS (HC) 250;0;27
OTROS;MOTOS;;;2008;GASOLINA;39503;O2 EN ALTAS RPM;0;27
OTROS;MOTOS;;;2008;GASOLINA;39505;MONOXIDO DE CARBONO (CO) 2500 RPM;0;27
OTROS;MOTOS;;;2008;GASOLINA;39508;RPM EN ALTAS;0;27
OTROS;MOTOS;;;2009;GASOLINA;1301;ODOMETRO VEHICULO;34591;12298
OTROS;MOTOS;;;2009;GASOLINA;39001;HIDROCARBUROS NO COMBUSTIONADOS (HC) RAL;605;8995
OTROS;MOTOS;;;2009;GASOLINA;39003;O2 EN BAJAS;2;9042
OTROS;MOTOS;;;2009;GASOLINA;39005;MONOXIDO DE CARBONO (CO) RALENTI;3;9062
OTROS;MOTOS;;;2009;GASOLINA;39008;RPM EN RALENTI;1039;8995
OTROS;MOTOS;;;2009;GASOLINA;39501;HIDROCARBUROS NO COMBUSTIONADOS (HC) 250;0;89
OTROS;MOTOS;;;2009;GASOLINA;39503;O2 EN ALTAS RPM;0;89
OTROS;MOTOS;;;2009;GASOLINA;39505;MONOXIDO DE CARBONO (CO) 2500 RPM;0;89
OTROS;MOTOS;;;2009;GASOLINA;39508;RPM EN ALTAS;0;89
OTROS;MOTOS;;;2010;GASOLINA;1301;ODOMETRO VEHICULO;32296;15046
OTROS;MOTOS;;;2010;GASOLINA;39001;HIDROCARBUROS NO COMBUSTIONADOS (HC) RAL;679;11121
OTROS;MOTOS;;;2010;GASOLINA;39003;O2 EN BAJAS;2;11182
OTROS;MOTOS;;;2010;GASOLINA;39005;MONOXIDO DE CARBONO (CO) RALENTI;3;11221
OTROS;MOTOS;;;2010;GASOLINA;39008;RPM EN RALENTI;1021;11119
OTROS;MOTOS;;;2010;GASOLINA;39501;HIDROCARBUROS NO COMBUSTIONADOS (HC) 250;0;61
OTROS;MOTOS;;;2010;GASOLINA;39503;O2 EN ALTAS RPM;0;61
OTROS;MOTOS;;;2010;GASOLINA;39505;MONOXIDO DE CARBONO (CO) 2500 RPM;0;61
OTROS;MOTOS;;;2010;GASOLINA;39508;RPM EN ALTAS;0;61
OTROS;MOTOS;;;2011;GASOLINA;1301;ODOMETRO VEHICULO;33991;18861
OTROS;MOTOS;;;2011;GASOLINA;39001;HIDROCARBUROS NO COMBUSTIONADOS (HC) RAL;623;13697
OTROS;MOTOS;;;2011;GASOLINA;39003;O2 EN BAJAS;2;13768
OTROS;MOTOS;;;2011;GASOLINA;39005;MONOXIDO DE CARBONO (CO) RALENTI;3;13835
OTROS;MOTOS;;;2011;GASOLINA;39008;RPM EN RALENTI;1015;13699
OTROS;MOTOS;;;2011;GASOLINA;39501;HIDROCARBUROS NO COMBUSTIONADOS (HC) 250;0;106
OTROS;MOTOS;;;2011;GASOLINA;39503;O2 EN ALTAS RPM;0;106
OTROS;MOTOS;;;2011;GASOLINA;39505;MONOXIDO DE CARBONO (CO) 2500 RPM;0;106
OTROS;MOTOS;;;2011;GASOLINA;39508;RPM EN ALTAS;0;106
OTROS;MOTOS;;;2012;GASOLINA;1301;ODOMETRO VEHICULO;34761;33066
OTROS;MOTOS;;;2012;GASOLINA;39001;HIDROCARBUROS NO COMBUSTIONADOS (HC) RAL;620;24348
OTROS;MOTOS;;;2012;GASOLINA;39003;O2 EN BAJAS;2;24443
OTROS;MOTOS;;;2012;GASOLINA;39005;MONOXIDO DE CARBONO (CO) RALENTI;3;24494
OTROS;MOTOS;;;2012;GASOLINA;39008;RPM EN RALENTI;1023;24347
OTROS;MOTOS;;;2012;GASOLINA;39501;HIDROCARBUROS NO COMBUSTIONADOS (HC) 250;0;184
OTROS;MOTOS;;;2012;GASOLINA;39503;O2 EN ALTAS RPM;0;184
OTROS;MOTOS;;;2012;GASOLINA;39505;MONOXIDO DE CARBONO (CO) 2500 RPM;0;184
OTROS;MOTOS;;;2012;GASOLINA;39508;RPM EN ALTAS;0;184
OTROS;MOTOS;;;2013;GASOLINA;1301;ODOMETRO VEHICULO;31988;35608
OTROS;MOTOS;;;2013;GASOLINA;39001;HIDROCARBUROS NO COMBUSTIONADOS (HC) RAL;746;27360
OTROS;MOTOS;;;2013;GASOLINA;39003;O2 EN BAJAS;2;27392
OTROS;MOTOS;;;2013;GASOLINA;39005;MONOXIDO DE CARBONO (CO) RALENTI;3;27421
OTROS;MOTOS;;;2013;GASOLINA;39008;RPM EN RALENTI;1057;27362
OTROS;MOTOS;;;2013;GASOLINA;39501;HIDROCARBUROS NO COMBUSTIONADOS (HC) 250;0;233
OTROS;MOTOS;;;2013;GASOLINA;39503;O2 EN ALTAS RPM;0;233
OTROS;MOTOS;;;2013;GASOLINA;39505;MONOXIDO DE CARBONO (CO) 2500 RPM;0;233
OTROS;MOTOS;;;2013;GASOLINA;39508;RPM EN ALTAS;0;233
OTROS;MOTOS;;;2014;GASOLINA;1301;ODOMETRO VEHICULO;25352;37552
OTROS;MOTOS;;;2014;GASOLINA;39001;HIDROCARBUROS NO COMBUSTIONADOS (HC) RAL;695;29002
OTROS;MOTOS;;;2014;GASOLINA;39003;O2 EN BAJAS;2;29061
OTROS;MOTOS;;;2014;GASOLINA;39005;MONOXIDO DE CARBONO (CO) RALENTI;3;29099
OTROS;MOTOS;;;2014;GASOLINA;39008;RPM EN RALENTI;1073;29003
OTROS;MOTOS;;;2014;GASOLINA;39501;HIDROCARBUROS NO COMBUSTIONADOS (HC) 250;0;243
OTROS;MOTOS;;;2014;GASOLINA;39503;O2 EN ALTAS RPM;0;243
OTROS;MOTOS;;;2014;GASOLINA;39505;MONOXIDO DE CARBONO (CO) 2500 RPM;0;243
OTROS;MOTOS;;;2014;GASOLINA;39508;RPM EN ALTAS;0;243
OTROS;MOTOS;;;2015;GASOLINA;1301;ODOMETRO VEHICULO;20364;41636
OTROS;MOTOS;;;2015;GASOLINA;39001;HIDROCARBUROS NO COMBUSTIONADOS (HC) RAL;685;32708
OTROS;MOTOS;;;2015;GASOLINA;39003;O2 EN BAJAS;2;32748
OTROS;MOTOS;;;2015;GASOLINA;39005;MONOXIDO DE CARBONO (CO) RALENTI;3;32791
OTROS;MOTOS;;;2015;GASOLINA;39008;RPM EN RALENTI;1068;32711
OTROS;MOTOS;;;2015;GASOLINA;39501;HIDROCARBUROS NO COMBUSTIONADOS (HC) 250;0;363
OTROS;MOTOS;;;2015;GASOLINA;39503;O2 EN ALTAS RPM;0;363
OTROS;MOTOS;;;2015;GASOLINA;39505;MONOXIDO DE CARBONO (CO) 2500 RPM;0;363
OTROS;MOTOS;;;2015;GASOLINA;39508;RPM EN ALTAS;0;363
OTROS;MOTOS;;;2016;GASOLINA;1301;ODOMETRO VEHICULO;21266;19210
OTROS;MOTOS;;;2016;GASOLINA;39001;HIDROCARBUROS NO COMBUSTIONADOS (HC) RAL;829;15653
OTROS;MOTOS;;;2016;GASOLINA;39003;O2 EN BAJAS;2;15654
OTROS;MOTOS;;;2016;GASOLINA;39005;MONOXIDO DE CARBONO (CO) RALENTI;4;15656
OTROS;MOTOS;;;2016;GASOLINA;39008;RPM EN RALENTI;1086;15654
OTROS;MOTOS;;;2016;GASOLINA;39501;HIDROCARBUROS NO COMBUSTIONADOS (HC) 250;0;199
OTROS;MOTOS;;;2016;GASOLINA;39503;O2 EN ALTAS RPM;0;199
OTROS;MOTOS;;;2016;GASOLINA;39505;MONOXIDO DE CARBONO (CO) 2500 RPM;0;199
OTROS;MOTOS;;;2016;GASOLINA;39508;RPM EN ALTAS;0;199
OTROS;MOTOS;;;2017;GASOLINA;1301;ODOMETRO VEHICULO;21342;17776
OTROS;MOTOS;;;2017;GASOLINA;39001;HIDROCARBUROS NO COMBUSTIONADOS (HC) RAL;618;14641
OTROS;MOTOS;;;2017;GASOLINA;39003;O2 EN BAJAS;2;14641
OTROS;MOTOS;;;2017;GASOLINA;39005;MONOXIDO DE CARBONO (CO) RALENTI;4;14641
OTROS;MOTOS;;;2017;GASOLINA;39008;RPM EN RALENTI;1104;14641
OTROS;MOTOS;;;2017;GASOLINA;39501;HIDROCARBUROS NO COMBUSTIONADOS (HC) 250;0;267
OTROS;MOTOS;;;2017;GASOLINA;39503;O2 EN ALTAS RPM;0;267
OTROS;MOTOS;;;2017;GASOLINA;39505;MONOXIDO DE CARBONO (CO) 2500 RPM;0;267
OTROS;MOTOS;;;2017;GASOLINA;39508;RPM EN ALTAS;0;267
OTROS;MOTOS;;;2018;GASOLINA;1301;ODOMETRO VEHICULO;19022;30202
OTROS;MOTOS;;;2018;GASOLINA;39001;HIDROCARBUROS NO COMBUSTIONADOS (HC) RAL;574;25019
OTROS;MOTOS;;;2018;GASOLINA;39003;O2 EN BAJAS;2;25019
OTROS;MOTOS;;;2018;GASOLINA;39005;MONOXIDO DE CARBONO (CO) RALENTI;4;25019
OTROS;MOTOS;;;2018;GASOLINA;39008;RPM EN RALENTI;1157;25020
OTROS;MOTOS;;;2018;GASOLINA;39501;HIDROCARBUROS NO COMBUSTIONADOS (HC) 250;0;569
OTROS;MOTOS;;;2018;GASOLINA;39503;O2 EN ALTAS RPM;0;569
OTROS;MOTOS;;;2018;GASOLINA;39505;MONOXIDO DE CARBONO (CO) 2500 RPM;0;569
OTROS;MOTOS;;;2018;GASOLINA;39508;RPM EN ALTAS;0;569
OTROS;MOTOS;;;2019;GASOLINA;1301;ODOMETRO VEHICULO;17293;28768
OTROS;MOTOS;;;2019;GASOLINA;39001;HIDROCARBUROS NO COMBUSTIONADOS (HC) RAL;556;23986
OTROS;MOTOS;;;2019;GASOLINA;39003;O2 EN BAJAS;2;23986
OTROS;MOTOS;;;2019;GASOLINA;39005;MONOXIDO DE CARBONO (CO) RALENTI;4;23986
OTROS;MOTOS;;;2019;GASOLINA;39008;RPM EN RALENTI;1188;23983
OTROS;MOTOS;;;2019;GASOLINA;39501;HIDROCARBUROS NO COMBUSTIONADOS (HC) 250;0;692
OTROS;MOTOS;;;2019;GASOLINA;39503;O2 EN ALTAS RPM;0;692
OTROS;MOTOS;;;2019;GASOLINA;39505;MONOXIDO DE CARBONO (CO) 2500 RPM;0;692
OTROS;MOTOS;;;2019;GASOLINA;39508;RPM EN ALTAS;0;692
OTROS;MOTOS;;;2020;GASOLINA;1301;ODOMETRO VEHICULO;15162;26705
OTROS;MOTOS;;;2020;GASOLINA;39001;HIDROCARBUROS NO COMBUSTIONADOS (HC) RAL;581;21675
OTROS;MOTOS;;;2020;GASOLINA;39003;O2 EN BAJAS;2;21676
OTROS;MOTOS;;;2020;GASOLINA;39005;MONOXIDO DE CARBONO (CO) RALENTI;4;21676
OTROS;MOTOS;;;2020;GASOLINA;39008;RPM EN RALENTI;1180;21674
OTROS;MOTOS;;;2020;GASOLINA;39501;HIDROCARBUROS NO COMBUSTIONADOS (HC) 250;0;451
OTROS;MOTOS;;;2020;GASOLINA;39503;O2 EN ALTAS RPM;0;451
OTROS;MOTOS;;;2020;GASOLINA;39505;MONOXIDO DE CARBONO (CO) 2500 RPM;0;451
OTROS;MOTOS;;;2020;GASOLINA;39508;RPM EN ALTAS;0;451
OTROS;MOTOS;;;2021;GASOLINA;1301;ODOMETRO VEHICULO;10261;19364
OTROS;MOTOS;;;2021;GASOLINA;39001;HIDROCARBUROS NO COMBUSTIONADOS (HC) RAL;579;16104
OTROS;MOTOS;;;2021;GASOLINA;39003;O2 EN BAJAS;1;16104
OTROS;MOTOS;;;2021;GASOLINA;39005;MONOXIDO DE CARBONO (CO) RALENTI;4;16104
OTROS;MOTOS;;;2021;GASOLINA;39008;RPM EN RALENTI;1188;16102
OTROS;MOTOS;;;2021;GASOLINA;39501;HIDROCARBUROS NO COMBUSTIONADOS (HC) 250;0;510
OTROS;MOTOS;;;2021;GASOLINA;39503;O2 EN ALTAS RPM;0;510
OTROS;MOTOS;;;2021;GASOLINA;39505;MONOXIDO DE CARBONO (CO) 2500 RPM;0;510
OTROS;MOTOS;;;2021;GASOLINA;39508;RPM EN ALTAS;0;510
OTROS;MOTOS;;;2022;GASOLINA;1301;ODOMETRO VEHICULO;9383;5439
OTROS;MOTOS;;;2022;GASOLINA;39001;HIDROCARBUROS NO COMBUSTIONADOS (HC) RAL;549;4616
OTROS;MOTOS;;;2022;GASOLINA;39003;O2 EN BAJAS;1;4616
OTROS;MOTOS;;;2022;GASOLINA;39005;MONOXIDO DE CARBONO (CO) RALENTI;4;4616
OTROS;MOTOS;;;2022;GASOLINA;39008;RPM EN RALENTI;1203;4616
OTROS;MOTOS;;;2022;GASOLINA;39501;HIDROCARBUROS NO COMBUSTIONADOS (HC) 250;0;194
OTROS;MOTOS;;;2022;GASOLINA;39503;O2 EN ALTAS RPM;0;194
OTROS;MOTOS;;;2022;GASOLINA;39505;MONOXIDO DE CARBONO (CO) 2500 RPM;0;194
OTROS;MOTOS;;;2022;GASOLINA;39508;RPM EN ALTAS;0;194
OTROS;MOTOS;;;2023;GASOLINA;1301;ODOMETRO VEHICULO;4726;40
OTROS;MOTOS;;;2023;GASOLINA;39001;HIDROCARBUROS NO COMBUSTIONADOS (HC) RAL;471;37
OTROS;MOTOS;;;2023;GASOLINA;39003;O2 EN BAJAS;1;37
OTROS;MOTOS;;;2023;GASOLINA;39005;MONOXIDO DE CARBONO (CO) RALENTI;4;37
OTROS;MOTOS;;;2023;GASOLINA;39008;RPM EN RALENTI;1195;37
OTROS;MOTOS;;;2023;GASOLINA;39501;HIDROCARBUROS NO COMBUSTIONADOS (HC) 250;0;2
OTROS;MOTOS;;;2023;GASOLINA;39503;O2 EN ALTAS RPM;0;2
OTROS;MOTOS;;;2023;GASOLINA;39505;MONOXIDO DE CARBONO (CO) 2500 RPM;0;2
OTROS;MOTOS;;;2023;GASOLINA;39508;RPM EN ALTAS;0;2
OTROS;MOTOS;;;2024;GASOLINA;1301;ODOMETRO VEHICULO;646;2
OTROS;MOTOS;;;2024;GASOLINA;39001;HIDROCARBUROS NO COMBUSTIONADOS (HC) RAL;440;2
OTROS;MOTOS;;;2024;GASOLINA;39003;O2 EN BAJAS;2;2
OTROS;MOTOS;;;2024;GASOLINA;39005;MONOXIDO DE CARBONO (CO) RALENTI;6;2
OTROS;MOTOS;;;2024;GASOLINA;39008;RPM EN RALENTI;1320;2
PESADOS;BUS;;;1958;GASOLINA;1301;ODOMETRO VEHICULO;49431;11
PESADOS;BUS;;;1966;GASOLINA;1301;ODOMETRO VEHICULO;55088;2
PESADOS;BUS;;;1972;GASOLINA;1301;ODOMETRO VEHICULO;0;11
PESADOS;BUS;;;1973;DIESEL;1301;ODOMETRO VEHICULO;180;11
PESADOS;BUS;;;1974;GASOLINA;1301;ODOMETRO VEHICULO;0;2
PESADOS;BUS;;;1975;DIESEL;1301;ODOMETRO VEHICULO;224196;5
PESADOS;BUS;;;1975;GASOLINA;1301;ODOMETRO VEHICULO;23569;4
PESADOS;BUS;;;1976;DIESEL;1301;ODOMETRO VEHICULO;193092;14
PESADOS;BUS;;;1978;DIESEL;1301;ODOMETRO VEHICULO;103977;1
PESADOS;BUS;;;1980;GASOLINA;1301;ODOMETRO VEHICULO;507140;8
PESADOS;BUS;;;1981;GASOLINA;1301;ODOMETRO VEHICULO;12345;20
PESADOS;BUS;;;1986;DIESEL;1301;ODOMETRO VEHICULO;135383;6
PESADOS;BUS;;;1986;DIESEL;38501;OPACIDAD - VEHI. DIE;25;4
PESADOS;BUS;;;1986;GASOLINA;1301;ODOMETRO VEHICULO;64690;2
PESADOS;BUS;;;1989;GASOLINA;1301;ODOMETRO VEHICULO;63460;14
PESADOS;BUS;;;1990;DIESEL;1301;ODOMETRO VEHICULO;1461;11
PESADOS;BUS;;;1991;DIESEL;1301;ODOMETRO VEHICULO;90015;14
PESADOS;BUS;;;1991;DIESEL;38501;OPACIDAD - VEHI. DIE;24;1
PESADOS;BUS;;;1992;DIESEL;1301;ODOMETRO VEHICULO;109159;13
PESADOS;BUS;;;1992;GASOLINA;1301;ODOMETRO VEHICULO;823891;3
PESADOS;BUS;;;1993;DIESEL;1301;ODOMETRO VEHICULO;400135;10
PESADOS;BUS;;;1993;DIESEL;38501;OPACIDAD - VEHI. DIE;38;7
PESADOS;BUS;;;1994;DIESEL;1301;ODOMETRO VEHICULO;322833;1
PESADOS;BUS;;;1995;DIESEL;1301;ODOMETRO VEHICULO;318540;272
PESADOS;BUS;;;1995;DIESEL;38501;OPACIDAD - VEHI. DIE;21;145
PESADOS;BUS;;;1995;GASOLINA;1301;ODOMETRO VEHICULO;777166;1
PESADOS;BUS;;;1996;DIESEL;1301;ODOMETRO VEHICULO;302874;87
PESADOS;BUS;;;1996;DIESEL;38501;OPACIDAD - VEHI. DIE;28;39
PESADOS;BUS;;;1996;GASOLINA;1301;ODOMETRO VEHICULO;427392;3
PESADOS;BUS;;;1997;DIESEL;1301;ODOMETRO VEHICULO;194731;149
PESADOS;BUS;;;1997;DIESEL;38501;OPACIDAD - VEHI. DIE;39;73
PESADOS;BUS;;;1997;GASOLINA;1301;ODOMETRO VEHICULO;388184;3
PESADOS;BUS;;;1998;DIESEL;1301;ODOMETRO VEHICULO;257137;474
PESADOS;BUS;;;1998;DIESEL;38501;OPACIDAD - VEHI. DIE;31;213
PESADOS;BUS;;;1998;GASOLINA;1301;ODOMETRO VEHICULO;19328;1
PESADOS;BUS;;;1999;DIESEL;1301;ODOMETRO VEHICULO;395700;420
PESADOS;BUS;;;1999;DIESEL;38501;OPACIDAD - VEHI. DIE;30;235
PESADOS;BUS;;;2000;DIESEL;1301;ODOMETRO VEHICULO;448713;87
PESADOS;BUS;;;2000;DIESEL;38501;OPACIDAD - VEHI. DIE;31;53
PESADOS;BUS;;;2000;GASOLINA;1301;ODOMETRO VEHICULO;332514;1
PESADOS;BUS;;;2001;DIESEL;1301;ODOMETRO VEHICULO;356494;1142
PESADOS;BUS;;;2001;DIESEL;38501;OPACIDAD - VEHI. DIE;29;627
PESADOS;BUS;;;2001;GASOLINA;1301;ODOMETRO VEHICULO;546006;3
PESADOS;BUS;;;2002;DIESEL;1301;ODOMETRO VEHICULO;321524;2065
PESADOS;BUS;;;2002;DIESEL;38501;OPACIDAD - VEHI. DIE;29;1102
PESADOS;BUS;;;2002;GASOLINA;1301;ODOMETRO VEHICULO;357554;7
PESADOS;BUS;;;2003;DIESEL;1301;ODOMETRO VEHICULO;307800;1634
PESADOS;BUS;;;2003;DIESEL;38501;OPACIDAD - VEHI. DIE;33;960
PESADOS;BUS;;;2004;DIESEL;1301;ODOMETRO VEHICULO;285754;2759
PESADOS;BUS;;;2004;DIESEL;38501;OPACIDAD - VEHI. DIE;32;1513
PESADOS;BUS;;;2005;DIESEL;1301;ODOMETRO VEHICULO;364345;2260
PESADOS;BUS;;;2005;DIESEL;38501;OPACIDAD - VEHI. DIE;28;1223
PESADOS;BUS;;;2005;GASOLINA;1301;ODOMETRO VEHICULO;178981;1
PESADOS;BUS;;;2006;DIESEL;1301;ODOMETRO VEHICULO;396354;1788
PESADOS;BUS;;;2006;DIESEL;38501;OPACIDAD - VEHI. DIE;30;985
PESADOS;BUS;;;2006;GASOLINA;1301;ODOMETRO VEHICULO;315998;1
PESADOS;BUS;;;2007;DIESEL;1301;ODOMETRO VEHICULO;500569;1283
PESADOS;BUS;;;2007;DIESEL;38501;OPACIDAD - VEHI. DIE;25;702
PESADOS;BUS;;;2007;GASOLINA;1301;ODOMETRO VEHICULO;42146;1
PESADOS;BUS;;;2008;DIESEL;1301;ODOMETRO VEHICULO;443538;1517
PESADOS;BUS;;;2008;DIESEL;38501;OPACIDAD - VEHI. DIE;26;851
PESADOS;BUS;;;2008;GASOLINA;1301;ODOMETRO VEHICULO;305737;6
PESADOS;BUS;;;2009;DIESEL;1301;ODOMETRO VEHICULO;410949;1619
PESADOS;BUS;;;2009;DIESEL;38501;OPACIDAD - VEHI. DIE;29;988
PESADOS;BUS;;;2010;DIESEL;1301;ODOMETRO VEHICULO;456690;755
PESADOS;BUS;;;2010;DIESEL;38501;OPACIDAD - VEHI. DIE;28;464
PESADOS;BUS;;;2010;GASOLINA;1301;ODOMETRO VEHICULO;174896;22
PESADOS;BUS;;;2011;DIESEL;1301;ODOMETRO VEHICULO;414677;1338
PESADOS;BUS;;;2011;DIESEL;38501;OPACIDAD - VEHI. DIE;32;871
PESADOS;BUS;;;2011;GASOLINA;1301;ODOMETRO VEHICULO;106112;2
PESADOS;BUS;;;2012;DIESEL;1301;ODOMETRO VEHICULO;366779;997
PESADOS;BUS;;;2012;DIESEL;38501;OPACIDAD - VEHI. DIE;32;660
PESADOS;BUS;;;2012;GASOLINA;1301;ODOMETRO VEHICULO;61205;6
PESADOS;BUS;;;2013;DIESEL;1301;ODOMETRO VEHICULO;332562;1275
PESADOS;BUS;;;2013;DIESEL;38501;OPACIDAD - VEHI. DIE;33;858
PESADOS;BUS;;;2014;DIESEL;1301;ODOMETRO VEHICULO;223173;1321
PESADOS;BUS;;;2014;DIESEL;38501;OPACIDAD - VEHI. DIE;30;910
PESADOS;BUS;;;2015;DIESEL;1301;ODOMETRO VEHICULO;232553;996
PESADOS;BUS;;;2015;DIESEL;38501;OPACIDAD - VEHI. DIE;31;689
PESADOS;BUS;;;2015;GASOLINA;1301;ODOMETRO VEHICULO;134051;9
PESADOS;BUS;;;2016;DIESEL;1301;ODOMETRO VEHICULO;158356;442
PESADOS;BUS;;;2016;DIESEL;38501;OPACIDAD - VEHI. DIE;29;312
PESADOS;BUS;;;2017;DIESEL;1301;ODOMETRO VEHICULO;178893;348
PESADOS;BUS;;;2017;DIESEL;38501;OPACIDAD - VEHI. DIE;28;243
PESADOS;BUS;;;2018;DIESEL;1301;ODOMETRO VEHICULO;104178;271
PESADOS;BUS;;;2018;DIESEL;38501;OPACIDAD - VEHI. DIE;21;194
PESADOS;BUS;;;2019;DIESEL;1301;ODOMETRO VEHICULO;85647;208
PESADOS;BUS;;;2019;DIESEL;38501;OPACIDAD - VEHI. DIE;19;159
PESADOS;BUS;;;2020;DIESEL;1301;ODOMETRO VEHICULO;38300;47
PESADOS;BUS;;;2020;DIESEL;38501;OPACIDAD - VEHI. DIE;17;32
PESADOS;BUS;;;2022;DIESEL;1301;ODOMETRO VEHICULO;44450;9
PESADOS;BUS;;;2022;DIESEL;38501;OPACIDAD - VEHI. DIE;6;5
PESADOS;BUS;;;2024;DIESEL;1301;ODOMETRO VEHICULO;9380;3
PESADOS;BUS;;;2024;DIESEL;38501;OPACIDAD - VEHI. DIE;15;2
PESADOS;BUS;CHIVAS;;1942;GASOLINA;1301;ODOMETRO VEHICULO;16462;16
PESADOS;BUS;CHIVAS;;1985;DIESEL;1301;ODOMETRO VEHICULO;708839;15
PESADOS;BUS;CHIVAS;;1985;DIESEL;38501;OPACIDAD - VEHI. DIE;15;3
PESADOS;BUS;CHIVAS;;1987;DIESEL;1301;ODOMETRO VEHICULO;603914;6
PESADOS;BUS;CHIVAS;;1987;DIESEL;38501;OPACIDAD - VEHI. DIE;28;1
PESADOS;BUS;CHIVAS;;1990;DIESEL;1301;ODOMETRO VEHICULO;683329;4
PESADOS;BUS;CHIVAS;;1990;DIESEL;38501;OPACIDAD - VEHI. DIE;23;2
PESADOS;BUS;CHIVAS;;1991;DIESEL;1301;ODOMETRO VEHICULO;7232;7
PESADOS;BUS;CHIVAS;;1994;GASOLINA;1301;ODOMETRO VEHICULO;278181;8
PESADOS;BUS;CHIVAS;;1996;DIESEL;1301;ODOMETRO VEHICULO;551565;22
PESADOS;BUS;CHIVAS;;1997;GASOLINA;1301;ODOMETRO VEHICULO;369936;8
PESADOS;BUS;CHIVAS;;1998;DIESEL;1301;ODOMETRO VEHICULO;393864;7
PESADOS;BUS;CHIVAS;;1999;DIESEL;1301;ODOMETRO VEHICULO;445784;12
PESADOS;BUS;CHIVAS;;2001;GASOLINA;1301;ODOMETRO VEHICULO;338517;3
PESADOS;BUS;CHIVAS;;2002;GASOLINA;1301;ODOMETRO VEHICULO;596063;5
PESADOS;BUS;CHIVAS;;2003;DIESEL;1301;ODOMETRO VEHICULO;601851;12
PESADOS;BUS;CHIVAS;;2003;DIESEL;38501;OPACIDAD - VEHI. DIE;39;3
PESADOS;BUS;CHIVAS;;2004;DIESEL;1301;ODOMETRO VEHICULO;250082;28
PESADOS;BUS;CHIVAS;;2004;DIESEL;38501;OPACIDAD - VEHI. DIE;15;1
PESADOS;BUS;CHIVAS;;2004;GASOLINA;1301;ODOMETRO VEHICULO;341374;2
PESADOS;BUS;CHIVAS;;2005;DIESEL;1301;ODOMETRO VEHICULO;217136;3
PESADOS;BUS;CHIVAS;;2005;GASOLINA;1301;ODOMETRO VEHICULO;268924;16
PESADOS;BUS;CHIVAS;;2006;DIESEL;1301;ODOMETRO VEHICULO;448983;34
PESADOS;BUS;CHIVAS;;2006;DIESEL;38501;OPACIDAD - VEHI. DIE;29;8
PESADOS;BUS;CHIVAS;;2006;GASOLINA;1301;ODOMETRO VEHICULO;213478;20
PESADOS;BUS;CHIVAS;;2007;DIESEL;1301;ODOMETRO VEHICULO;353641;24
PESADOS;BUS;CHIVAS;;2007;DIESEL;38501;OPACIDAD - VEHI. DIE;40;1
PESADOS;BUS;CHIVAS;;2007;GASOLINA;1301;ODOMETRO VEHICULO;258390;16
PESADOS;BUS;CHIVAS;;2008;DIESEL;1301;ODOMETRO VEHICULO;265359;23
PESADOS;BUS;CHIVAS;;2008;DIESEL;38501;OPACIDAD - VEHI. DIE;13;2
PESADOS;BUS;CHIVAS;;2008;GASOLINA;1301;ODOMETRO VEHICULO;330108;22
PESADOS;BUS;CHIVAS;;2009;DIESEL;1301;ODOMETRO VEHICULO;516642;13
PESADOS;BUS;CHIVAS;;2009;DIESEL;38501;OPACIDAD - VEHI. DIE;27;5
PESADOS;BUS;CHIVAS;;2009;GASOLINA;1301;ODOMETRO VEHICULO;549552;2
PESADOS;BUS;CHIVAS;;2010;DIESEL;1301;ODOMETRO VEHICULO;214414;75
PESADOS;BUS;CHIVAS;;2010;DIESEL;38501;OPACIDAD - VEHI. DIE;38;10
PESADOS;BUS;CHIVAS;;2010;GASOLINA;1301;ODOMETRO VEHICULO;220762;19
PESADOS;BUS;CHIVAS;;2011;DIESEL;1301;ODOMETRO VEHICULO;417670;74
PESADOS;BUS;CHIVAS;;2011;DIESEL;38501;OPACIDAD - VEHI. DIE;48;33
PESADOS;BUS;CHIVAS;;2012;DIESEL;1301;ODOMETRO VEHICULO;665711;1
PESADOS;BUS;CHIVAS;;2012;GASOLINA;1301;ODOMETRO VEHICULO;108199;13
PESADOS;BUS;CHIVAS;;2013;DIESEL;1301;ODOMETRO VEHICULO;122458;47
PESADOS;BUS;CHIVAS;;2013;GASOLINA;1301;ODOMETRO VEHICULO;93949;4
PESADOS;BUS;CHIVAS;;2014;DIESEL;1301;ODOMETRO VEHICULO;180440;61
PESADOS;BUS;CHIVAS;;2014;DIESEL;38501;OPACIDAD - VEHI. DIE;28;9
PESADOS;BUS;CHIVAS;;2014;GASOLINA;1301;ODOMETRO VEHICULO;74869;2
PESADOS;BUS;CHIVAS;;2015;DIESEL;1301;ODOMETRO VEHICULO;119724;41
PESADOS;BUS;CHIVAS;;2015;DIESEL;38501;OPACIDAD - VEHI. DIE;23;16
PESADOS;BUS;CHIVAS;;2015;GASOLINA;1301;ODOMETRO VEHICULO;117881;24
PESADOS;BUS;CHIVAS;;2016;DIESEL;1301;ODOMETRO VEHICULO;106848;35
PESADOS;BUS;CHIVAS;;2016;DIESEL;38501;OPACIDAD - VEHI. DIE;23;5
PESADOS;BUS;CHIVAS;;2016;GASOLINA;1301;ODOMETRO VEHICULO;44362;5
PESADOS;BUS;CHIVAS;;2017;DIESEL;1301;ODOMETRO VEHICULO;79021;10
PESADOS;BUS;CHIVAS;;2018;DIESEL;1301;ODOMETRO VEHICULO;162333;37
PESADOS;BUS;CHIVAS;;2018;DIESEL;38501;OPACIDAD - VEHI. DIE;32;16
PESADOS;BUS;CHIVAS;;2018;GASOLINA;1301;ODOMETRO VEHICULO;60125;11
PESADOS;BUS;CHIVAS;;2019;DIESEL;1301;ODOMETRO VEHICULO;82927;6
PESADOS;BUS;CHIVAS;;2019;DIESEL;38501;OPACIDAD - VEHI. DIE;11;2
PESADOS;BUS;CHIVAS;;2019;GASOLINA;1301;ODOMETRO VEHICULO;27654;12
PESADOS;BUS;CHIVAS;;2020;DIESEL;1301;ODOMETRO VEHICULO;69549;7
PESADOS;BUS;CHIVAS;;2020;DIESEL;38501;OPACIDAD - VEHI. DIE;26;5
PESADOS;BUS;CHIVAS;;2020;GASOLINA;1301;ODOMETRO VEHICULO;37191;4
PESADOS;BUS;CHIVAS;;2021;DIESEL;1301;ODOMETRO VEHICULO;22426;11
PESADOS;BUS;CHIVAS;;2021;DIESEL;38501;OPACIDAD - VEHI. DIE;7;3
PESADOS;BUS;CHIVAS;;2022;DIESEL;1301;ODOMETRO VEHICULO;47193;4
PESADOS;BUS;CHIVAS;;2023;DIESEL;1301;ODOMETRO VEHICULO;7719;13
PESADOS;BUS;CHIVAS;;2023;DIESEL;38501;OPACIDAD - VEHI. DIE;3;1
PESADOS;BUS;CHIVAS;;2024;DIESEL;1301;ODOMETRO VEHICULO;6908;1
PESADOS;BUS;CHIVAS;;2025;DIESEL;1301;ODOMETRO VEHICULO;19387;2
PESADOS;BUS;ESCOLAR;;2001;DIESEL;1301;ODOMETRO VEHICULO;287776;153
PESADOS;BUS;ESCOLAR;;2001;DIESEL;38501;OPACIDAD - VEHI. DIE;35;90
PESADOS;BUS;ESCOLAR;;2002;DIESEL;1301;ODOMETRO VEHICULO;524273;335
PESADOS;BUS;ESCOLAR;;2002;DIESEL;38501;OPACIDAD - VEHI. DIE;25;201
PESADOS;BUS;ESCOLAR;;2003;DIESEL;1301;ODOMETRO VEHICULO;383249;87
PESADOS;BUS;ESCOLAR;;2003;DIESEL;38501;OPACIDAD - VEHI. DIE;28;48
PESADOS;BUS;ESCOLAR;;2004;DIESEL;1301;ODOMETRO VEHICULO;417762;192
PESADOS;BUS;ESCOLAR;;2004;DIESEL;38501;OPACIDAD - VEHI. DIE;28;111
PESADOS;BUS;ESCOLAR;;2005;DIESEL;1301;ODOMETRO VEHICULO;441913;233
PESADOS;BUS;ESCOLAR;;2005;DIESEL;38501;OPACIDAD - VEHI. DIE;27;134
PESADOS;BUS;ESCOLAR;;2005;GASOLINA;1301;ODOMETRO VEHICULO;558425;1
PESADOS;BUS;ESCOLAR;;2006;DIESEL;1301;ODOMETRO VEHICULO;475058;231
PESADOS;BUS;ESCOLAR;;2006;DIESEL;38501;OPACIDAD - VEHI. DIE;29;135
PESADOS;BUS;ESCOLAR;;2007;DIESEL;1301;ODOMETRO VEHICULO;484304;127
PESADOS;BUS;ESCOLAR;;2007;DIESEL;38501;OPACIDAD - VEHI. DIE;23;74
PESADOS;BUS;ESCOLAR;;2008;DIESEL;1301;ODOMETRO VEHICULO;510146;387
PESADOS;BUS;ESCOLAR;;2008;DIESEL;38501;OPACIDAD - VEHI. DIE;28;223
PESADOS;BUS;ESCOLAR;;2009;DIESEL;1301;ODOMETRO VEHICULO;391673;193
PESADOS;BUS;ESCOLAR;;2009;DIESEL;38501;OPACIDAD - VEHI. DIE;26;117
PESADOS;BUS;ESCOLAR;;2010;DIESEL;1301;ODOMETRO VEHICULO;414745;140
PESADOS;BUS;ESCOLAR;;2010;DIESEL;38501;OPACIDAD - VEHI. DIE;22;76
PESADOS;BUS;ESCOLAR;;2011;DIESEL;1301;ODOMETRO VEHICULO;243150;17
PESADOS;BUS;ESCOLAR;;2011;DIESEL;38501;OPACIDAD - VEHI. DIE;24;10
PESADOS;BUS;ESCOLAR;;1999;DIESEL;1301;ODOMETRO VEHICULO;627947;2
PESADOS;BUS;ESCOLAR;;1999;DIESEL;38501;OPACIDAD - VEHI. DIE;65;1
PESADOS;BUS;ESCOLAR;;2002;DIESEL;1301;ODOMETRO VEHICULO;348584;20
PESADOS;BUS;ESCOLAR;;2002;DIESEL;38501;OPACIDAD - VEHI. DIE;52;15
PESADOS;BUS;ESCOLAR;;2004;DIESEL;1301;ODOMETRO VEHICULO;361691;112
PESADOS;BUS;ESCOLAR;;2004;DIESEL;38501;OPACIDAD - VEHI. DIE;30;64
PESADOS;BUS;ESCOLAR;;2005;DIESEL;1301;ODOMETRO VEHICULO;383807;58
PESADOS;BUS;ESCOLAR;;2005;DIESEL;38501;OPACIDAD - VEHI. DIE;38;35
PESADOS;BUS;ESCOLAR;;2006;DIESEL;1301;ODOMETRO VEHICULO;403789;180
PESADOS;BUS;ESCOLAR;;2006;DIESEL;38501;OPACIDAD - VEHI. DIE;28;98
PESADOS;BUS;ESCOLAR;;2007;DIESEL;1301;ODOMETRO VEHICULO;523715;93
PESADOS;BUS;ESCOLAR;;2007;DIESEL;38501;OPACIDAD - VEHI. DIE;29;50
PESADOS;BUS;ESCOLAR;;2008;DIESEL;1301;ODOMETRO VEHICULO;685020;107
PESADOS;BUS;ESCOLAR;;2008;DIESEL;38501;OPACIDAD - VEHI. DIE;28;62
PESADOS;BUS;ESCOLAR;;2009;DIESEL;1301;ODOMETRO VEHICULO;851508;33
PESADOS;BUS;ESCOLAR;;2009;DIESEL;38501;OPACIDAD - VEHI. DIE;33;20
PESADOS;BUS;ESCOLAR;;2010;DIESEL;1301;ODOMETRO VEHICULO;583238;37
PESADOS;BUS;ESCOLAR;;2010;DIESEL;38501;OPACIDAD - VEHI. DIE;29;21
PESADOS;BUS;ESCOLAR;;2011;DIESEL;1301;ODOMETRO VEHICULO;654085;143
PESADOS;BUS;ESCOLAR;;2011;DIESEL;38501;OPACIDAD - VEHI. DIE;23;80
PESADOS;BUS;ESCOLAR;;2012;DIESEL;1301;ODOMETRO VEHICULO;260454;112
PESADOS;BUS;ESCOLAR;;2012;DIESEL;38501;OPACIDAD - VEHI. DIE;33;77
PESADOS;BUS;ESCOLAR;;2013;DIESEL;1301;ODOMETRO VEHICULO;316937;29
PESADOS;BUS;ESCOLAR;;2013;DIESEL;38501;OPACIDAD - VEHI. DIE;19;17
PESADOS;BUS;ESCOLAR;;2014;DIESEL;1301;ODOMETRO VEHICULO;230694;46
PESADOS;BUS;ESCOLAR;;2014;DIESEL;38501;OPACIDAD - VEHI. DIE;34;31
PESADOS;BUS;ESCOLAR;;2015;DIESEL;1301;ODOMETRO VEHICULO;237087;10
PESADOS;BUS;ESCOLAR;;2015;DIESEL;38501;OPACIDAD - VEHI. DIE;44;9
PESADOS;BUS;ESCOLAR;;2016;DIESEL;1301;ODOMETRO VEHICULO;172923;108
PESADOS;BUS;ESCOLAR;;2016;DIESEL;38501;OPACIDAD - VEHI. DIE;29;70
PESADOS;BUS;ESCOLAR;;2017;DIESEL;1301;ODOMETRO VEHICULO;159701;31
PESADOS;BUS;ESCOLAR;;2017;DIESEL;38501;OPACIDAD - VEHI. DIE;15;20
PESADOS;BUS;ESCOLAR;;2018;DIESEL;1301;ODOMETRO VEHICULO;80719;19
PESADOS;BUS;ESCOLAR;;2018;DIESEL;38501;OPACIDAD - VEHI. DIE;27;15
PESADOS;BUS;ESCOLAR;;2019;DIESEL;1301;ODOMETRO VEHICULO;100617;35
PESADOS;BUS;ESCOLAR;;2019;DIESEL;38501;OPACIDAD - VEHI. DIE;20;22
PESADOS;BUS;ESCOLAR;;2022;DIESEL;1301;ODOMETRO VEHICULO;93159;2
PESADOS;BUS;ESCOLAR;;2022;DIESEL;38501;OPACIDAD - VEHI. DIE;23;2
PESADOS;BUS;ESCOLAR;;2024;DIESEL;1301;ODOMETRO VEHICULO;7935;6
PESADOS;BUS;ESCOLAR;;2024;DIESEL;38501;OPACIDAD - VEHI. DIE;2;4
PESADOS;BUS;INTERCANTONAL (NE);;1998;DIESEL;1301;ODOMETRO VEHICULO;223569;26
PESADOS;BUS;INTERCANTONAL (NE);;1998;DIESEL;38501;OPACIDAD - VEHI. DIE;39;12
PESADOS;BUS;INTERCANTONAL (NE);;1999;DIESEL;1301;ODOMETRO VEHICULO;248782;17
PESADOS;BUS;INTERCANTONAL (NE);;1999;DIESEL;38501;OPACIDAD - VEHI. DIE;15;5
PESADOS;BUS;INTERCANTONAL (NE);;2001;DIESEL;1301;ODOMETRO VEHICULO;350347;105
PESADOS;BUS;INTERCANTONAL (NE);;2001;DIESEL;38501;OPACIDAD - VEHI. DIE;21;51
PESADOS;BUS;INTERCANTONAL (NE);;2002;DIESEL;1301;ODOMETRO VEHICULO;399215;232
PESADOS;BUS;INTERCANTONAL (NE);;2002;DIESEL;38501;OPACIDAD - VEHI. DIE;21;115
PESADOS;BUS;INTERCANTONAL (NE);;2003;DIESEL;1301;ODOMETRO VEHICULO;454920;67
PESADOS;BUS;INTERCANTONAL (NE);;2003;DIESEL;38501;OPACIDAD - VEHI. DIE;14;30
PESADOS;BUS;INTERCANTONAL (NE);;2004;DIESEL;1301;ODOMETRO VEHICULO;388389;104
PESADOS;BUS;INTERCANTONAL (NE);;2004;DIESEL;38501;OPACIDAD - VEHI. DIE;13;51
PESADOS;BUS;INTERCANTONAL (NE);;2005;DIESEL;1301;ODOMETRO VEHICULO;517367;121
PESADOS;BUS;INTERCANTONAL (NE);;2005;DIESEL;38501;OPACIDAD - VEHI. DIE;18;60
PESADOS;BUS;INTERCANTONAL (NE);;2006;DIESEL;1301;ODOMETRO VEHICULO;458684;215
PESADOS;BUS;INTERCANTONAL (NE);;2006;DIESEL;38501;OPACIDAD - VEHI. DIE;26;120
PESADOS;BUS;INTERCANTONAL (NE);;2007;DIESEL;1301;ODOMETRO VEHICULO;455353;215
PESADOS;BUS;INTERCANTONAL (NE);;2007;DIESEL;38501;OPACIDAD - VEHI. DIE;16;111
PESADOS;BUS;INTERCANTONAL (NE);;2008;DIESEL;1301;ODOMETRO VEHICULO;527864;327
PESADOS;BUS;INTERCANTONAL (NE);;2008;DIESEL;38501;OPACIDAD - VEHI. DIE;21;184
PESADOS;BUS;INTERCANTONAL (NE);;2009;DIESEL;1301;ODOMETRO VEHICULO;531548;318
PESADOS;BUS;INTERCANTONAL (NE);;2009;DIESEL;38501;OPACIDAD - VEHI. DIE;21;179
PESADOS;BUS;INTERCANTONAL (NE);;2010;DIESEL;1301;ODOMETRO VEHICULO;584381;358
PESADOS;BUS;INTERCANTONAL (NE);;2010;DIESEL;38501;OPACIDAD - VEHI. DIE;19;198
PESADOS;BUS;INTERCANTONAL (NE);;2011;DIESEL;1301;ODOMETRO VEHICULO;533450;499
PESADOS;BUS;INTERCANTONAL (NE);;2011;DIESEL;38501;OPACIDAD - VEHI. DIE;26;298
PESADOS;BUS;INTERCANTONAL (NE);;2012;DIESEL;1301;ODOMETRO VEHICULO;539820;324
PESADOS;BUS;INTERCANTONAL (NE);;2012;DIESEL;38501;OPACIDAD - VEHI. DIE;32;203
PESADOS;BUS;INTERCANTONAL (NE);;2013;DIESEL;1301;ODOMETRO VEHICULO;458830;165
PESADOS;BUS;INTERCANTONAL (NE);;2013;DIESEL;38501;OPACIDAD - VEHI. DIE;31;107
PESADOS;BUS;INTERCANTONAL (NE);;2014;DIESEL;1301;ODOMETRO VEHICULO;475154;175
PESADOS;BUS;INTERCANTONAL (NE);;2014;DIESEL;38501;OPACIDAD - VEHI. DIE;32;118
PESADOS;BUS;INTERCANTONAL (NE);;2015;DIESEL;1301;ODOMETRO VEHICULO;271918;139
PESADOS;BUS;INTERCANTONAL (NE);;2015;DIESEL;38501;OPACIDAD - VEHI. DIE;24;88
PESADOS;BUS;INTERCANTONAL (NE);;2016;DIESEL;1301;ODOMETRO VEHICULO;339851;296
PESADOS;BUS;INTERCANTONAL (NE);;2016;DIESEL;38501;OPACIDAD - VEHI. DIE;31;207
PESADOS;BUS;INTERCANTONAL (NE);;2017;DIESEL;1301;ODOMETRO VEHICULO;206928;50
PESADOS;BUS;INTERCANTONAL (NE);;2017;DIESEL;38501;OPACIDAD - VEHI. DIE;32;36
PESADOS;BUS;INTERCANTONAL (NE);;2018;DIESEL;1301;ODOMETRO VEHICULO;169540;189
PESADOS;BUS;INTERCANTONAL (NE);;2018;DIESEL;38501;OPACIDAD - VEHI. DIE;19;137
PESADOS;BUS;INTERCANTONAL (NE);;2019;DIESEL;1301;ODOMETRO VEHICULO;111291;75
PESADOS;BUS;INTERCANTONAL (NE);;2019;DIESEL;38501;OPACIDAD - VEHI. DIE;20;59
PESADOS;BUS;INTERCANTONAL (NE);;2020;DIESEL;1301;ODOMETRO VEHICULO;74765;18
PESADOS;BUS;INTERCANTONAL (NE);;2020;DIESEL;38501;OPACIDAD - VEHI. DIE;18;14
PESADOS;BUS;INTERPARROQUIAL;;2001;DIESEL;1301;ODOMETRO VEHICULO;347874;35
PESADOS;BUS;INTERPARROQUIAL;;2001;DIESEL;38501;OPACIDAD - VEHI. DIE;12;16
PESADOS;BUS;INTERPARROQUIAL;;2002;DIESEL;1301;ODOMETRO VEHICULO;408407;12
PESADOS;BUS;INTERPARROQUIAL;;2002;DIESEL;38501;OPACIDAD - VEHI. DIE;32;5
PESADOS;BUS;INTERPARROQUIAL;;2002;DIESEL;1301;ODOMETRO VEHICULO;51586;25
PESADOS;BUS;INTERPARROQUIAL;;2002;DIESEL;38501;OPACIDAD - VEHI. DIE;20;12
PESADOS;BUS;INTERPARROQUIAL;;2014;DIESEL;1301;ODOMETRO VEHICULO;789919;22
PESADOS;BUS;INTERPARROQUIAL;;2014;DIESEL;38501;OPACIDAD - VEHI. DIE;33;15
PESADOS;BUS;INTERPARROQUIAL;;2006;DIESEL;1301;ODOMETRO VEHICULO;260198;34
PESADOS;BUS;INTERPARROQUIAL;;2006;DIESEL;38501;OPACIDAD - VEHI. DIE;35;22
PESADOS;BUS;INTERPARROQUIAL;;2007;DIESEL;1301;ODOMETRO VEHICULO;446366;169
PESADOS;BUS;INTERPARROQUIAL;;2007;DIESEL;38501;OPACIDAD - VEHI. DIE;23;92
PESADOS;BUS;INTERPARROQUIAL;;2008;DIESEL;1301;ODOMETRO VEHICULO;670728;147
PESADOS;BUS;INTERPARROQUIAL;;2008;DIESEL;38501;OPACIDAD - VEHI. DIE;23;83
PESADOS;BUS;INTERPARROQUIAL;;2009;DIESEL;1301;ODOMETRO VEHICULO;588047;312
PESADOS;BUS;INTERPARROQUIAL;;2009;DIESEL;38501;OPACIDAD - VEHI. DIE;23;173
PESADOS;BUS;INTERPARROQUIAL;;2010;DIESEL;1301;ODOMETRO VEHICULO;350460;166
PESADOS;BUS;INTERPARROQUIAL;;2010;DIESEL;38501;OPACIDAD - VEHI. DIE;26;102
PESADOS;BUS;INTERPARROQUIAL;;2011;DIESEL;1301;ODOMETRO VEHICULO;526630;613
PESADOS;BUS;INTERPARROQUIAL;;2011;DIESEL;38501;OPACIDAD - VEHI. DIE;31;397
PESADOS;BUS;INTERPARROQUIAL;;2012;DIESEL;1301;ODOMETRO VEHICULO;567374;304
PESADOS;BUS;INTERPARROQUIAL;;2012;DIESEL;38501;OPACIDAD - VEHI. DIE;36;195
PESADOS;BUS;INTERPARROQUIAL;;2013;DIESEL;1301;ODOMETRO VEHICULO;482205;197
PESADOS;BUS;INTERPARROQUIAL;;2013;DIESEL;38501;OPACIDAD - VEHI. DIE;31;121
PESADOS;BUS;INTERPARROQUIAL;;2014;DIESEL;1301;ODOMETRO VEHICULO;463452;478
PESADOS;BUS;INTERPARROQUIAL;;2014;DIESEL;38501;OPACIDAD - VEHI. DIE;30;319
PESADOS;BUS;INTERPARROQUIAL;;2015;DIESEL;1301;ODOMETRO VEHICULO;402535;417
PESADOS;BUS;INTERPARROQUIAL;;2015;DIESEL;38501;OPACIDAD - VEHI. DIE;28;270
PESADOS;BUS;INTERPARROQUIAL;;2016;DIESEL;1301;ODOMETRO VEHICULO;337614;398
PESADOS;BUS;INTERPARROQUIAL;;2016;DIESEL;38501;OPACIDAD - VEHI. DIE;28;264
PESADOS;BUS;INTERPARROQUIAL;;2017;DIESEL;1301;ODOMETRO VEHICULO;308537;639
PESADOS;BUS;INTERPARROQUIAL;;2017;DIESEL;38501;OPACIDAD - VEHI. DIE;29;418
PESADOS;BUS;INTERPARROQUIAL;;2018;DIESEL;1301;ODOMETRO VEHICULO;212182;186
PESADOS;BUS;INTERPARROQUIAL;;2018;DIESEL;38501;OPACIDAD - VEHI. DIE;25;130
PESADOS;BUS;INTERPARROQUIAL;;2019;DIESEL;1301;ODOMETRO VEHICULO;168299;107
PESADOS;BUS;INTERPARROQUIAL;;2019;DIESEL;38501;OPACIDAD - VEHI. DIE;19;75
PESADOS;BUS;INTERPARROQUIAL;;2020;DIESEL;1301;ODOMETRO VEHICULO;160716;147
PESADOS;BUS;INTERPARROQUIAL;;2020;DIESEL;38501;OPACIDAD - VEHI. DIE;16;99
PESADOS;BUS;INTERPARROQUIAL;;2021;DIESEL;1301;ODOMETRO VEHICULO;121982;30
PESADOS;BUS;INTERPARROQUIAL;;2021;DIESEL;38501;OPACIDAD - VEHI. DIE;14;21
PESADOS;BUS;INTERPARROQUIAL;;2022;DIESEL;1301;ODOMETRO VEHICULO;85196;5
PESADOS;BUS;INTERPARROQUIAL;;2022;DIESEL;38501;OPACIDAD - VEHI. DIE;22;5
PESADOS;BUS;INTERPARROQUIAL;;2023;DIESEL;1301;ODOMETRO VEHICULO;68385;37
PESADOS;BUS;INTERPARROQUIAL;;2023;DIESEL;38501;OPACIDAD - VEHI. DIE;22;27
PESADOS;BUS;INTERPARROQUIAL;;2024;DIESEL;1301;ODOMETRO VEHICULO;36217;44
PESADOS;BUS;INTERPARROQUIAL;;2024;DIESEL;38501;OPACIDAD - VEHI. DIE;19;31
PESADOS;BUS;INTERPARROQUIAL;;2025;DIESEL;1301;ODOMETRO VEHICULO;234;15
PESADOS;BUS;INTERPARROQUIAL;;2025;DIESEL;38501;OPACIDAD - VEHI. DIE;13;13
PESADOS;BUS;INTERPROVINCIAL (NE);;1994;GASOLINA;1301;ODOMETRO VEHICULO;668363;1
PESADOS;BUS;INTERPROVINCIAL (NE);;1998;DIESEL;1301;ODOMETRO VEHICULO;622842;3
PESADOS;BUS;INTERPROVINCIAL (NE);;1998;DIESEL;38501;OPACIDAD - VEHI. DIE;42;1
PESADOS;BUS;INTERPROVINCIAL (NE);;1999;DIESEL;1301;ODOMETRO VEHICULO;0;2
PESADOS;BUS;INTERPROVINCIAL (NE);;1999;DIESEL;38501;OPACIDAD - VEHI. DIE;39;1
PESADOS;BUS;INTERPROVINCIAL (NE);;2001;DIESEL;1301;ODOMETRO VEHICULO;366561;19
PESADOS;BUS;INTERPROVINCIAL (NE);;2001;DIESEL;38501;OPACIDAD - VEHI. DIE;21;7
PESADOS;BUS;INTERPROVINCIAL (NE);;2002;DIESEL;1301;ODOMETRO VEHICULO;611736;25
PESADOS;BUS;INTERPROVINCIAL (NE);;2002;DIESEL;38501;OPACIDAD - VEHI. DIE;15;10
PESADOS;BUS;INTERPROVINCIAL (NE);;2002;GASOLINA;1301;ODOMETRO VEHICULO;330507;2
PESADOS;BUS;INTERPROVINCIAL (NE);;2003;DIESEL;1301;ODOMETRO VEHICULO;531406;28
PESADOS;BUS;INTERPROVINCIAL (NE);;2003;DIESEL;38501;OPACIDAD - VEHI. DIE;18;14
PESADOS;BUS;INTERPROVINCIAL (NE);;2004;DIESEL;1301;ODOMETRO VEHICULO;500530;40
PESADOS;BUS;INTERPROVINCIAL (NE);;2004;DIESEL;38501;OPACIDAD - VEHI. DIE;17;20
PESADOS;BUS;INTERPROVINCIAL (NE);;2004;GASOLINA;1301;ODOMETRO VEHICULO;699408;2
PESADOS;BUS;INTERPROVINCIAL (NE);;2005;DIESEL;1301;ODOMETRO VEHICULO;399237;90
PESADOS;BUS;INTERPROVINCIAL (NE);;2005;DIESEL;38501;OPACIDAD - VEHI. DIE;31;45
PESADOS;BUS;INTERPROVINCIAL (NE);;2005;GASOLINA;1301;ODOMETRO VEHICULO;865233;1
PESADOS;BUS;INTERPROVINCIAL (NE);;2006;DIESEL;1301;ODOMETRO VEHICULO;460757;174
PESADOS;BUS;INTERPROVINCIAL (NE);;2006;DIESEL;38501;OPACIDAD - VEHI. DIE;29;94
PESADOS;BUS;INTERPROVINCIAL (NE);;2006;GASOLINA;1301;ODOMETRO VEHICULO;317197;2
PESADOS;BUS;INTERPROVINCIAL (NE);;2007;DIESEL;1301;ODOMETRO VEHICULO;465093;159
PESADOS;BUS;INTERPROVINCIAL (NE);;2007;DIESEL;38501;OPACIDAD - VEHI. DIE;23;89
PESADOS;BUS;INTERPROVINCIAL (NE);;2008;DIESEL;1301;ODOMETRO VEHICULO;352099;212
PESADOS;BUS;INTERPROVINCIAL (NE);;2008;DIESEL;38501;OPACIDAD - VEHI. DIE;12;108
PESADOS;BUS;INTERPROVINCIAL (NE);;2008;GASOLINA;1301;ODOMETRO VEHICULO;64808;1
PESADOS;BUS;INTERPROVINCIAL (NE);;2009;DIESEL;1301;ODOMETRO VEHICULO;391485;334
PESADOS;BUS;INTERPROVINCIAL (NE);;2009;DIESEL;38501;OPACIDAD - VEHI. DIE;18;178
PESADOS;BUS;INTERPROVINCIAL (NE);;2010;DIESEL;1301;ODOMETRO VEHICULO;530027;319
PESADOS;BUS;INTERPROVINCIAL (NE);;2010;DIESEL;38501;OPACIDAD - VEHI. DIE;21;179
PESADOS;BUS;INTERPROVINCIAL (NE);;2011;DIESEL;1301;ODOMETRO VEHICULO;552664;778
PESADOS;BUS;INTERPROVINCIAL (NE);;2011;DIESEL;38501;OPACIDAD - VEHI. DIE;22;445
PESADOS;BUS;INTERPROVINCIAL (NE);;2012;DIESEL;1301;ODOMETRO VEHICULO;624161;842
PESADOS;BUS;INTERPROVINCIAL (NE);;2012;DIESEL;38501;OPACIDAD - VEHI. DIE;25;516
PESADOS;BUS;INTERPROVINCIAL (NE);;2012;GASOLINA;1301;ODOMETRO VEHICULO;491870;2
PESADOS;BUS;INTERPROVINCIAL (NE);;2013;DIESEL;1301;ODOMETRO VEHICULO;455466;553
PESADOS;BUS;INTERPROVINCIAL (NE);;2013;DIESEL;38501;OPACIDAD - VEHI. DIE;32;382
PESADOS;BUS;INTERPROVINCIAL (NE);;2014;DIESEL;1301;ODOMETRO VEHICULO;431603;645
PESADOS;BUS;INTERPROVINCIAL (NE);;2014;DIESEL;38501;OPACIDAD - VEHI. DIE;28;415
PESADOS;BUS;INTERPROVINCIAL (NE);;2015;DIESEL;1301;ODOMETRO VEHICULO;427619;1016
PESADOS;BUS;INTERPROVINCIAL (NE);;2015;DIESEL;38501;OPACIDAD - VEHI. DIE;18;725
PESADOS;BUS;INTERPROVINCIAL (NE);;2015;GASOLINA;1301;ODOMETRO VEHICULO;63987;1
PESADOS;BUS;INTERPROVINCIAL (NE);;2016;DIESEL;1301;ODOMETRO VEHICULO;304310;281
PESADOS;BUS;INTERPROVINCIAL (NE);;2016;DIESEL;38501;OPACIDAD - VEHI. DIE;25;188
PESADOS;BUS;INTERPROVINCIAL (NE);;2017;DIESEL;1301;ODOMETRO VEHICULO;253700;119
PESADOS;BUS;INTERPROVINCIAL (NE);;2017;DIESEL;38501;OPACIDAD - VEHI. DIE;27;88
PESADOS;BUS;INTERPROVINCIAL (NE);;2018;DIESEL;1301;ODOMETRO VEHICULO;199128;204
PESADOS;BUS;INTERPROVINCIAL (NE);;2018;DIESEL;38501;OPACIDAD - VEHI. DIE;26;146
PESADOS;BUS;INTERPROVINCIAL (NE);;2019;DIESEL;1301;ODOMETRO VEHICULO;126458;90
PESADOS;BUS;INTERPROVINCIAL (NE);;2019;DIESEL;38501;OPACIDAD - VEHI. DIE;13;66
PESADOS;BUS;INTERPROVINCIAL (NE);;2020;DIESEL;1301;ODOMETRO VEHICULO;168898;38
PESADOS;BUS;INTERPROVINCIAL (NE);;2020;DIESEL;38501;OPACIDAD - VEHI. DIE;10;29
PESADOS;BUS;INTERPROVINCIAL (NE);;2021;DIESEL;1301;ODOMETRO VEHICULO;80261;16
PESADOS;BUS;INTERPROVINCIAL (NE);;2021;DIESEL;38501;OPACIDAD - VEHI. DIE;13;10
PESADOS;BUS;INTERPROVINCIAL (NE);;2023;DIESEL;1301;ODOMETRO VEHICULO;42228;1
PESADOS;BUS;INTERPROVINCIAL (NE);;2023;DIESEL;38501;OPACIDAD - VEHI. DIE;10;1
PESADOS;BUS;INTERPROVINCIAL (NE);;2024;DIESEL;1301;ODOMETRO VEHICULO;221;1
PESADOS;BUS;INTERPROVINCIAL (NE);;2024;DIESEL;38501;OPACIDAD - VEHI. DIE;0;1
PESADOS;BUS;INTERPROVINCIAL (NE);;2025;DIESEL;1301;ODOMETRO VEHICULO;16222;1
PESADOS;BUS;INTERPROVINCIAL (NE);;2025;DIESEL;38501;OPACIDAD - VEHI. DIE;6;1
PESADOS;BUS;TURISMO;;2011;DIESEL;1301;ODOMETRO VEHICULO;109276;26
PESADOS;BUS;TURISMO;;2011;DIESEL;38501;OPACIDAD - VEHI. DIE;30;16
PESADOS;BUS;TURISMO;;2012;DIESEL;1301;ODOMETRO VEHICULO;456872;7
PESADOS;BUS;TURISMO;;2012;DIESEL;38501;OPACIDAD - VEHI. DIE;46;6
PESADOS;BUS;TURISMO;;2007;DIESEL;1301;ODOMETRO VEHICULO;490686;2
PESADOS;BUS;TURISMO;;2007;DIESEL;38501;OPACIDAD - VEHI. DIE;28;1
PESADOS;BUS;TURISMO;;2010;DIESEL;1301;ODOMETRO VEHICULO;462839;9
PESADOS;BUS;TURISMO;;2010;DIESEL;38501;OPACIDAD - VEHI. DIE;21;4
PESADOS;BUS;TURISMO;;2013;DIESEL;1301;ODOMETRO VEHICULO;383254;107
PESADOS;BUS;TURISMO;;2013;DIESEL;38501;OPACIDAD - VEHI. DIE;35;73
PESADOS;BUS;TURISMO;;2014;DIESEL;1301;ODOMETRO VEHICULO;7350;2
PESADOS;BUS;TURISMO;;2014;DIESEL;38501;OPACIDAD - VEHI. DIE;22;1
PESADOS;BUS;TURISMO;;2015;DIESEL;1301;ODOMETRO VEHICULO;79843;12
PESADOS;BUS;TURISMO;;2015;DIESEL;38501;OPACIDAD - VEHI. DIE;19;7
PESADOS;BUS;TURISMO;;2019;DIESEL;1301;ODOMETRO VEHICULO;76520;4
PESADOS;BUS;TURISMO;;2019;DIESEL;38501;OPACIDAD - VEHI. DIE;7;2
PESADOS;BUS;TURISMO;;2020;DIESEL;1301;ODOMETRO VEHICULO;18521;11
PESADOS;BUS;TURISMO;;2020;DIESEL;38501;OPACIDAD - VEHI. DIE;25;9
PESADOS;BUS;TURISMO;;2021;DIESEL;1301;ODOMETRO VEHICULO;129341;7
PESADOS;BUS;TURISMO;;2021;DIESEL;38501;OPACIDAD - VEHI. DIE;15;4
PESADOS;BUS;TURISMO;;2023;DIESEL;1301;ODOMETRO VEHICULO;21366;7
PESADOS;BUS;TURISMO;;2023;DIESEL;38501;OPACIDAD - VEHI. DIE;21;5
PESADOS;BUS;TURISMO;;2024;DIESEL;1301;ODOMETRO VEHICULO;7049;5
PESADOS;BUS;TURISMO;;2024;DIESEL;38501;OPACIDAD - VEHI. DIE;21;4
PESADOS;BUS;TURISMO;;2012;DIESEL;1301;ODOMETRO VEHICULO;679353;9
PESADOS;BUS;TURISMO;;2012;DIESEL;38501;OPACIDAD - VEHI. DIE;41;6
PESADOS;BUS;TURISMO;;2020;DIESEL;1301;ODOMETRO VEHICULO;34154;4
PESADOS;BUS;TURISMO;;2020;DIESEL;38501;OPACIDAD - VEHI. DIE;10;2
PESADOS;BUS;URBANO;;1995;DIESEL;1301;ODOMETRO VEHICULO;392275;459
PESADOS;BUS;URBANO;;1995;DIESEL;38501;OPACIDAD - VEHI. DIE;19;294
PESADOS;BUS;URBANO;;1999;DIESEL;1301;ODOMETRO VEHICULO;696817;701
PESADOS;BUS;URBANO;;1999;DIESEL;38501;OPACIDAD - VEHI. DIE;31;483
PESADOS;BUS;URBANO;;2003;DIESEL;1301;ODOMETRO VEHICULO;553992;590
PESADOS;BUS;URBANO;;2003;DIESEL;38501;OPACIDAD - VEHI. DIE;23;322
PESADOS;BUS;URBANO;;2005;DIESEL;1301;ODOMETRO VEHICULO;451252;59
PESADOS;BUS;URBANO;;2005;DIESEL;38501;OPACIDAD - VEHI. DIE;20;27
PESADOS;BUS;URBANO;;2011;DIESEL;1301;ODOMETRO VEHICULO;393565;1261
PESADOS;BUS;URBANO;;2011;DIESEL;38501;OPACIDAD - VEHI. DIE;5;968
PESADOS;BUS;URBANO;;2015;DIESEL;1301;ODOMETRO VEHICULO;221903;677
PESADOS;BUS;URBANO;;2015;DIESEL;38501;OPACIDAD - VEHI. DIE;6;427
PESADOS;BUS;URBANO;;2016;DIESEL;1301;ODOMETRO VEHICULO;186225;807
PESADOS;BUS;URBANO;;2016;DIESEL;38501;OPACIDAD - VEHI. DIE;4;684
PESADOS;BUS;URBANO;;1995;DIESEL;1301;ODOMETRO VEHICULO;266376;4
PESADOS;BUS;URBANO;;1995;DIESEL;38501;OPACIDAD - VEHI. DIE;9;1
PESADOS;BUS;URBANO;;1999;DIESEL;1301;ODOMETRO VEHICULO;417483;20
PESADOS;BUS;URBANO;;1999;DIESEL;38501;OPACIDAD - VEHI. DIE;31;11
PESADOS;BUS;URBANO;;2001;DIESEL;1301;ODOMETRO VEHICULO;8779;8
PESADOS;BUS;URBANO;;2001;DIESEL;38501;OPACIDAD - VEHI. DIE;34;4
PESADOS;BUS;URBANO;;2001;DIESEL;1301;ODOMETRO VEHICULO;352528;63
PESADOS;BUS;URBANO;;2001;DIESEL;38501;OPACIDAD - VEHI. DIE;41;39
PESADOS;BUS;URBANO;;2002;DIESEL;1301;ODOMETRO VEHICULO;181818;101
PESADOS;BUS;URBANO;;2002;DIESEL;38501;OPACIDAD - VEHI. DIE;40;62
PESADOS;BUS;URBANO;;2003;DIESEL;1301;ODOMETRO VEHICULO;278238;448
PESADOS;BUS;URBANO;;2003;DIESEL;38501;OPACIDAD - VEHI. DIE;36;263
PESADOS;BUS;URBANO;;2004;DIESEL;1301;ODOMETRO VEHICULO;281876;1907
PESADOS;BUS;URBANO;;2004;DIESEL;38501;OPACIDAD - VEHI. DIE;35;1070
PESADOS;BUS;URBANO;;2005;DIESEL;1301;ODOMETRO VEHICULO;288675;1495
PESADOS;BUS;URBANO;;2005;DIESEL;38501;OPACIDAD - VEHI. DIE;33;842
PESADOS;BUS;URBANO;;2006;DIESEL;1301;ODOMETRO VEHICULO;348952;2200
PESADOS;BUS;URBANO;;2006;DIESEL;38501;OPACIDAD - VEHI. DIE;33;1246
PESADOS;BUS;URBANO;;2007;DIESEL;1301;ODOMETRO VEHICULO;480635;2036
PESADOS;BUS;URBANO;;2007;DIESEL;38501;OPACIDAD - VEHI. DIE;30;1128
PESADOS;BUS;URBANO;;2008;DIESEL;1301;ODOMETRO VEHICULO;473487;2067
PESADOS;BUS;URBANO;;2008;DIESEL;38501;OPACIDAD - VEHI. DIE;28;1190
PESADOS;BUS;URBANO;;2009;DIESEL;1301;ODOMETRO VEHICULO;386880;1980
PESADOS;BUS;URBANO;;2009;DIESEL;38501;OPACIDAD - VEHI. DIE;30;1162
PESADOS;BUS;URBANO;;2010;DIESEL;1301;ODOMETRO VEHICULO;184807;560
PESADOS;BUS;URBANO;;2010;DIESEL;38501;OPACIDAD - VEHI. DIE;37;344
PESADOS;BUS;URBANO;;2011;DIESEL;1301;ODOMETRO VEHICULO;339929;2066
PESADOS;BUS;URBANO;;2011;DIESEL;38501;OPACIDAD - VEHI. DIE;37;1290
PESADOS;BUS;URBANO;;2012;DIESEL;1301;ODOMETRO VEHICULO;372570;2855
PESADOS;BUS;URBANO;;2012;DIESEL;38501;OPACIDAD - VEHI. DIE;36;1827
PESADOS;BUS;URBANO;;2013;DIESEL;1301;ODOMETRO VEHICULO;340516;2446
PESADOS;BUS;URBANO;;2013;DIESEL;38501;OPACIDAD - VEHI. DIE;34;1533
PESADOS;BUS;URBANO;;2014;DIESEL;1301;ODOMETRO VEHICULO;306342;3295
PESADOS;BUS;URBANO;;2014;DIESEL;38501;OPACIDAD - VEHI. DIE;33;2112
PESADOS;BUS;URBANO;;2015;DIESEL;1301;ODOMETRO VEHICULO;331069;2260
PESADOS;BUS;URBANO;;2015;DIESEL;38501;OPACIDAD - VEHI. DIE;29;1469
PESADOS;BUS;URBANO;;2016;DIESEL;1301;ODOMETRO VEHICULO;255811;3020
PESADOS;BUS;URBANO;;2016;DIESEL;38501;OPACIDAD - VEHI. DIE;31;2029
PESADOS;BUS;URBANO;;2017;DIESEL;1301;ODOMETRO VEHICULO;221356;1716
PESADOS;BUS;URBANO;;2017;DIESEL;38501;OPACIDAD - VEHI. DIE;28;1127
PESADOS;BUS;URBANO;;2018;DIESEL;1301;ODOMETRO VEHICULO;169459;1523
PESADOS;BUS;URBANO;;2018;DIESEL;38501;OPACIDAD - VEHI. DIE;23;1042
PESADOS;BUS;URBANO;;2018;GASOLINA;1301;ODOMETRO VEHICULO;25123;2
PESADOS;BUS;URBANO;;2018;GASOLINA;38501;OPACIDAD - VEHI. DIE;1;1
PESADOS;BUS;URBANO;;2019;DIESEL;1301;ODOMETRO VEHICULO;145615;686
PESADOS;BUS;URBANO;;2019;DIESEL;38501;OPACIDAD - VEHI. DIE;18;461
PESADOS;BUS;URBANO;;2020;DIESEL;1301;ODOMETRO VEHICULO;105931;627
PESADOS;BUS;URBANO;;2020;DIESEL;38501;OPACIDAD - VEHI. DIE;18;430
PESADOS;BUS;URBANO;;2021;DIESEL;1301;ODOMETRO VEHICULO;81061;201
PESADOS;BUS;URBANO;;2021;DIESEL;38501;OPACIDAD - VEHI. DIE;23;140
PESADOS;BUS;URBANO;;2021;GASOLINA;1301;ODOMETRO VEHICULO;202884;2
PESADOS;BUS;URBANO;;2021;GASOLINA;38501;OPACIDAD - VEHI. DIE;29;2
PESADOS;BUS;URBANO;;2022;DIESEL;1301;ODOMETRO VEHICULO;113211;39
PESADOS;BUS;URBANO;;2022;DIESEL;38501;OPACIDAD - VEHI. DIE;26;29
PESADOS;BUS;URBANO;;2023;DIESEL;1301;ODOMETRO VEHICULO;72185;85
PESADOS;BUS;URBANO;;2023;DIESEL;38501;OPACIDAD - VEHI. DIE;22;60
PESADOS;BUS;URBANO;;2023;GASOLINA;1301;ODOMETRO VEHICULO;65137;2
PESADOS;BUS;URBANO;;2023;GASOLINA;38501;OPACIDAD - VEHI. DIE;35;2
PESADOS;BUS;URBANO;;2024;DIESEL;1301;ODOMETRO VEHICULO;11301;148
PESADOS;BUS;URBANO;;2024;DIESEL;38501;OPACIDAD - VEHI. DIE;23;123
PESADOS;BUS;URBANO;;2025;DIESEL;1301;ODOMETRO VEHICULO;168;43
PESADOS;BUS;URBANO;;2025;DIESEL;38501;OPACIDAD - VEHI. DIE;13;32
PESADOS;CARGA;;;1956;GASOLINA;1301;ODOMETRO VEHICULO;22644;4
PESADOS;CARGA;;;1956;GASOLINA;39001;HIDROCARBUROS NO COMBUSTIONADOS (HC) RAL;2683;4
PESADOS;CARGA;;;1956;GASOLINA;39003;O2 EN BAJAS;2;4
PESADOS;CARGA;;;1956;GASOLINA;39005;MONOXIDO DE CARBONO (CO) RALENTI;6;4
PESADOS;CARGA;;;1956;GASOLINA;39008;RPM EN RALENTI;655;4
PESADOS;CARGA;;;1956;GASOLINA;39501;HIDROCARBUROS NO COMBUSTIONADOS (HC) 250;1059;4
PESADOS;CARGA;;;1956;GASOLINA;39503;O2 EN ALTAS RPM;2;4
PESADOS;CARGA;;;1956;GASOLINA;39505;MONOXIDO DE CARBONO (CO) 2500 RPM;3;4
PESADOS;CARGA;;;1956;GASOLINA;39508;RPM EN ALTAS;2460;4
PESADOS;CARGA;;;1961;GASOLINA;1301;ODOMETRO VEHICULO;4889;15
PESADOS;CARGA;;;1961;GASOLINA;39001;HIDROCARBUROS NO COMBUSTIONADOS (HC) RAL;699;11
PESADOS;CARGA;;;1961;GASOLINA;39003;O2 EN BAJAS;2;11
PESADOS;CARGA;;;1961;GASOLINA;39005;MONOXIDO DE CARBONO (CO) RALENTI;2;11
PESADOS;CARGA;;;1961;GASOLINA;39008;RPM EN RALENTI;782;11
PESADOS;CARGA;;;1961;GASOLINA;39501;HIDROCARBUROS NO COMBUSTIONADOS (HC) 250;258;11
PESADOS;CARGA;;;1961;GASOLINA;39503;O2 EN ALTAS RPM;1;11
PESADOS;CARGA;;;1961;GASOLINA;39505;MONOXIDO DE CARBONO (CO) 2500 RPM;2;11
PESADOS;CARGA;;;1961;GASOLINA;39508;RPM EN ALTAS;2470;11
PESADOS;CARGA;;;1962;DIESEL;1301;ODOMETRO VEHICULO;70621;4
PESADOS;CARGA;;;1962;DIESEL;38501;OPACIDAD - VEHI. DIE;24;1
PESADOS;CARGA;;;1963;DIESEL;1301;ODOMETRO VEHICULO;353810;6
PESADOS;CARGA;;;1965;DIESEL;1301;ODOMETRO VEHICULO;87071;7
PESADOS;CARGA;;;1965;DIESEL;38501;OPACIDAD - VEHI. DIE;52;4
PESADOS;CARGA;;;1968;GASOLINA;1301;ODOMETRO VEHICULO;3372;18
PESADOS;CARGA;;;1968;GASOLINA;39001;HIDROCARBUROS NO COMBUSTIONADOS (HC) RAL;306;12
PESADOS;CARGA;;;1968;GASOLINA;39003;O2 EN BAJAS;1;12
PESADOS;CARGA;;;1968;GASOLINA;39005;MONOXIDO DE CARBONO (CO) RALENTI;5;12
PESADOS;CARGA;;;1968;GASOLINA;39008;RPM EN RALENTI;880;12
PESADOS;CARGA;;;1968;GASOLINA;39501;HIDROCARBUROS NO COMBUSTIONADOS (HC) 250;240;12
PESADOS;CARGA;;;1968;GASOLINA;39503;O2 EN ALTAS RPM;1;12
PESADOS;CARGA;;;1968;GASOLINA;39505;MONOXIDO DE CARBONO (CO) 2500 RPM;4;12
PESADOS;CARGA;;;1968;GASOLINA;39508;RPM EN ALTAS;2479;11
PESADOS;CARGA;;;1969;DIESEL;1301;ODOMETRO VEHICULO;605463;1
PESADOS;CARGA;;;1970;DIESEL;1301;ODOMETRO VEHICULO;268865;2
PESADOS;CARGA;;;1970;DIESEL;38501;OPACIDAD - VEHI. DIE;88;2
PESADOS;CARGA;;;1970;GASOLINA;1301;ODOMETRO VEHICULO;153178;8
PESADOS;CARGA;;;1970;GASOLINA;39001;HIDROCARBUROS NO COMBUSTIONADOS (HC) RAL;216;2
PESADOS;CARGA;;;1970;GASOLINA;39003;O2 EN BAJAS;0;2
PESADOS;CARGA;;;1970;GASOLINA;39005;MONOXIDO DE CARBONO (CO) RALENTI;2;2
PESADOS;CARGA;;;1970;GASOLINA;39008;RPM EN RALENTI;700;2
PESADOS;CARGA;;;1970;GASOLINA;39501;HIDROCARBUROS NO COMBUSTIONADOS (HC) 250;149;2
PESADOS;CARGA;;;1970;GASOLINA;39503;O2 EN ALTAS RPM;4;4
PESADOS;CARGA;;;1970;GASOLINA;39505;MONOXIDO DE CARBONO (CO) 2500 RPM;0;2
PESADOS;CARGA;;;1970;GASOLINA;39508;RPM EN ALTAS;2495;2
PESADOS;CARGA;;;1971;DIESEL;1301;ODOMETRO VEHICULO;170508;7
PESADOS;CARGA;;;1971;DIESEL;38501;OPACIDAD - VEHI. DIE;33;3
PESADOS;CARGA;;;1971;GASOLINA;1301;ODOMETRO VEHICULO;16288;9
PESADOS;CARGA;;;1971;GASOLINA;39001;HIDROCARBUROS NO COMBUSTIONADOS (HC) RAL;399;4
PESADOS;CARGA;;;1971;GASOLINA;39003;O2 EN BAJAS;2;4
PESADOS;CARGA;;;1971;GASOLINA;39005;MONOXIDO DE CARBONO (CO) RALENTI;4;4
PESADOS;CARGA;;;1971;GASOLINA;39008;RPM EN RALENTI;755;4
PESADOS;CARGA;;;1971;GASOLINA;39501;HIDROCARBUROS NO COMBUSTIONADOS (HC) 250;328;4
PESADOS;CARGA;;;1971;GASOLINA;39503;O2 EN ALTAS RPM;2;6
PESADOS;CARGA;;;1971;GASOLINA;39505;MONOXIDO DE CARBONO (CO) 2500 RPM;1;4
PESADOS;CARGA;;;1971;GASOLINA;39508;RPM EN ALTAS;2495;4
PESADOS;CARGA;;;1972;GASOLINA;1301;ODOMETRO VEHICULO;77088;27
PESADOS;CARGA;;;1972;GASOLINA;39001;HIDROCARBUROS NO COMBUSTIONADOS (HC) RAL;789;15
PESADOS;CARGA;;;1972;GASOLINA;39003;O2 EN BAJAS;2;14
PESADOS;CARGA;;;1972;GASOLINA;39005;MONOXIDO DE CARBONO (CO) RALENTI;3;14
PESADOS;CARGA;;;1972;GASOLINA;39008;RPM EN RALENTI;824;14
PESADOS;CARGA;;;1972;GASOLINA;39501;HIDROCARBUROS NO COMBUSTIONADOS (HC) 250;248;14
PESADOS;CARGA;;;1972;GASOLINA;39503;O2 EN ALTAS RPM;2;14
PESADOS;CARGA;;;1972;GASOLINA;39505;MONOXIDO DE CARBONO (CO) 2500 RPM;1;14
PESADOS;CARGA;;;1972;GASOLINA;39508;RPM EN ALTAS;2458;14
PESADOS;CARGA;;;1974;DIESEL;1301;ODOMETRO VEHICULO;0;4
PESADOS;CARGA;;;1974;DIESEL;38501;OPACIDAD - VEHI. DIE;4;1
PESADOS;CARGA;;;1974;GASOLINA;1301;ODOMETRO VEHICULO;203659;5
PESADOS;CARGA;;;1974;GASOLINA;39001;HIDROCARBUROS NO COMBUSTIONADOS (HC) RAL;85;1
PESADOS;CARGA;;;1974;GASOLINA;39003;O2 EN BAJAS;2;1
PESADOS;CARGA;;;1974;GASOLINA;39005;MONOXIDO DE CARBONO (CO) RALENTI;2;1
PESADOS;CARGA;;;1974;GASOLINA;39008;RPM EN RALENTI;900;1
PESADOS;CARGA;;;1974;GASOLINA;39501;HIDROCARBUROS NO COMBUSTIONADOS (HC) 250;81;1
PESADOS;CARGA;;;1974;GASOLINA;39503;O2 EN ALTAS RPM;4;1
PESADOS;CARGA;;;1974;GASOLINA;39505;MONOXIDO DE CARBONO (CO) 2500 RPM;2;1
PESADOS;CARGA;;;1974;GASOLINA;39508;RPM EN ALTAS;2400;1
PESADOS;CARGA;;;1975;DIESEL;1301;ODOMETRO VEHICULO;128428;30
PESADOS;CARGA;;;1975;DIESEL;38501;OPACIDAD - VEHI. DIE;42;13
PESADOS;CARGA;;;1975;GASOLINA;1301;ODOMETRO VEHICULO;131273;25
PESADOS;CARGA;;;1975;GASOLINA;39001;HIDROCARBUROS NO COMBUSTIONADOS (HC) RAL;441;9
PESADOS;CARGA;;;1975;GASOLINA;39003;O2 EN BAJAS;1;9
PESADOS;CARGA;;;1975;GASOLINA;39005;MONOXIDO DE CARBONO (CO) RALENTI;3;9
PESADOS;CARGA;;;1975;GASOLINA;39008;RPM EN RALENTI;687;9
PESADOS;CARGA;;;1975;GASOLINA;39501;HIDROCARBUROS NO COMBUSTIONADOS (HC) 250;205;9
PESADOS;CARGA;;;1975;GASOLINA;39503;O2 EN ALTAS RPM;1;9
PESADOS;CARGA;;;1975;GASOLINA;39505;MONOXIDO DE CARBONO (CO) 2500 RPM;1;9
PESADOS;CARGA;;;1975;GASOLINA;39508;RPM EN ALTAS;2500;9
PESADOS;CARGA;;;1976;DIESEL;1301;ODOMETRO VEHICULO;557;6
PESADOS;CARGA;;;1976;DIESEL;38501;OPACIDAD - VEHI. DIE;13;3
PESADOS;CARGA;;;1976;GASOLINA;1301;ODOMETRO VEHICULO;530245;3
PESADOS;CARGA;;;1976;GASOLINA;39001;HIDROCARBUROS NO COMBUSTIONADOS (HC) RAL;773;1
PESADOS;CARGA;;;1976;GASOLINA;39003;O2 EN BAJAS;5;1
PESADOS;CARGA;;;1976;GASOLINA;39005;MONOXIDO DE CARBONO (CO) RALENTI;3;1
PESADOS;CARGA;;;1976;GASOLINA;39008;RPM EN RALENTI;560;1
PESADOS;CARGA;;;1976;GASOLINA;39501;HIDROCARBUROS NO COMBUSTIONADOS (HC) 250;187;1
PESADOS;CARGA;;;1976;GASOLINA;39503;O2 EN ALTAS RPM;1;1
PESADOS;CARGA;;;1976;GASOLINA;39505;MONOXIDO DE CARBONO (CO) 2500 RPM;5;1
PESADOS;CARGA;;;1976;GASOLINA;39508;RPM EN ALTAS;2450;1
PESADOS;CARGA;;;1977;DIESEL;1301;ODOMETRO VEHICULO;156699;33
PESADOS;CARGA;;;1977;DIESEL;38501;OPACIDAD - VEHI. DIE;10;9
PESADOS;CARGA;;;1977;GASOLINA;1301;ODOMETRO VEHICULO;107528;47
PESADOS;CARGA;;;1977;GASOLINA;39001;HIDROCARBUROS NO COMBUSTIONADOS (HC) RAL;987;26
PESADOS;CARGA;;;1977;GASOLINA;39003;O2 EN BAJAS;2;26
PESADOS;CARGA;;;1977;GASOLINA;39005;MONOXIDO DE CARBONO (CO) RALENTI;3;26
PESADOS;CARGA;;;1977;GASOLINA;39008;RPM EN RALENTI;803;26
PESADOS;CARGA;;;1977;GASOLINA;39501;HIDROCARBUROS NO COMBUSTIONADOS (HC) 250;385;26
PESADOS;CARGA;;;1977;GASOLINA;39503;O2 EN ALTAS RPM;1;26
PESADOS;CARGA;;;1977;GASOLINA;39505;MONOXIDO DE CARBONO (CO) 2500 RPM;2;26
PESADOS;CARGA;;;1977;GASOLINA;39508;RPM EN ALTAS;2481;25
PESADOS;CARGA;;;1978;DIESEL;1301;ODOMETRO VEHICULO;444095;11
PESADOS;CARGA;;;1978;DIESEL;38501;OPACIDAD - VEHI. DIE;4;3
PESADOS;CARGA;;;1978;GASOLINA;1301;ODOMETRO VEHICULO;155574;104
PESADOS;CARGA;;;1978;GASOLINA;38501;OPACIDAD - VEHI. DIE;4;2
PESADOS;CARGA;;;1978;GASOLINA;39001;HIDROCARBUROS NO COMBUSTIONADOS (HC) RAL;835;66
PESADOS;CARGA;;;1978;GASOLINA;39003;O2 EN BAJAS;2;65
PESADOS;CARGA;;;1978;GASOLINA;39005;MONOXIDO DE CARBONO (CO) RALENTI;2;64
PESADOS;CARGA;;;1978;GASOLINA;39008;RPM EN RALENTI;827;64
PESADOS;CARGA;;;1978;GASOLINA;39501;HIDROCARBUROS NO COMBUSTIONADOS (HC) 250;464;64
PESADOS;CARGA;;;1978;GASOLINA;39503;O2 EN ALTAS RPM;1;64
PESADOS;CARGA;;;1978;GASOLINA;39505;MONOXIDO DE CARBONO (CO) 2500 RPM;2;64
PESADOS;CARGA;;;1978;GASOLINA;39508;RPM EN ALTAS;2483;63
PESADOS;CARGA;;;1979;DIESEL;1301;ODOMETRO VEHICULO;41128;8
PESADOS;CARGA;;;1979;DIESEL;38501;OPACIDAD - VEHI. DIE;6;1
PESADOS;CARGA;;;1979;GASOLINA;1301;ODOMETRO VEHICULO;18213;19
PESADOS;CARGA;;;1979;GASOLINA;39001;HIDROCARBUROS NO COMBUSTIONADOS (HC) RAL;714;15
PESADOS;CARGA;;;1979;GASOLINA;39003;O2 EN BAJAS;2;15
PESADOS;CARGA;;;1979;GASOLINA;39005;MONOXIDO DE CARBONO (CO) RALENTI;3;15
PESADOS;CARGA;;;1979;GASOLINA;39008;RPM EN RALENTI;899;15
PESADOS;CARGA;;;1979;GASOLINA;39501;HIDROCARBUROS NO COMBUSTIONADOS (HC) 250;294;15
PESADOS;CARGA;;;1979;GASOLINA;39503;O2 EN ALTAS RPM;1;15
PESADOS;CARGA;;;1979;GASOLINA;39505;MONOXIDO DE CARBONO (CO) 2500 RPM;2;15
PESADOS;CARGA;;;1979;GASOLINA;39508;RPM EN ALTAS;2470;15
PESADOS;CARGA;;;1980;DIESEL;1301;ODOMETRO VEHICULO;171795;60
PESADOS;CARGA;;;1980;DIESEL;38501;OPACIDAD - VEHI. DIE;45;27
PESADOS;CARGA;;;1980;DIESEL;39001;HIDROCARBUROS NO COMBUSTIONADOS (HC) RAL;821;13
PESADOS;CARGA;;;1980;DIESEL;39003;O2 EN BAJAS;1;13
PESADOS;CARGA;;;1980;DIESEL;39005;MONOXIDO DE CARBONO (CO) RALENTI;5;13
PESADOS;CARGA;;;1980;DIESEL;39008;RPM EN RALENTI;815;13
PESADOS;CARGA;;;1980;DIESEL;39501;HIDROCARBUROS NO COMBUSTIONADOS (HC) 250;306;13
PESADOS;CARGA;;;1980;DIESEL;39503;O2 EN ALTAS RPM;1;13
PESADOS;CARGA;;;1980;DIESEL;39505;MONOXIDO DE CARBONO (CO) 2500 RPM;3;13
PESADOS;CARGA;;;1980;DIESEL;39508;RPM EN ALTAS;2396;13
PESADOS;CARGA;;;1980;GASOLINA;1301;ODOMETRO VEHICULO;164390;115
PESADOS;CARGA;;;1980;GASOLINA;38501;OPACIDAD - VEHI. DIE;7;1
PESADOS;CARGA;;;1980;GASOLINA;39001;HIDROCARBUROS NO COMBUSTIONADOS (HC) RAL;741;80
PESADOS;CARGA;;;1980;GASOLINA;39003;O2 EN BAJAS;2;80
PESADOS;CARGA;;;1980;GASOLINA;39005;MONOXIDO DE CARBONO (CO) RALENTI;3;80
PESADOS;CARGA;;;1980;GASOLINA;39008;RPM EN RALENTI;820;80
PESADOS;CARGA;;;1980;GASOLINA;39501;HIDROCARBUROS NO COMBUSTIONADOS (HC) 250;318;80
PESADOS;CARGA;;;1980;GASOLINA;39503;O2 EN ALTAS RPM;1;80
PESADOS;CARGA;;;1980;GASOLINA;39505;MONOXIDO DE CARBONO (CO) 2500 RPM;3;80
PESADOS;CARGA;;;1980;GASOLINA;39508;RPM EN ALTAS;2485;80
PESADOS;CARGA;;;1981;DIESEL;1301;ODOMETRO VEHICULO;215016;108
PESADOS;CARGA;;;1981;DIESEL;38501;OPACIDAD - VEHI. DIE;32;44
PESADOS;CARGA;;;1981;DIESEL;39001;HIDROCARBUROS NO COMBUSTIONADOS (HC) RAL;788;24
PESADOS;CARGA;;;1981;DIESEL;39003;O2 EN BAJAS;2;24
PESADOS;CARGA;;;1981;DIESEL;39005;MONOXIDO DE CARBONO (CO) RALENTI;3;24
PESADOS;CARGA;;;1981;DIESEL;39008;RPM EN RALENTI;880;24
PESADOS;CARGA;;;1981;DIESEL;39501;HIDROCARBUROS NO COMBUSTIONADOS (HC) 250;441;24
PESADOS;CARGA;;;1981;DIESEL;39503;O2 EN ALTAS RPM;1;24
PESADOS;CARGA;;;1981;DIESEL;39505;MONOXIDO DE CARBONO (CO) 2500 RPM;3;24
PESADOS;CARGA;;;1981;DIESEL;39508;RPM EN ALTAS;2438;24
PESADOS;CARGA;;;1981;GASOLINA;1301;ODOMETRO VEHICULO;166981;154
PESADOS;CARGA;;;1981;GASOLINA;38501;OPACIDAD - VEHI. DIE;7;2
PESADOS;CARGA;;;1981;GASOLINA;39001;HIDROCARBUROS NO COMBUSTIONADOS (HC) RAL;629;95
PESADOS;CARGA;;;1981;GASOLINA;39003;O2 EN BAJAS;2;96
PESADOS;CARGA;;;1981;GASOLINA;39005;MONOXIDO DE CARBONO (CO) RALENTI;3;95
PESADOS;CARGA;;;1981;GASOLINA;39008;RPM EN RALENTI;805;95
PESADOS;CARGA;;;1981;GASOLINA;39501;HIDROCARBUROS NO COMBUSTIONADOS (HC) 250;287;95
PESADOS;CARGA;;;1981;GASOLINA;39503;O2 EN ALTAS RPM;1;96
PESADOS;CARGA;;;1981;GASOLINA;39505;MONOXIDO DE CARBONO (CO) 2500 RPM;3;95
PESADOS;CARGA;;;1981;GASOLINA;39508;RPM EN ALTAS;2481;94
PESADOS;CARGA;;;1982;DIESEL;1301;ODOMETRO VEHICULO;194128;148
PESADOS;CARGA;;;1982;DIESEL;38501;OPACIDAD - VEHI. DIE;33;74
PESADOS;CARGA;;;1982;GASOLINA;1301;ODOMETRO VEHICULO;122730;58
PESADOS;CARGA;;;1982;GASOLINA;39001;HIDROCARBUROS NO COMBUSTIONADOS (HC) RAL;667;34
PESADOS;CARGA;;;1982;GASOLINA;39003;O2 EN BAJAS;2;34
PESADOS;CARGA;;;1982;GASOLINA;39005;MONOXIDO DE CARBONO (CO) RALENTI;2;34
PESADOS;CARGA;;;1982;GASOLINA;39008;RPM EN RALENTI;849;34
PESADOS;CARGA;;;1982;GASOLINA;39501;HIDROCARBUROS NO COMBUSTIONADOS (HC) 250;250;34
PESADOS;CARGA;;;1982;GASOLINA;39503;O2 EN ALTAS RPM;1;36
PESADOS;CARGA;;;1982;GASOLINA;39505;MONOXIDO DE CARBONO (CO) 2500 RPM;3;34
PESADOS;CARGA;;;1982;GASOLINA;39508;RPM EN ALTAS;2476;34
PESADOS;CARGA;;;1983;DIESEL;1301;ODOMETRO VEHICULO;375970;40
PESADOS;CARGA;;;1983;DIESEL;38501;OPACIDAD - VEHI. DIE;27;15
PESADOS;CARGA;;;1983;GASOLINA;1301;ODOMETRO VEHICULO;88745;51
PESADOS;CARGA;;;1983;GASOLINA;39001;HIDROCARBUROS NO COMBUSTIONADOS (HC) RAL;419;32
PESADOS;CARGA;;;1983;GASOLINA;39003;O2 EN BAJAS;2;32
PESADOS;CARGA;;;1983;GASOLINA;39005;MONOXIDO DE CARBONO (CO) RALENTI;2;32
PESADOS;CARGA;;;1983;GASOLINA;39008;RPM EN RALENTI;810;32
PESADOS;CARGA;;;1983;GASOLINA;39501;HIDROCARBUROS NO COMBUSTIONADOS (HC) 250;168;32
PESADOS;CARGA;;;1983;GASOLINA;39503;O2 EN ALTAS RPM;1;32
PESADOS;CARGA;;;1983;GASOLINA;39505;MONOXIDO DE CARBONO (CO) 2500 RPM;2;32
PESADOS;CARGA;;;1983;GASOLINA;39508;RPM EN ALTAS;2495;32
PESADOS;CARGA;;;1984;DIESEL;1301;ODOMETRO VEHICULO;298063;24
PESADOS;CARGA;;;1984;DIESEL;38501;OPACIDAD - VEHI. DIE;12;9
PESADOS;CARGA;;;1985;DIESEL;1301;ODOMETRO VEHICULO;392388;81
PESADOS;CARGA;;;1985;DIESEL;38501;OPACIDAD - VEHI. DIE;24;34
PESADOS;CARGA;;;1985;GASOLINA;1301;ODOMETRO VEHICULO;754468;10
PESADOS;CARGA;;;1986;DIESEL;1301;ODOMETRO VEHICULO;293969;115
PESADOS;CARGA;;;1986;DIESEL;38501;OPACIDAD - VEHI. DIE;26;46
PESADOS;CARGA;;;1986;GASOLINA;1301;ODOMETRO VEHICULO;155296;53
PESADOS;CARGA;;;1986;GASOLINA;39001;HIDROCARBUROS NO COMBUSTIONADOS (HC) RAL;591;31
PESADOS;CARGA;;;1986;GASOLINA;39003;O2 EN BAJAS;2;32
PESADOS;CARGA;;;1986;GASOLINA;39005;MONOXIDO DE CARBONO (CO) RALENTI;2;31
PESADOS;CARGA;;;1986;GASOLINA;39008;RPM EN RALENTI;793;31
PESADOS;CARGA;;;1986;GASOLINA;39501;HIDROCARBUROS NO COMBUSTIONADOS (HC) 250;333;31
PESADOS;CARGA;;;1986;GASOLINA;39503;O2 EN ALTAS RPM;1;31
PESADOS;CARGA;;;1986;GASOLINA;39505;MONOXIDO DE CARBONO (CO) 2500 RPM;2;31
PESADOS;CARGA;;;1986;GASOLINA;39508;RPM EN ALTAS;2500;31
PESADOS;CARGA;;;1987;DIESEL;1301;ODOMETRO VEHICULO;398937;106
PESADOS;CARGA;;;1987;DIESEL;38501;OPACIDAD - VEHI. DIE;28;37
PESADOS;CARGA;;;1987;GASOLINA;1301;ODOMETRO VEHICULO;214842;5
PESADOS;CARGA;;;1987;GASOLINA;39001;HIDROCARBUROS NO COMBUSTIONADOS (HC) RAL;398;1
PESADOS;CARGA;;;1987;GASOLINA;39003;O2 EN BAJAS;0;1
PESADOS;CARGA;;;1987;GASOLINA;39005;MONOXIDO DE CARBONO (CO) RALENTI;6;2
PESADOS;CARGA;;;1987;GASOLINA;39008;RPM EN RALENTI;730;1
PESADOS;CARGA;;;1987;GASOLINA;39501;HIDROCARBUROS NO COMBUSTIONADOS (HC) 250;220;1
PESADOS;CARGA;;;1987;GASOLINA;39503;O2 EN ALTAS RPM;1;1
PESADOS;CARGA;;;1987;GASOLINA;39505;MONOXIDO DE CARBONO (CO) 2500 RPM;1;1
PESADOS;CARGA;;;1987;GASOLINA;39508;RPM EN ALTAS;2460;1
PESADOS;CARGA;;;1988;DIESEL;1301;ODOMETRO VEHICULO;312161;118
PESADOS;CARGA;;;1988;DIESEL;38501;OPACIDAD - VEHI. DIE;33;52
PESADOS;CARGA;;;1988;GASOLINA;1301;ODOMETRO VEHICULO;101853;42
PESADOS;CARGA;;;1988;GASOLINA;39001;HIDROCARBUROS NO COMBUSTIONADOS (HC) RAL;352;27
PESADOS;CARGA;;;1988;GASOLINA;39003;O2 EN BAJAS;3;28
PESADOS;CARGA;;;1988;GASOLINA;39005;MONOXIDO DE CARBONO (CO) RALENTI;3;27
PESADOS;CARGA;;;1988;GASOLINA;39008;RPM EN RALENTI;777;27
PESADOS;CARGA;;;1988;GASOLINA;39501;HIDROCARBUROS NO COMBUSTIONADOS (HC) 250;136;27
PESADOS;CARGA;;;1988;GASOLINA;39503;O2 EN ALTAS RPM;2;27
PESADOS;CARGA;;;1988;GASOLINA;39505;MONOXIDO DE CARBONO (CO) 2500 RPM;2;27
PESADOS;CARGA;;;1988;GASOLINA;39508;RPM EN ALTAS;2511;27
PESADOS;CARGA;;;1989;DIESEL;1301;ODOMETRO VEHICULO;356535;168
PESADOS;CARGA;;;1989;DIESEL;38501;OPACIDAD - VEHI. DIE;28;74
PESADOS;CARGA;;;1989;DIESEL;39001;HIDROCARBUROS NO COMBUSTIONADOS (HC) RAL;298;3
PESADOS;CARGA;;;1989;DIESEL;39003;O2 EN BAJAS;3;3
PESADOS;CARGA;;;1989;DIESEL;39005;MONOXIDO DE CARBONO (CO) RALENTI;0;3
PESADOS;CARGA;;;1989;DIESEL;39008;RPM EN RALENTI;773;3
PESADOS;CARGA;;;1989;DIESEL;39501;HIDROCARBUROS NO COMBUSTIONADOS (HC) 250;141;3
PESADOS;CARGA;;;1989;DIESEL;39503;O2 EN ALTAS RPM;3;3
PESADOS;CARGA;;;1989;DIESEL;39505;MONOXIDO DE CARBONO (CO) 2500 RPM;1;3
PESADOS;CARGA;;;1989;DIESEL;39508;RPM EN ALTAS;2453;3
PESADOS;CARGA;;;1989;GASOLINA;1301;ODOMETRO VEHICULO;213648;6
PESADOS;CARGA;;;1989;GASOLINA;39001;HIDROCARBUROS NO COMBUSTIONADOS (HC) RAL;2449;3
PESADOS;CARGA;;;1989;GASOLINA;39003;O2 EN BAJAS;3;3
PESADOS;CARGA;;;1989;GASOLINA;39005;MONOXIDO DE CARBONO (CO) RALENTI;3;3
PESADOS;CARGA;;;1989;GASOLINA;39008;RPM EN RALENTI;680;3
PESADOS;CARGA;;;1989;GASOLINA;39501;HIDROCARBUROS NO COMBUSTIONADOS (HC) 250;2063;3
PESADOS;CARGA;;;1989;GASOLINA;39503;O2 EN ALTAS RPM;3;3
PESADOS;CARGA;;;1989;GASOLINA;39505;MONOXIDO DE CARBONO (CO) 2500 RPM;3;3
PESADOS;CARGA;;;1989;GASOLINA;39508;RPM EN ALTAS;2586;3
PESADOS;CARGA;;;1990;DIESEL;1301;ODOMETRO VEHICULO;377986;224
PESADOS;CARGA;;;1990;DIESEL;38501;OPACIDAD - VEHI. DIE;19;88
PESADOS;CARGA;;;1990;GASOLINA;1301;ODOMETRO VEHICULO;220877;94
PESADOS;CARGA;;;1990;GASOLINA;39001;HIDROCARBUROS NO COMBUSTIONADOS (HC) RAL;357;52
PESADOS;CARGA;;;1990;GASOLINA;39003;O2 EN BAJAS;2;52
PESADOS;CARGA;;;1990;GASOLINA;39005;MONOXIDO DE CARBONO (CO) RALENTI;1;52
PESADOS;CARGA;;;1990;GASOLINA;39008;RPM EN RALENTI;811;52
PESADOS;CARGA;;;1990;GASOLINA;39501;HIDROCARBUROS NO COMBUSTIONADOS (HC) 250;190;52
PESADOS;CARGA;;;1990;GASOLINA;39503;O2 EN ALTAS RPM;2;52
PESADOS;CARGA;;;1990;GASOLINA;39505;MONOXIDO DE CARBONO (CO) 2500 RPM;1;52
PESADOS;CARGA;;;1990;GASOLINA;39508;RPM EN ALTAS;2489;51
PESADOS;CARGA;;;1991;DIESEL;1301;ODOMETRO VEHICULO;330565;413
PESADOS;CARGA;;;1991;DIESEL;38501;OPACIDAD - VEHI. DIE;27;185
PESADOS;CARGA;;;1991;DIESEL;39001;HIDROCARBUROS NO COMBUSTIONADOS (HC) RAL;573;5
PESADOS;CARGA;;;1991;DIESEL;39003;O2 EN BAJAS;2;5
PESADOS;CARGA;;;1991;DIESEL;39005;MONOXIDO DE CARBONO (CO) RALENTI;5;5
PESADOS;CARGA;;;1991;DIESEL;39008;RPM EN RALENTI;736;5
PESADOS;CARGA;;;1991;DIESEL;39501;HIDROCARBUROS NO COMBUSTIONADOS (HC) 250;211;5
PESADOS;CARGA;;;1991;DIESEL;39503;O2 EN ALTAS RPM;1;5
PESADOS;CARGA;;;1991;DIESEL;39505;MONOXIDO DE CARBONO (CO) 2500 RPM;4;5
PESADOS;CARGA;;;1991;DIESEL;39508;RPM EN ALTAS;2472;5
PESADOS;CARGA;;;1991;GASOLINA;1301;ODOMETRO VEHICULO;198723;36
PESADOS;CARGA;;;1991;GASOLINA;38501;OPACIDAD - VEHI. DIE;11;1
PESADOS;CARGA;;;1991;GASOLINA;39001;HIDROCARBUROS NO COMBUSTIONADOS (HC) RAL;559;13
PESADOS;CARGA;;;1991;GASOLINA;39003;O2 EN BAJAS;1;13
PESADOS;CARGA;;;1991;GASOLINA;39005;MONOXIDO DE CARBONO (CO) RALENTI;2;13
PESADOS;CARGA;;;1991;GASOLINA;39008;RPM EN RALENTI;822;13
PESADOS;CARGA;;;1991;GASOLINA;39501;HIDROCARBUROS NO COMBUSTIONADOS (HC) 250;260;13
PESADOS;CARGA;;;1991;GASOLINA;39503;O2 EN ALTAS RPM;1;13
PESADOS;CARGA;;;1991;GASOLINA;39505;MONOXIDO DE CARBONO (CO) 2500 RPM;1;13
PESADOS;CARGA;;;1991;GASOLINA;39508;RPM EN ALTAS;2504;13
PESADOS;CARGA;;;1992;DIESEL;1301;ODOMETRO VEHICULO;413344;323
PESADOS;CARGA;;;1992;DIESEL;38501;OPACIDAD - VEHI. DIE;25;157
PESADOS;CARGA;;;1992;DIESEL;39001;HIDROCARBUROS NO COMBUSTIONADOS (HC) RAL;235;3
PESADOS;CARGA;;;1992;DIESEL;39003;O2 EN BAJAS;3;3
PESADOS;CARGA;;;1992;DIESEL;39005;MONOXIDO DE CARBONO (CO) RALENTI;2;3
PESADOS;CARGA;;;1992;DIESEL;39008;RPM EN RALENTI;840;3
PESADOS;CARGA;;;1992;DIESEL;39501;HIDROCARBUROS NO COMBUSTIONADOS (HC) 250;153;3
PESADOS;CARGA;;;1992;DIESEL;39503;O2 EN ALTAS RPM;1;3
PESADOS;CARGA;;;1992;DIESEL;39505;MONOXIDO DE CARBONO (CO) 2500 RPM;1;3
PESADOS;CARGA;;;1992;DIESEL;39508;RPM EN ALTAS;2440;3
PESADOS;CARGA;;;1992;GASOLINA;1301;ODOMETRO VEHICULO;202262;88
PESADOS;CARGA;;;1992;GASOLINA;39001;HIDROCARBUROS NO COMBUSTIONADOS (HC) RAL;264;48
PESADOS;CARGA;;;1992;GASOLINA;39003;O2 EN BAJAS;1;51
PESADOS;CARGA;;;1992;GASOLINA;39005;MONOXIDO DE CARBONO (CO) RALENTI;2;50
PESADOS;CARGA;;;1992;GASOLINA;39008;RPM EN RALENTI;796;48
PESADOS;CARGA;;;1992;GASOLINA;39501;HIDROCARBUROS NO COMBUSTIONADOS (HC) 250;126;48
PESADOS;CARGA;;;1992;GASOLINA;39503;O2 EN ALTAS RPM;1;48
PESADOS;CARGA;;;1992;GASOLINA;39505;MONOXIDO DE CARBONO (CO) 2500 RPM;1;48
PESADOS;CARGA;;;1992;GASOLINA;39508;RPM EN ALTAS;2484;47
PESADOS;CARGA;;;1993;DIESEL;1301;ODOMETRO VEHICULO;330356;317
PESADOS;CARGA;;;1993;DIESEL;38501;OPACIDAD - VEHI. DIE;35;154
PESADOS;CARGA;;;1993;DIESEL;39001;HIDROCARBUROS NO COMBUSTIONADOS (HC) RAL;218;6
PESADOS;CARGA;;;1993;DIESEL;39003;O2 EN BAJAS;2;6
PESADOS;CARGA;;;1993;DIESEL;39005;MONOXIDO DE CARBONO (CO) RALENTI;0;6
PESADOS;CARGA;;;1993;DIESEL;39008;RPM EN RALENTI;800;6
PESADOS;CARGA;;;1993;DIESEL;39501;HIDROCARBUROS NO COMBUSTIONADOS (HC) 250;62;6
PESADOS;CARGA;;;1993;DIESEL;39503;O2 EN ALTAS RPM;2;6
PESADOS;CARGA;;;1993;DIESEL;39505;MONOXIDO DE CARBONO (CO) 2500 RPM;0;6
PESADOS;CARGA;;;1993;DIESEL;39508;RPM EN ALTAS;2493;6
PESADOS;CARGA;;;1993;GASOLINA;1301;ODOMETRO VEHICULO;271532;17
PESADOS;CARGA;;;1993;GASOLINA;39001;HIDROCARBUROS NO COMBUSTIONADOS (HC) RAL;251;5
PESADOS;CARGA;;;1993;GASOLINA;39003;O2 EN BAJAS;1;5
PESADOS;CARGA;;;1993;GASOLINA;39005;MONOXIDO DE CARBONO (CO) RALENTI;1;5
PESADOS;CARGA;;;1993;GASOLINA;39008;RPM EN RALENTI;874;5
PESADOS;CARGA;;;1993;GASOLINA;39501;HIDROCARBUROS NO COMBUSTIONADOS (HC) 250;188;5
PESADOS;CARGA;;;1993;GASOLINA;39503;O2 EN ALTAS RPM;3;5
PESADOS;CARGA;;;1993;GASOLINA;39505;MONOXIDO DE CARBONO (CO) 2500 RPM;0;5
PESADOS;CARGA;;;1993;GASOLINA;39508;RPM EN ALTAS;2454;5
PESADOS;CARGA;;;1994;DIESEL;1301;ODOMETRO VEHICULO;350236;710
PESADOS;CARGA;;;1994;DIESEL;38501;OPACIDAD - VEHI. DIE;32;332
PESADOS;CARGA;;;1994;DIESEL;39001;HIDROCARBUROS NO COMBUSTIONADOS (HC) RAL;477;19
PESADOS;CARGA;;;1994;DIESEL;39003;O2 EN BAJAS;3;19
PESADOS;CARGA;;;1994;DIESEL;39005;MONOXIDO DE CARBONO (CO) RALENTI;1;19
PESADOS;CARGA;;;1994;DIESEL;39008;RPM EN RALENTI;796;19
PESADOS;CARGA;;;1994;DIESEL;39501;HIDROCARBUROS NO COMBUSTIONADOS (HC) 250;276;19
PESADOS;CARGA;;;1994;DIESEL;39503;O2 EN ALTAS RPM;1;19
PESADOS;CARGA;;;1994;DIESEL;39505;MONOXIDO DE CARBONO (CO) 2500 RPM;3;19
PESADOS;CARGA;;;1994;DIESEL;39508;RPM EN ALTAS;2504;19
PESADOS;CARGA;;;1994;GASOLINA;1301;ODOMETRO VEHICULO;214245;155
PESADOS;CARGA;;;1994;GASOLINA;38501;OPACIDAD - VEHI. DIE;10;7
PESADOS;CARGA;;;1994;GASOLINA;39001;HIDROCARBUROS NO COMBUSTIONADOS (HC) RAL;401;98
PESADOS;CARGA;;;1994;GASOLINA;39003;O2 EN BAJAS;2;98
PESADOS;CARGA;;;1994;GASOLINA;39005;MONOXIDO DE CARBONO (CO) RALENTI;1;99
PESADOS;CARGA;;;1994;GASOLINA;39008;RPM EN RALENTI;816;98
PESADOS;CARGA;;;1994;GASOLINA;39501;HIDROCARBUROS NO COMBUSTIONADOS (HC) 250;204;98
PESADOS;CARGA;;;1994;GASOLINA;39503;O2 EN ALTAS RPM;2;99
PESADOS;CARGA;;;1994;GASOLINA;39505;MONOXIDO DE CARBONO (CO) 2500 RPM;1;98
PESADOS;CARGA;;;1994;GASOLINA;39508;RPM EN ALTAS;2475;98
PESADOS;CARGA;;;1995;DIESEL;1301;ODOMETRO VEHICULO;294549;657
PESADOS;CARGA;;;1995;DIESEL;38501;OPACIDAD - VEHI. DIE;28;323
PESADOS;CARGA;;;1995;GASOLINA;1301;ODOMETRO VEHICULO;308455;106
PESADOS;CARGA;;;1995;GASOLINA;39001;HIDROCARBUROS NO COMBUSTIONADOS (HC) RAL;380;64
PESADOS;CARGA;;;1995;GASOLINA;39003;O2 EN BAJAS;2;65
PESADOS;CARGA;;;1995;GASOLINA;39005;MONOXIDO DE CARBONO (CO) RALENTI;1;64
PESADOS;CARGA;;;1995;GASOLINA;39008;RPM EN RALENTI;788;64
PESADOS;CARGA;;;1995;GASOLINA;39501;HIDROCARBUROS NO COMBUSTIONADOS (HC) 250;165;64
PESADOS;CARGA;;;1995;GASOLINA;39503;O2 EN ALTAS RPM;2;64
PESADOS;CARGA;;;1995;GASOLINA;39505;MONOXIDO DE CARBONO (CO) 2500 RPM;1;65
PESADOS;CARGA;;;1995;GASOLINA;39508;RPM EN ALTAS;2497;64
PESADOS;CARGA;;;1996;DIESEL;1301;ODOMETRO VEHICULO;426344;364
PESADOS;CARGA;;;1996;DIESEL;38501;OPACIDAD - VEHI. DIE;31;168
PESADOS;CARGA;;;1996;GASOLINA;1301;ODOMETRO VEHICULO;330766;32
PESADOS;CARGA;;;1996;GASOLINA;39001;HIDROCARBUROS NO COMBUSTIONADOS (HC) RAL;369;19
PESADOS;CARGA;;;1996;GASOLINA;39003;O2 EN BAJAS;3;21
PESADOS;CARGA;;;1996;GASOLINA;39005;MONOXIDO DE CARBONO (CO) RALENTI;1;19
PESADOS;CARGA;;;1996;GASOLINA;39008;RPM EN RALENTI;800;19
PESADOS;CARGA;;;1996;GASOLINA;39501;HIDROCARBUROS NO COMBUSTIONADOS (HC) 250;120;19
PESADOS;CARGA;;;1996;GASOLINA;39503;O2 EN ALTAS RPM;2;19
PESADOS;CARGA;;;1996;GASOLINA;39505;MONOXIDO DE CARBONO (CO) 2500 RPM;1;20
PESADOS;CARGA;;;1996;GASOLINA;39508;RPM EN ALTAS;2472;19
PESADOS;CARGA;;;1997;DIESEL;1301;ODOMETRO VEHICULO;405143;597
PESADOS;CARGA;;;1997;DIESEL;38501;OPACIDAD - VEHI. DIE;33;328
PESADOS;CARGA;;;1997;GASOLINA;1301;ODOMETRO VEHICULO;450905;76
PESADOS;CARGA;;;1997;GASOLINA;39001;HIDROCARBUROS NO COMBUSTIONADOS (HC) RAL;458;48
PESADOS;CARGA;;;1997;GASOLINA;39003;O2 EN BAJAS;2;51
PESADOS;CARGA;;;1997;GASOLINA;39005;MONOXIDO DE CARBONO (CO) RALENTI;1;49
PESADOS;CARGA;;;1997;GASOLINA;39008;RPM EN RALENTI;812;48
PESADOS;CARGA;;;1997;GASOLINA;39501;HIDROCARBUROS NO COMBUSTIONADOS (HC) 250;159;48
PESADOS;CARGA;;;1997;GASOLINA;39503;O2 EN ALTAS RPM;2;50
PESADOS;CARGA;;;1997;GASOLINA;39505;MONOXIDO DE CARBONO (CO) 2500 RPM;1;48
PESADOS;CARGA;;;1997;GASOLINA;39508;RPM EN ALTAS;2480;48
PESADOS;CARGA;;;1998;DIESEL;1301;ODOMETRO VEHICULO;752044;2106
PESADOS;CARGA;;;1998;DIESEL;38501;OPACIDAD - VEHI. DIE;26;1138
PESADOS;CARGA;;;1998;GASOLINA;1301;ODOMETRO VEHICULO;289728;126
PESADOS;CARGA;;;1998;GASOLINA;39001;HIDROCARBUROS NO COMBUSTIONADOS (HC) RAL;507;64
PESADOS;CARGA;;;1998;GASOLINA;39003;O2 EN BAJAS;2;64
PESADOS;CARGA;;;1998;GASOLINA;39005;MONOXIDO DE CARBONO (CO) RALENTI;2;64
PESADOS;CARGA;;;1998;GASOLINA;39008;RPM EN RALENTI;777;64
PESADOS;CARGA;;;1998;GASOLINA;39501;HIDROCARBUROS NO COMBUSTIONADOS (HC) 250;353;64
PESADOS;CARGA;;;1998;GASOLINA;39503;O2 EN ALTAS RPM;2;65
PESADOS;CARGA;;;1998;GASOLINA;39505;MONOXIDO DE CARBONO (CO) 2500 RPM;1;64
PESADOS;CARGA;;;1998;GASOLINA;39508;RPM EN ALTAS;2488;64
PESADOS;CARGA;;;1999;DIESEL;1301;ODOMETRO VEHICULO;374534;1602
PESADOS;CARGA;;;1999;DIESEL;38501;OPACIDAD - VEHI. DIE;28;841
PESADOS;CARGA;;;1999;GASOLINA;1301;ODOMETRO VEHICULO;190068;24
PESADOS;CARGA;;;1999;GASOLINA;39001;HIDROCARBUROS NO COMBUSTIONADOS (HC) RAL;294;12
PESADOS;CARGA;;;1999;GASOLINA;39003;O2 EN BAJAS;2;12
PESADOS;CARGA;;;1999;GASOLINA;39005;MONOXIDO DE CARBONO (CO) RALENTI;1;12
PESADOS;CARGA;;;1999;GASOLINA;39008;RPM EN RALENTI;759;12
PESADOS;CARGA;;;1999;GASOLINA;39501;HIDROCARBUROS NO COMBUSTIONADOS (HC) 250;127;12
PESADOS;CARGA;;;1999;GASOLINA;39503;O2 EN ALTAS RPM;2;12
PESADOS;CARGA;;;1999;GASOLINA;39505;MONOXIDO DE CARBONO (CO) 2500 RPM;0;12
PESADOS;CARGA;;;1999;GASOLINA;39508;RPM EN ALTAS;2442;12
PESADOS;CARGA;;;2000;DIESEL;1301;ODOMETRO VEHICULO;241616;295
PESADOS;CARGA;;;2000;DIESEL;38501;OPACIDAD - VEHI. DIE;25;170
PESADOS;CARGA;;;2000;GASOLINA;1301;ODOMETRO VEHICULO;583145;6
PESADOS;CARGA;;;2000;GASOLINA;39001;HIDROCARBUROS NO COMBUSTIONADOS (HC) RAL;740;5
PESADOS;CARGA;;;2000;GASOLINA;39003;O2 EN BAJAS;4;5
PESADOS;CARGA;;;2000;GASOLINA;39005;MONOXIDO DE CARBONO (CO) RALENTI;0;5
PESADOS;CARGA;;;2000;GASOLINA;39008;RPM EN RALENTI;806;5
PESADOS;CARGA;;;2000;GASOLINA;39501;HIDROCARBUROS NO COMBUSTIONADOS (HC) 250;212;5
PESADOS;CARGA;;;2000;GASOLINA;39503;O2 EN ALTAS RPM;2;5
PESADOS;CARGA;;;2000;GASOLINA;39505;MONOXIDO DE CARBONO (CO) 2500 RPM;0;5
PESADOS;CARGA;;;2000;GASOLINA;39508;RPM EN ALTAS;2504;5
PESADOS;CARGA;;;2001;DIESEL;1301;ODOMETRO VEHICULO;368572;2999
PESADOS;CARGA;;;2001;DIESEL;38501;OPACIDAD - VEHI. DIE;24;1841
PESADOS;CARGA;;;2001;GASOLINA;1301;ODOMETRO VEHICULO;230164;21
PESADOS;CARGA;;;2001;GASOLINA;39001;HIDROCARBUROS NO COMBUSTIONADOS (HC) RAL;186;12
PESADOS;CARGA;;;2001;GASOLINA;39003;O2 EN BAJAS;0;12
PESADOS;CARGA;;;2001;GASOLINA;39005;MONOXIDO DE CARBONO (CO) RALENTI;0;12
PESADOS;CARGA;;;2001;GASOLINA;39008;RPM EN RALENTI;780;12
PESADOS;CARGA;;;2001;GASOLINA;39501;HIDROCARBUROS NO COMBUSTIONADOS (HC) 250;126;12
PESADOS;CARGA;;;2001;GASOLINA;39503;O2 EN ALTAS RPM;0;12
PESADOS;CARGA;;;2001;GASOLINA;39505;MONOXIDO DE CARBONO (CO) 2500 RPM;0;12
PESADOS;CARGA;;;2001;GASOLINA;39508;RPM EN ALTAS;2462;12
PESADOS;CARGA;;;2002;DIESEL;1301;ODOMETRO VEHICULO;365895;7894
PESADOS;CARGA;;;2002;DIESEL;38501;OPACIDAD - VEHI. DIE;27;4897
PESADOS;CARGA;;;2002;GASOLINA;1301;ODOMETRO VEHICULO;249676;75
PESADOS;CARGA;;;2002;GASOLINA;39001;HIDROCARBUROS NO COMBUSTIONADOS (HC) RAL;268;56
PESADOS;CARGA;;;2002;GASOLINA;39003;O2 EN BAJAS;1;52
PESADOS;CARGA;;;2002;GASOLINA;39005;MONOXIDO DE CARBONO (CO) RALENTI;0;53
PESADOS;CARGA;;;2002;GASOLINA;39008;RPM EN RALENTI;812;52
PESADOS;CARGA;;;2002;GASOLINA;39501;HIDROCARBUROS NO COMBUSTIONADOS (HC) 250;251;52
PESADOS;CARGA;;;2002;GASOLINA;39503;O2 EN ALTAS RPM;1;52
PESADOS;CARGA;;;2002;GASOLINA;39505;MONOXIDO DE CARBONO (CO) 2500 RPM;0;56
PESADOS;CARGA;;;2002;GASOLINA;39508;RPM EN ALTAS;2437;50
PESADOS;CARGA;;;2003;DIESEL;1301;ODOMETRO VEHICULO;351030;6174
PESADOS;CARGA;;;2003;DIESEL;38501;OPACIDAD - VEHI. DIE;26;3866
PESADOS;CARGA;;;2003;GASOLINA;1301;ODOMETRO VEHICULO;312306;50
PESADOS;CARGA;;;2003;GASOLINA;39001;HIDROCARBUROS NO COMBUSTIONADOS (HC) RAL;195;32
PESADOS;CARGA;;;2003;GASOLINA;39003;O2 EN BAJAS;2;33
PESADOS;CARGA;;;2003;GASOLINA;39005;MONOXIDO DE CARBONO (CO) RALENTI;0;32
PESADOS;CARGA;;;2003;GASOLINA;39008;RPM EN RALENTI;804;32
PESADOS;CARGA;;;2003;GASOLINA;39501;HIDROCARBUROS NO COMBUSTIONADOS (HC) 250;120;32
PESADOS;CARGA;;;2003;GASOLINA;39503;O2 EN ALTAS RPM;2;33
PESADOS;CARGA;;;2003;GASOLINA;39505;MONOXIDO DE CARBONO (CO) 2500 RPM;0;32
PESADOS;CARGA;;;2003;GASOLINA;39508;RPM EN ALTAS;2456;32
PESADOS;CARGA;;;2004;DIESEL;1301;ODOMETRO VEHICULO;346606;5381
PESADOS;CARGA;;;2004;DIESEL;38501;OPACIDAD - VEHI. DIE;29;3429
PESADOS;CARGA;;;2004;GASOLINA;1301;ODOMETRO VEHICULO;206621;29
PESADOS;CARGA;;;2004;GASOLINA;39001;HIDROCARBUROS NO COMBUSTIONADOS (HC) RAL;162;17
PESADOS;CARGA;;;2004;GASOLINA;39003;O2 EN BAJAS;1;17
PESADOS;CARGA;;;2004;GASOLINA;39005;MONOXIDO DE CARBONO (CO) RALENTI;0;17
PESADOS;CARGA;;;2004;GASOLINA;39008;RPM EN RALENTI;869;17
PESADOS;CARGA;;;2004;GASOLINA;39501;HIDROCARBUROS NO COMBUSTIONADOS (HC) 250;94;17
PESADOS;CARGA;;;2004;GASOLINA;39503;O2 EN ALTAS RPM;1;17
PESADOS;CARGA;;;2004;GASOLINA;39505;MONOXIDO DE CARBONO (CO) 2500 RPM;0;18
PESADOS;CARGA;;;2004;GASOLINA;39508;RPM EN ALTAS;2468;17
PESADOS;CARGA;;;2005;DIESEL;1301;ODOMETRO VEHICULO;363774;7463
PESADOS;CARGA;;;2005;DIESEL;38501;OPACIDAD - VEHI. DIE;27;4774
PESADOS;CARGA;;;2005;GASOLINA;1301;ODOMETRO VEHICULO;304663;7
PESADOS;CARGA;;;2005;GASOLINA;39001;HIDROCARBUROS NO COMBUSTIONADOS (HC) RAL;667;1
PESADOS;CARGA;;;2005;GASOLINA;39003;O2 EN BAJAS;0;1
PESADOS;CARGA;;;2005;GASOLINA;39005;MONOXIDO DE CARBONO (CO) RALENTI;9;1
PESADOS;CARGA;;;2005;GASOLINA;39008;RPM EN RALENTI;920;1
PESADOS;CARGA;;;2005;GASOLINA;39501;HIDROCARBUROS NO COMBUSTIONADOS (HC) 250;615;1
PESADOS;CARGA;;;2005;GASOLINA;39503;O2 EN ALTAS RPM;0;1
PESADOS;CARGA;;;2005;GASOLINA;39505;MONOXIDO DE CARBONO (CO) 2500 RPM;9;1
PESADOS;CARGA;;;2005;GASOLINA;39508;RPM EN ALTAS;2410;1
PESADOS;CARGA;;;2006;DIESEL;1301;ODOMETRO VEHICULO;354469;9970
PESADOS;CARGA;;;2006;DIESEL;38501;OPACIDAD - VEHI. DIE;27;6383
PESADOS;CARGA;;;2006;GASOLINA;1301;ODOMETRO VEHICULO;120550;19
PESADOS;CARGA;;;2006;GASOLINA;39001;HIDROCARBUROS NO COMBUSTIONADOS (HC) RAL;184;10
PESADOS;CARGA;;;2006;GASOLINA;39003;O2 EN BAJAS;1;10
PESADOS;CARGA;;;2006;GASOLINA;39005;MONOXIDO DE CARBONO (CO) RALENTI;0;10
PESADOS;CARGA;;;2006;GASOLINA;39008;RPM EN RALENTI;755;10
PESADOS;CARGA;;;2006;GASOLINA;39501;HIDROCARBUROS NO COMBUSTIONADOS (HC) 250;119;10
PESADOS;CARGA;;;2006;GASOLINA;39503;O2 EN ALTAS RPM;1;10
PESADOS;CARGA;;;2006;GASOLINA;39505;MONOXIDO DE CARBONO (CO) 2500 RPM;0;10
PESADOS;CARGA;;;2006;GASOLINA;39508;RPM EN ALTAS;2490;10
PESADOS;CARGA;;;2007;DIESEL;1301;ODOMETRO VEHICULO;317910;17447
PESADOS;CARGA;;;2007;DIESEL;38501;OPACIDAD - VEHI. DIE;27;11439
PESADOS;CARGA;;;2007;GASOLINA;1301;ODOMETRO VEHICULO;221713;19
PESADOS;CARGA;;;2007;GASOLINA;39001;HIDROCARBUROS NO COMBUSTIONADOS (HC) RAL;532;2
PESADOS;CARGA;;;2007;GASOLINA;39003;O2 EN BAJAS;2;2
PESADOS;CARGA;;;2007;GASOLINA;39005;MONOXIDO DE CARBONO (CO) RALENTI;3;2
PESADOS;CARGA;;;2007;GASOLINA;39008;RPM EN RALENTI;865;2
PESADOS;CARGA;;;2007;GASOLINA;39501;HIDROCARBUROS NO COMBUSTIONADOS (HC) 250;281;2
PESADOS;CARGA;;;2007;GASOLINA;39503;O2 EN ALTAS RPM;0;2
PESADOS;CARGA;;;2007;GASOLINA;39505;MONOXIDO DE CARBONO (CO) 2500 RPM;1;2
PESADOS;CARGA;;;2007;GASOLINA;39508;RPM EN ALTAS;2400;2
PESADOS;CARGA;;;2008;DIESEL;1301;ODOMETRO VEHICULO;338806;15345
PESADOS;CARGA;;;2008;DIESEL;38501;OPACIDAD - VEHI. DIE;27;10139
PESADOS;CARGA;;;2008;GASOLINA;1301;ODOMETRO VEHICULO;300100;65
PESADOS;CARGA;;;2008;GASOLINA;39001;HIDROCARBUROS NO COMBUSTIONADOS (HC) RAL;171;30
PESADOS;CARGA;;;2008;GASOLINA;39003;O2 EN BAJAS;2;30
PESADOS;CARGA;;;2008;GASOLINA;39005;MONOXIDO DE CARBONO (CO) RALENTI;0;30
PESADOS;CARGA;;;2008;GASOLINA;39008;RPM EN RALENTI;773;30
PESADOS;CARGA;;;2008;GASOLINA;39501;HIDROCARBUROS NO COMBUSTIONADOS (HC) 250;129;30
PESADOS;CARGA;;;2008;GASOLINA;39503;O2 EN ALTAS RPM;2;30
PESADOS;CARGA;;;2008;GASOLINA;39505;MONOXIDO DE CARBONO (CO) 2500 RPM;0;30
PESADOS;CARGA;;;2008;GASOLINA;39508;RPM EN ALTAS;2441;30
PESADOS;CARGA;;;2009;DIESEL;1301;ODOMETRO VEHICULO;319869;17908
PESADOS;CARGA;;;2009;DIESEL;38501;OPACIDAD - VEHI. DIE;27;11986
PESADOS;CARGA;;;2009;GASOLINA;1301;ODOMETRO VEHICULO;80284;36
PESADOS;CARGA;;;2009;GASOLINA;39001;HIDROCARBUROS NO COMBUSTIONADOS (HC) RAL;46;24
PESADOS;CARGA;;;2009;GASOLINA;39003;O2 EN BAJAS;0;24
PESADOS;CARGA;;;2009;GASOLINA;39005;MONOXIDO DE CARBONO (CO) RALENTI;0;24
PESADOS;CARGA;;;2009;GASOLINA;39008;RPM EN RALENTI;726;24
PESADOS;CARGA;;;2009;GASOLINA;39501;HIDROCARBUROS NO COMBUSTIONADOS (HC) 250;14;24
PESADOS;CARGA;;;2009;GASOLINA;39503;O2 EN ALTAS RPM;0;24
PESADOS;CARGA;;;2009;GASOLINA;39505;MONOXIDO DE CARBONO (CO) 2500 RPM;0;24
PESADOS;CARGA;;;2009;GASOLINA;39508;RPM EN ALTAS;2451;24
PESADOS;CARGA;;;2010;DIESEL;1301;ODOMETRO VEHICULO;307552;13309
PESADOS;CARGA;;;2010;DIESEL;38501;OPACIDAD - VEHI. DIE;26;8996
PESADOS;CARGA;;;2010;GASOLINA;1301;ODOMETRO VEHICULO;56866;19
PESADOS;CARGA;;;2010;GASOLINA;39001;HIDROCARBUROS NO COMBUSTIONADOS (HC) RAL;22;14
PESADOS;CARGA;;;2010;GASOLINA;39003;O2 EN BAJAS;0;14
PESADOS;CARGA;;;2010;GASOLINA;39005;MONOXIDO DE CARBONO (CO) RALENTI;0;14
PESADOS;CARGA;;;2010;GASOLINA;39008;RPM EN RALENTI;716;14
PESADOS;CARGA;;;2010;GASOLINA;39501;HIDROCARBUROS NO COMBUSTIONADOS (HC) 250;12;14
PESADOS;CARGA;;;2010;GASOLINA;39503;O2 EN ALTAS RPM;0;14
PESADOS;CARGA;;;2010;GASOLINA;39505;MONOXIDO DE CARBONO (CO) 2500 RPM;0;14
PESADOS;CARGA;;;2010;GASOLINA;39508;RPM EN ALTAS;2450;14
PESADOS;CARGA;;;2011;DIESEL;1301;ODOMETRO VEHICULO;284177;22462
PESADOS;CARGA;;;2011;DIESEL;38501;OPACIDAD - VEHI. DIE;29;15418
PESADOS;CARGA;;;2011;GASOLINA;1301;ODOMETRO VEHICULO;178270;31
PESADOS;CARGA;;;2011;GASOLINA;39001;HIDROCARBUROS NO COMBUSTIONADOS (HC) RAL;12;15
PESADOS;CARGA;;;2011;GASOLINA;39003;O2 EN BAJAS;0;15
PESADOS;CARGA;;;2011;GASOLINA;39005;MONOXIDO DE CARBONO (CO) RALENTI;0;15
PESADOS;CARGA;;;2011;GASOLINA;39008;RPM EN RALENTI;716;15
PESADOS;CARGA;;;2011;GASOLINA;39501;HIDROCARBUROS NO COMBUSTIONADOS (HC) 250;9;15
PESADOS;CARGA;;;2011;GASOLINA;39503;O2 EN ALTAS RPM;0;15
PESADOS;CARGA;;;2011;GASOLINA;39505;MONOXIDO DE CARBONO (CO) 2500 RPM;0;15
PESADOS;CARGA;;;2011;GASOLINA;39508;RPM EN ALTAS;2465;15
PESADOS;CARGA;;;2012;DIESEL;1301;ODOMETRO VEHICULO;270448;23818
PESADOS;CARGA;;;2012;DIESEL;38501;OPACIDAD - VEHI. DIE;28;16271
PESADOS;CARGA;;;2012;DIESEL;39001;HIDROCARBUROS NO COMBUSTIONADOS (HC) RAL;12;1
PESADOS;CARGA;;;2012;DIESEL;39003;O2 EN BAJAS;0;1
PESADOS;CARGA;;;2012;DIESEL;39005;MONOXIDO DE CARBONO (CO) RALENTI;0;1
PESADOS;CARGA;;;2012;DIESEL;39008;RPM EN RALENTI;770;1
PESADOS;CARGA;;;2012;DIESEL;39501;HIDROCARBUROS NO COMBUSTIONADOS (HC) 250;6;1
PESADOS;CARGA;;;2012;DIESEL;39503;O2 EN ALTAS RPM;0;1
PESADOS;CARGA;;;2012;DIESEL;39505;MONOXIDO DE CARBONO (CO) 2500 RPM;0;1
PESADOS;CARGA;;;2012;DIESEL;39508;RPM EN ALTAS;2510;1
PESADOS;CARGA;;;2012;GASOLINA;1301;ODOMETRO VEHICULO;400623;15
PESADOS;CARGA;;;2013;DIESEL;1301;ODOMETRO VEHICULO;196429;29644
PESADOS;CARGA;;;2013;DIESEL;38501;OPACIDAD - VEHI. DIE;26;20193
PESADOS;CARGA;;;2013;DIESEL;39001;HIDROCARBUROS NO COMBUSTIONADOS (HC) RAL;89;1
PESADOS;CARGA;;;2013;DIESEL;39003;O2 EN BAJAS;4;1
PESADOS;CARGA;;;2013;DIESEL;39005;MONOXIDO DE CARBONO (CO) RALENTI;0;1
PESADOS;CARGA;;;2013;DIESEL;39008;RPM EN RALENTI;640;1
PESADOS;CARGA;;;2013;DIESEL;39501;HIDROCARBUROS NO COMBUSTIONADOS (HC) 250;78;1
PESADOS;CARGA;;;2013;DIESEL;39503;O2 EN ALTAS RPM;0;1
PESADOS;CARGA;;;2013;DIESEL;39505;MONOXIDO DE CARBONO (CO) 2500 RPM;0;1
PESADOS;CARGA;;;2013;DIESEL;39508;RPM EN ALTAS;2490;1
PESADOS;CARGA;;;2013;GASOLINA;1301;ODOMETRO VEHICULO;114463;69
PESADOS;CARGA;;;2013;GASOLINA;39001;HIDROCARBUROS NO COMBUSTIONADOS (HC) RAL;26;41
PESADOS;CARGA;;;2013;GASOLINA;39003;O2 EN BAJAS;0;41
PESADOS;CARGA;;;2013;GASOLINA;39005;MONOXIDO DE CARBONO (CO) RALENTI;0;41
PESADOS;CARGA;;;2013;GASOLINA;39008;RPM EN RALENTI;737;41
PESADOS;CARGA;;;2013;GASOLINA;39501;HIDROCARBUROS NO COMBUSTIONADOS (HC) 250;13;41
PESADOS;CARGA;;;2013;GASOLINA;39503;O2 EN ALTAS RPM;0;41
PESADOS;CARGA;;;2013;GASOLINA;39505;MONOXIDO DE CARBONO (CO) 2500 RPM;0;41
PESADOS;CARGA;;;2013;GASOLINA;39508;RPM EN ALTAS;2448;41
PESADOS;CARGA;;;2014;DIESEL;1301;ODOMETRO VEHICULO;179325;23766
PESADOS;CARGA;;;2014;DIESEL;38501;OPACIDAD - VEHI. DIE;26;16314
PESADOS;CARGA;;;2014;GASOLINA;1301;ODOMETRO VEHICULO;78555;8
PESADOS;CARGA;;;2015;DIESEL;1301;ODOMETRO VEHICULO;168325;26851
PESADOS;CARGA;;;2015;DIESEL;38501;OPACIDAD - VEHI. DIE;27;19208
PESADOS;CARGA;;;2015;GASOLINA;1301;ODOMETRO VEHICULO;92649;33
PESADOS;CARGA;;;2016;DIESEL;1301;ODOMETRO VEHICULO;118587;11064
PESADOS;CARGA;;;2016;DIESEL;38501;OPACIDAD - VEHI. DIE;27;8147
PESADOS;CARGA;;;2016;GASOLINA;1301;ODOMETRO VEHICULO;133800;4
PESADOS;CARGA;;;2017;DIESEL;1301;ODOMETRO VEHICULO;120571;2363
PESADOS;CARGA;;;2017;DIESEL;38501;OPACIDAD - VEHI. DIE;31;1815
PESADOS;CARGA;;;2017;GASOLINA;1301;ODOMETRO VEHICULO;25471;7
PESADOS;CARGA;;;2017;GASOLINA;38501;OPACIDAD - VEHI. DIE;1;1
PESADOS;CARGA;;;2017;GASOLINA;39001;HIDROCARBUROS NO COMBUSTIONADOS (HC) RAL;16;6
PESADOS;CARGA;;;2017;GASOLINA;39003;O2 EN BAJAS;0;6
PESADOS;CARGA;;;2017;GASOLINA;39005;MONOXIDO DE CARBONO (CO) RALENTI;0;6
PESADOS;CARGA;;;2017;GASOLINA;39008;RPM EN RALENTI;760;6
PESADOS;CARGA;;;2017;GASOLINA;39501;HIDROCARBUROS NO COMBUSTIONADOS (HC) 250;10;6
PESADOS;CARGA;;;2017;GASOLINA;39503;O2 EN ALTAS RPM;0;6
PESADOS;CARGA;;;2017;GASOLINA;39505;MONOXIDO DE CARBONO (CO) 2500 RPM;0;6
PESADOS;CARGA;;;2017;GASOLINA;39508;RPM EN ALTAS;2410;6
PESADOS;CARGA;;;2018;DIESEL;1301;ODOMETRO VEHICULO;108691;8553
PESADOS;CARGA;;;2018;DIESEL;38501;OPACIDAD - VEHI. DIE;27;6562
PESADOS;CARGA;;;2018;GASOLINA;1301;ODOMETRO VEHICULO;11734;31
PESADOS;CARGA;;;2018;GASOLINA;39001;HIDROCARBUROS NO COMBUSTIONADOS (HC) RAL;6;27
PESADOS;CARGA;;;2018;GASOLINA;39003;O2 EN BAJAS;0;27
PESADOS;CARGA;;;2018;GASOLINA;39005;MONOXIDO DE CARBONO (CO) RALENTI;0;27
PESADOS;CARGA;;;2018;GASOLINA;39008;RPM EN RALENTI;701;27
PESADOS;CARGA;;;2018;GASOLINA;39501;HIDROCARBUROS NO COMBUSTIONADOS (HC) 250;10;27
PESADOS;CARGA;;;2018;GASOLINA;39503;O2 EN ALTAS RPM;0;27
PESADOS;CARGA;;;2018;GASOLINA;39505;MONOXIDO DE CARBONO (CO) 2500 RPM;0;27
PESADOS;CARGA;;;2018;GASOLINA;39508;RPM EN ALTAS;2464;25
PESADOS;CARGA;;;2019;DIESEL;1301;ODOMETRO VEHICULO;99147;7954
PESADOS;CARGA;;;2019;DIESEL;38501;OPACIDAD - VEHI. DIE;19;6256
PESADOS;CARGA;;;2019;GASOLINA;1301;ODOMETRO VEHICULO;52344;50
PESADOS;CARGA;;;2019;GASOLINA;39001;HIDROCARBUROS NO COMBUSTIONADOS (HC) RAL;20;38
PESADOS;CARGA;;;2019;GASOLINA;39003;O2 EN BAJAS;1;38
PESADOS;CARGA;;;2019;GASOLINA;39005;MONOXIDO DE CARBONO (CO) RALENTI;0;38
PESADOS;CARGA;;;2019;GASOLINA;39008;RPM EN RALENTI;803;38
PESADOS;CARGA;;;2019;GASOLINA;39501;HIDROCARBUROS NO COMBUSTIONADOS (HC) 250;20;38
PESADOS;CARGA;;;2019;GASOLINA;39503;O2 EN ALTAS RPM;0;38
PESADOS;CARGA;;;2019;GASOLINA;39505;MONOXIDO DE CARBONO (CO) 2500 RPM;0;38
PESADOS;CARGA;;;2019;GASOLINA;39508;RPM EN ALTAS;2452;37
PESADOS;CARGA;;;2020;DIESEL;1301;ODOMETRO VEHICULO;97916;5520
PESADOS;CARGA;;;2020;DIESEL;38501;OPACIDAD - VEHI. DIE;19;4400
PESADOS;CARGA;;;2020;DIESEL;39001;HIDROCARBUROS NO COMBUSTIONADOS (HC) RAL;3;2
PESADOS;CARGA;;;2020;DIESEL;39003;O2 EN BAJAS;0;2
PESADOS;CARGA;;;2020;DIESEL;39005;MONOXIDO DE CARBONO (CO) RALENTI;0;2
PESADOS;CARGA;;;2020;DIESEL;39008;RPM EN RALENTI;1045;2
PESADOS;CARGA;;;2020;DIESEL;39501;HIDROCARBUROS NO COMBUSTIONADOS (HC) 250;6;2
PESADOS;CARGA;;;2020;DIESEL;39503;O2 EN ALTAS RPM;0;2
PESADOS;CARGA;;;2020;DIESEL;39505;MONOXIDO DE CARBONO (CO) 2500 RPM;0;2
PESADOS;CARGA;;;2020;DIESEL;39508;RPM EN ALTAS;2490;1
PESADOS;CARGA;;;2020;GASOLINA;1301;ODOMETRO VEHICULO;35821;59
PESADOS;CARGA;;;2020;GASOLINA;38501;OPACIDAD - VEHI. DIE;27;1
PESADOS;CARGA;;;2020;GASOLINA;39001;HIDROCARBUROS NO COMBUSTIONADOS (HC) RAL;53;45
PESADOS;CARGA;;;2020;GASOLINA;39003;O2 EN BAJAS;1;45
PESADOS;CARGA;;;2020;GASOLINA;39005;MONOXIDO DE CARBONO (CO) RALENTI;0;45
PESADOS;CARGA;;;2020;GASOLINA;39008;RPM EN RALENTI;802;45
PESADOS;CARGA;;;2020;GASOLINA;39501;HIDROCARBUROS NO COMBUSTIONADOS (HC) 250;24;45
PESADOS;CARGA;;;2020;GASOLINA;39503;O2 EN ALTAS RPM;1;45
PESADOS;CARGA;;;2020;GASOLINA;39505;MONOXIDO DE CARBONO (CO) 2500 RPM;0;45
PESADOS;CARGA;;;2020;GASOLINA;39508;RPM EN ALTAS;2499;43
PESADOS;CARGA;;;2021;DIESEL;1301;ODOMETRO VEHICULO;71300;3130
PESADOS;CARGA;;;2021;DIESEL;38501;OPACIDAD - VEHI. DIE;18;2506
PESADOS;CARGA;;;2021;GASOLINA;1301;ODOMETRO VEHICULO;24737;19
PESADOS;CARGA;;;2021;GASOLINA;38501;OPACIDAD - VEHI. DIE;10;1
PESADOS;CARGA;;;2021;GASOLINA;39001;HIDROCARBUROS NO COMBUSTIONADOS (HC) RAL;16;11
PESADOS;CARGA;;;2021;GASOLINA;39003;O2 EN BAJAS;0;11
PESADOS;CARGA;;;2021;GASOLINA;39005;MONOXIDO DE CARBONO (CO) RALENTI;0;11
PESADOS;CARGA;;;2021;GASOLINA;39008;RPM EN RALENTI;712;11
PESADOS;CARGA;;;2021;GASOLINA;39501;HIDROCARBUROS NO COMBUSTIONADOS (HC) 250;10;11
PESADOS;CARGA;;;2021;GASOLINA;39503;O2 EN ALTAS RPM;0;11
PESADOS;CARGA;;;2021;GASOLINA;39505;MONOXIDO DE CARBONO (CO) 2500 RPM;0;11
PESADOS;CARGA;;;2021;GASOLINA;39508;RPM EN ALTAS;2518;10
PESADOS;CARGA;;;2022;DIESEL;1301;ODOMETRO VEHICULO;60571;3598
PESADOS;CARGA;;;2022;DIESEL;38501;OPACIDAD - VEHI. DIE;20;2912
PESADOS;CARGA;;;2022;GASOLINA;1301;ODOMETRO VEHICULO;37739;13
PESADOS;CARGA;;;2022;GASOLINA;38501;OPACIDAD - VEHI. DIE;30;4
PESADOS;CARGA;;;2022;GASOLINA;39001;HIDROCARBUROS NO COMBUSTIONADOS (HC) RAL;0;3
PESADOS;CARGA;;;2022;GASOLINA;39003;O2 EN BAJAS;0;3
PESADOS;CARGA;;;2022;GASOLINA;39005;MONOXIDO DE CARBONO (CO) RALENTI;0;3
PESADOS;CARGA;;;2022;GASOLINA;39008;RPM EN RALENTI;653;3
PESADOS;CARGA;;;2022;GASOLINA;39501;HIDROCARBUROS NO COMBUSTIONADOS (HC) 250;0;3
PESADOS;CARGA;;;2022;GASOLINA;39503;O2 EN ALTAS RPM;0;3
PESADOS;CARGA;;;2022;GASOLINA;39505;MONOXIDO DE CARBONO (CO) 2500 RPM;0;3
PESADOS;CARGA;;;2022;GASOLINA;39508;RPM EN ALTAS;2520;1
PESADOS;CARGA;;;2023;DIESEL;1301;ODOMETRO VEHICULO;41624;2307
PESADOS;CARGA;;;2023;DIESEL;38501;OPACIDAD - VEHI. DIE;20;1866
PESADOS;CARGA;;;2023;GASOLINA;1301;ODOMETRO VEHICULO;14311;14
PESADOS;CARGA;;;2023;GASOLINA;38501;OPACIDAD - VEHI. DIE;11;1
PESADOS;CARGA;;;2023;GASOLINA;39001;HIDROCARBUROS NO COMBUSTIONADOS (HC) RAL;23;9
PESADOS;CARGA;;;2023;GASOLINA;39003;O2 EN BAJAS;0;9
PESADOS;CARGA;;;2023;GASOLINA;39005;MONOXIDO DE CARBONO (CO) RALENTI;0;9
PESADOS;CARGA;;;2023;GASOLINA;39008;RPM EN RALENTI;722;9
PESADOS;CARGA;;;2023;GASOLINA;39501;HIDROCARBUROS NO COMBUSTIONADOS (HC) 250;16;9
PESADOS;CARGA;;;2023;GASOLINA;39503;O2 EN ALTAS RPM;0;9
PESADOS;CARGA;;;2023;GASOLINA;39505;MONOXIDO DE CARBONO (CO) 2500 RPM;0;9
PESADOS;CARGA;;;2023;GASOLINA;39508;RPM EN ALTAS;2446;6
PESADOS;CARGA;;;2024;DIESEL;1301;ODOMETRO VEHICULO;14221;920
PESADOS;CARGA;;;2024;DIESEL;38501;OPACIDAD - VEHI. DIE;17;795
PESADOS;CARGA;;;2024;GASOLINA;1301;ODOMETRO VEHICULO;7443;4
PESADOS;CARGA;;;2024;GASOLINA;38501;OPACIDAD - VEHI. DIE;8;1
PESADOS;CARGA;;;2024;GASOLINA;39001;HIDROCARBUROS NO COMBUSTIONADOS (HC) RAL;64;2
PESADOS;CARGA;;;2024;GASOLINA;39003;O2 EN BAJAS;1;2
PESADOS;CARGA;;;2024;GASOLINA;39005;MONOXIDO DE CARBONO (CO) RALENTI;0;2
PESADOS;CARGA;;;2024;GASOLINA;39008;RPM EN RALENTI;755;2
PESADOS;CARGA;;;2024;GASOLINA;39501;HIDROCARBUROS NO COMBUSTIONADOS (HC) 250;66;2
PESADOS;CARGA;;;2024;GASOLINA;39503;O2 EN ALTAS RPM;1;2
PESADOS;CARGA;;;2024;GASOLINA;39505;MONOXIDO DE CARBONO (CO) 2500 RPM;0;2
PESADOS;CARGA;;;2024;GASOLINA;39508;RPM EN ALTAS;2405;2
PESADOS;CARGA;;;2025;DIESEL;1301;ODOMETRO VEHICULO;3115;136
PESADOS;CARGA;;;2025;DIESEL;38501;OPACIDAD - VEHI. DIE;14;114
PESADOS;CARGA;CARGA;;1996;DIESEL;1301;ODOMETRO VEHICULO;714498;4
PESADOS;CARGA;CARGA;;2003;DIESEL;1301;ODOMETRO VEHICULO;299998;24
PESADOS;CARGA;CARGA;;2003;DIESEL;38501;OPACIDAD - VEHI. DIE;14;13
PESADOS;CARGA;CARGA;;2004;DIESEL;1301;ODOMETRO VEHICULO;784401;21
PESADOS;CARGA;CARGA;;2004;DIESEL;38501;OPACIDAD - VEHI. DIE;35;12
PESADOS;CARGA;CARGA;;2005;DIESEL;1301;ODOMETRO VEHICULO;307829;56
PESADOS;CARGA;CARGA;;2005;DIESEL;38501;OPACIDAD - VEHI. DIE;36;43
PESADOS;CARGA;CARGA;;2006;DIESEL;1301;ODOMETRO VEHICULO;379337;48
PESADOS;CARGA;CARGA;;2006;DIESEL;38501;OPACIDAD - VEHI. DIE;20;29
PESADOS;CARGA;CARGA;;2007;DIESEL;1301;ODOMETRO VEHICULO;322588;191
PESADOS;CARGA;CARGA;;2007;DIESEL;38501;OPACIDAD - VEHI. DIE;26;121
PESADOS;CARGA;CARGA;;2008;DIESEL;1301;ODOMETRO VEHICULO;303047;262
PESADOS;CARGA;CARGA;;2008;DIESEL;38501;OPACIDAD - VEHI. DIE;26;162
PESADOS;CARGA;CARGA;;2009;DIESEL;1301;ODOMETRO VEHICULO;298061;337
PESADOS;CARGA;CARGA;;2009;DIESEL;38501;OPACIDAD - VEHI. DIE;23;213
PESADOS;CARGA;CARGA;;2010;DIESEL;1301;ODOMETRO VEHICULO;275630;271
PESADOS;CARGA;CARGA;;2010;DIESEL;38501;OPACIDAD - VEHI. DIE;21;167
PESADOS;CARGA;CARGA;;2011;DIESEL;1301;ODOMETRO VEHICULO;252766;551
PESADOS;CARGA;CARGA;;2011;DIESEL;38501;OPACIDAD - VEHI. DIE;24;358
PESADOS;CARGA;CARGA;;2012;DIESEL;1301;ODOMETRO VEHICULO;238226;704
PESADOS;CARGA;CARGA;;2012;DIESEL;38501;OPACIDAD - VEHI. DIE;24;438
PESADOS;CARGA;CARGA;;2013;DIESEL;1301;ODOMETRO VEHICULO;202000;914
PESADOS;CARGA;CARGA;;2013;DIESEL;38501;OPACIDAD - VEHI. DIE;23;588
PESADOS;CARGA;CARGA;;2014;DIESEL;1301;ODOMETRO VEHICULO;175821;1040
PESADOS;CARGA;CARGA;;2014;DIESEL;38501;OPACIDAD - VEHI. DIE;23;645
PESADOS;CARGA;CARGA;;2015;DIESEL;1301;ODOMETRO VEHICULO;148710;2051
PESADOS;CARGA;CARGA;;2015;DIESEL;38501;OPACIDAD - VEHI. DIE;26;1412
PESADOS;CARGA;CARGA;;2016;DIESEL;1301;ODOMETRO VEHICULO;132081;720
PESADOS;CARGA;CARGA;;2016;DIESEL;38501;OPACIDAD - VEHI. DIE;27;479
PESADOS;CARGA;CARGA;;2017;DIESEL;1301;ODOMETRO VEHICULO;118882;76
PESADOS;CARGA;CARGA;;2017;DIESEL;38501;OPACIDAD - VEHI. DIE;23;55
PESADOS;CARGA;CARGA;;2018;DIESEL;1301;ODOMETRO VEHICULO;111985;255
PESADOS;CARGA;CARGA;;2018;DIESEL;38501;OPACIDAD - VEHI. DIE;26;189
PESADOS;CARGA;CARGA;;2019;DIESEL;1301;ODOMETRO VEHICULO;87367;331
PESADOS;CARGA;CARGA;;2019;DIESEL;38501;OPACIDAD - VEHI. DIE;17;237
PESADOS;CARGA;CARGA;;2019;GASOLINA;1301;ODOMETRO VEHICULO;62466;11
PESADOS;CARGA;CARGA;;2019;GASOLINA;39001;HIDROCARBUROS NO COMBUSTIONADOS (HC) RAL;99;8
PESADOS;CARGA;CARGA;;2019;GASOLINA;39003;O2 EN BAJAS;1;8
PESADOS;CARGA;CARGA;;2019;GASOLINA;39005;MONOXIDO DE CARBONO (CO) RALENTI;0;8
PESADOS;CARGA;CARGA;;2019;GASOLINA;39008;RPM EN RALENTI;875;8
PESADOS;CARGA;CARGA;;2019;GASOLINA;39501;HIDROCARBUROS NO COMBUSTIONADOS (HC) 250;73;8
PESADOS;CARGA;CARGA;;2019;GASOLINA;39503;O2 EN ALTAS RPM;0;8
PESADOS;CARGA;CARGA;;2019;GASOLINA;39505;MONOXIDO DE CARBONO (CO) 2500 RPM;0;8
PESADOS;CARGA;CARGA;;2019;GASOLINA;39508;RPM EN ALTAS;2426;8
PESADOS;CARGA;CARGA;;2020;DIESEL;1301;ODOMETRO VEHICULO;76491;322
PESADOS;CARGA;CARGA;;2020;DIESEL;38501;OPACIDAD - VEHI. DIE;19;246
PESADOS;CARGA;CARGA;;2021;DIESEL;1301;ODOMETRO VEHICULO;72323;202
PESADOS;CARGA;CARGA;;2021;DIESEL;38501;OPACIDAD - VEHI. DIE;21;155
PESADOS;CARGA;CARGA;;2022;DIESEL;1301;ODOMETRO VEHICULO;58526;258
PESADOS;CARGA;CARGA;;2022;DIESEL;38501;OPACIDAD - VEHI. DIE;21;204
PESADOS;CARGA;CARGA;;2023;DIESEL;1301;ODOMETRO VEHICULO;39965;195
PESADOS;CARGA;CARGA;;2023;DIESEL;38501;OPACIDAD - VEHI. DIE;20;154
PESADOS;CARGA;CARGA;;2023;GASOLINA;1301;ODOMETRO VEHICULO;52881;2
PESADOS;CARGA;CARGA;;2023;GASOLINA;39001;HIDROCARBUROS NO COMBUSTIONADOS (HC) RAL;3;1
PESADOS;CARGA;CARGA;;2023;GASOLINA;39003;O2 EN BAJAS;2;1
PESADOS;CARGA;CARGA;;2023;GASOLINA;39005;MONOXIDO DE CARBONO (CO) RALENTI;0;1
PESADOS;CARGA;CARGA;;2023;GASOLINA;39008;RPM EN RALENTI;760;1
PESADOS;CARGA;CARGA;;2023;GASOLINA;39501;HIDROCARBUROS NO COMBUSTIONADOS (HC) 250;0;1
PESADOS;CARGA;CARGA;;2023;GASOLINA;39503;O2 EN ALTAS RPM;1;1
PESADOS;CARGA;CARGA;;2023;GASOLINA;39505;MONOXIDO DE CARBONO (CO) 2500 RPM;0;1
PESADOS;CARGA;CARGA;;2023;GASOLINA;39508;RPM EN ALTAS;2700;1
PESADOS;CARGA;CARGA;;2024;DIESEL;1301;ODOMETRO VEHICULO;9866;121
PESADOS;CARGA;CARGA;;2024;DIESEL;38501;OPACIDAD - VEHI. DIE;18;93
PESADOS;CARGA;CARGA;;2025;DIESEL;1301;ODOMETRO VEHICULO;3279;3
PESADOS;CARGA;CARGA;;2025;DIESEL;38501;OPACIDAD - VEHI. DIE;13;2
PESADOS;CARGA;CARGA;;2005;DIESEL;1301;ODOMETRO VEHICULO;411120;77
PESADOS;CARGA;CARGA;;2005;DIESEL;38501;OPACIDAD - VEHI. DIE;29;41
PESADOS;CARGA;CARGA;;2007;DIESEL;1301;ODOMETRO VEHICULO;386805;26
PESADOS;CARGA;CARGA;;2007;DIESEL;38501;OPACIDAD - VEHI. DIE;20;16
PESADOS;CARGA;CARGA;;2009;DIESEL;1301;ODOMETRO VEHICULO;327200;24
PESADOS;CARGA;CARGA;;2009;DIESEL;38501;OPACIDAD - VEHI. DIE;20;15
PESADOS;CARGA;CARGA;;2010;DIESEL;1301;ODOMETRO VEHICULO;388445;118
PESADOS;CARGA;CARGA;;2010;DIESEL;38501;OPACIDAD - VEHI. DIE;28;78
PESADOS;CARGA;CARGA;;2011;DIESEL;1301;ODOMETRO VEHICULO;217797;20
PESADOS;CARGA;CARGA;;2011;DIESEL;38501;OPACIDAD - VEHI. DIE;14;12
PESADOS;CARGA;CARGA;;2012;DIESEL;1301;ODOMETRO VEHICULO;180540;27
PESADOS;CARGA;CARGA;;2012;DIESEL;38501;OPACIDAD - VEHI. DIE;35;16
PESADOS;CARGA;CARGA;;1987;DIESEL;1301;ODOMETRO VEHICULO;805556;18
PESADOS;CARGA;CARGA;;1987;DIESEL;38501;OPACIDAD - VEHI. DIE;27;8
PESADOS;CARGA;CHIVAS;;2005;DIESEL;1301;ODOMETRO VEHICULO;573897;3
PESADOS;CARGA;CHIVAS;;2013;DIESEL;1301;ODOMETRO VEHICULO;167267;12
PESADOS;CARGA;TURISMO;;2024;DIESEL;1301;ODOMETRO VEHICULO;2057;2
PESADOS;CARGA;TURISMO;;2024;DIESEL;38501;OPACIDAD - VEHI. DIE;31;2
PESADOS;ELECTRICO CARGA;;;2022;DIESEL;1301;ODOMETRO VEHICULO;90;2
PESADOS;ELECTRICO CARGA;;;2023;DIESEL;1301;ODOMETRO VEHICULO;9297;1
PESADOS;FURGONETA PESADA;;;1968;GASOLINA;1301;ODOMETRO VEHICULO;73281;2
PESADOS;FURGONETA PESADA;;;1968;GASOLINA;39001;HIDROCARBUROS NO COMBUSTIONADOS (HC) RAL;265;1
PESADOS;FURGONETA PESADA;;;1968;GASOLINA;39003;O2 EN BAJAS;1;1
PESADOS;FURGONETA PESADA;;;1968;GASOLINA;39005;MONOXIDO DE CARBONO (CO) RALENTI;0;1
PESADOS;FURGONETA PESADA;;;1968;GASOLINA;39008;RPM EN RALENTI;720;1
PESADOS;FURGONETA PESADA;;;1968;GASOLINA;39501;HIDROCARBUROS NO COMBUSTIONADOS (HC) 250;208;1
PESADOS;FURGONETA PESADA;;;1968;GASOLINA;39503;O2 EN ALTAS RPM;0;1
PESADOS;FURGONETA PESADA;;;1968;GASOLINA;39505;MONOXIDO DE CARBONO (CO) 2500 RPM;4;1
PESADOS;FURGONETA PESADA;;;1968;GASOLINA;39508;RPM EN ALTAS;2420;1
PESADOS;FURGONETA PESADA;;;1979;GASOLINA;1301;ODOMETRO VEHICULO;44935;4
PESADOS;FURGONETA PESADA;;;1979;GASOLINA;39001;HIDROCARBUROS NO COMBUSTIONADOS (HC) RAL;202;2
PESADOS;FURGONETA PESADA;;;1979;GASOLINA;39003;O2 EN BAJAS;1;2
PESADOS;FURGONETA PESADA;;;1979;GASOLINA;39005;MONOXIDO DE CARBONO (CO) RALENTI;1;2
PESADOS;FURGONETA PESADA;;;1979;GASOLINA;39008;RPM EN RALENTI;805;2
PESADOS;FURGONETA PESADA;;;1979;GASOLINA;39501;HIDROCARBUROS NO COMBUSTIONADOS (HC) 250;151;2
PESADOS;FURGONETA PESADA;;;1979;GASOLINA;39503;O2 EN ALTAS RPM;1;2
PESADOS;FURGONETA PESADA;;;1979;GASOLINA;39505;MONOXIDO DE CARBONO (CO) 2500 RPM;1;2
PESADOS;FURGONETA PESADA;;;1979;GASOLINA;39508;RPM EN ALTAS;2390;2
PESADOS;FURGONETA PESADA;;;1980;GASOLINA;1301;ODOMETRO VEHICULO;63926;3
PESADOS;FURGONETA PESADA;;;1980;GASOLINA;39001;HIDROCARBUROS NO COMBUSTIONADOS (HC) RAL;2053;2
PESADOS;FURGONETA PESADA;;;1980;GASOLINA;39003;O2 EN BAJAS;2;2
PESADOS;FURGONETA PESADA;;;1980;GASOLINA;39005;MONOXIDO DE CARBONO (CO) RALENTI;2;2
PESADOS;FURGONETA PESADA;;;1980;GASOLINA;39008;RPM EN RALENTI;980;2
PESADOS;FURGONETA PESADA;;;1980;GASOLINA;39501;HIDROCARBUROS NO COMBUSTIONADOS (HC) 250;2305;2
PESADOS;FURGONETA PESADA;;;1980;GASOLINA;39503;O2 EN ALTAS RPM;3;2
PESADOS;FURGONETA PESADA;;;1980;GASOLINA;39505;MONOXIDO DE CARBONO (CO) 2500 RPM;2;2
PESADOS;FURGONETA PESADA;;;1980;GASOLINA;39508;RPM EN ALTAS;2520;2
PESADOS;FURGONETA PESADA;;;1993;GASOLINA;1301;ODOMETRO VEHICULO;13867;3
PESADOS;FURGONETA PESADA;;;1993;GASOLINA;39001;HIDROCARBUROS NO COMBUSTIONADOS (HC) RAL;253;3
PESADOS;FURGONETA PESADA;;;1993;GASOLINA;39003;O2 EN BAJAS;1;3
PESADOS;FURGONETA PESADA;;;1993;GASOLINA;39005;MONOXIDO DE CARBONO (CO) RALENTI;4;3
PESADOS;FURGONETA PESADA;;;1993;GASOLINA;39008;RPM EN RALENTI;913;3
PESADOS;FURGONETA PESADA;;;1993;GASOLINA;39501;HIDROCARBUROS NO COMBUSTIONADOS (HC) 250;194;3
PESADOS;FURGONETA PESADA;;;1993;GASOLINA;39503;O2 EN ALTAS RPM;2;3
PESADOS;FURGONETA PESADA;;;1993;GASOLINA;39505;MONOXIDO DE CARBONO (CO) 2500 RPM;3;3
PESADOS;FURGONETA PESADA;;;1993;GASOLINA;39508;RPM EN ALTAS;2486;3
PESADOS;FURGONETA PESADA;;;1995;GASOLINA;1301;ODOMETRO VEHICULO;126756;2
PESADOS;FURGONETA PESADA;;;1995;GASOLINA;39001;HIDROCARBUROS NO COMBUSTIONADOS (HC) RAL;186;1
PESADOS;FURGONETA PESADA;;;1995;GASOLINA;39003;O2 EN BAJAS;0;1
PESADOS;FURGONETA PESADA;;;1995;GASOLINA;39005;MONOXIDO DE CARBONO (CO) RALENTI;0;1
PESADOS;FURGONETA PESADA;;;1995;GASOLINA;39008;RPM EN RALENTI;700;1
PESADOS;FURGONETA PESADA;;;1995;GASOLINA;39501;HIDROCARBUROS NO COMBUSTIONADOS (HC) 250;72;1
PESADOS;FURGONETA PESADA;;;1995;GASOLINA;39503;O2 EN ALTAS RPM;0;1
PESADOS;FURGONETA PESADA;;;1995;GASOLINA;39505;MONOXIDO DE CARBONO (CO) 2500 RPM;0;1
PESADOS;FURGONETA PESADA;;;1995;GASOLINA;39508;RPM EN ALTAS;2380;1
PESADOS;FURGONETA PESADA;;;1996;DIESEL;1301;ODOMETRO VEHICULO;26231;8
PESADOS;FURGONETA PESADA;;;1996;DIESEL;38501;OPACIDAD - VEHI. DIE;8;5
PESADOS;FURGONETA PESADA;;;1998;GASOLINA;1301;ODOMETRO VEHICULO;115931;2
PESADOS;FURGONETA PESADA;;;1998;GASOLINA;39001;HIDROCARBUROS NO COMBUSTIONADOS (HC) RAL;629;1
PESADOS;FURGONETA PESADA;;;1998;GASOLINA;39003;O2 EN BAJAS;0;1
PESADOS;FURGONETA PESADA;;;1998;GASOLINA;39005;MONOXIDO DE CARBONO (CO) RALENTI;0;1
PESADOS;FURGONETA PESADA;;;1998;GASOLINA;39008;RPM EN RALENTI;900;1
PESADOS;FURGONETA PESADA;;;1998;GASOLINA;39501;HIDROCARBUROS NO COMBUSTIONADOS (HC) 250;85;1
PESADOS;FURGONETA PESADA;;;1998;GASOLINA;39503;O2 EN ALTAS RPM;0;1
PESADOS;FURGONETA PESADA;;;1998;GASOLINA;39505;MONOXIDO DE CARBONO (CO) 2500 RPM;0;1
PESADOS;FURGONETA PESADA;;;1998;GASOLINA;39508;RPM EN ALTAS;2400;1
PESADOS;FURGONETA PESADA;;;2001;DIESEL;1301;ODOMETRO VEHICULO;38459;2
PESADOS;FURGONETA PESADA;;;2001;DIESEL;38501;OPACIDAD - VEHI. DIE;2;2
PESADOS;FURGONETA PESADA;;;2002;DIESEL;1301;ODOMETRO VEHICULO;354248;35
PESADOS;FURGONETA PESADA;;;2002;DIESEL;38501;OPACIDAD - VEHI. DIE;29;24
PESADOS;FURGONETA PESADA;;;2003;DIESEL;1301;ODOMETRO VEHICULO;411343;202
PESADOS;FURGONETA PESADA;;;2003;DIESEL;38501;OPACIDAD - VEHI. DIE;44;162
PESADOS;FURGONETA PESADA;;;2004;DIESEL;1301;ODOMETRO VEHICULO;330817;164
PESADOS;FURGONETA PESADA;;;2004;DIESEL;38501;OPACIDAD - VEHI. DIE;40;125
PESADOS;FURGONETA PESADA;;;2005;DIESEL;1301;ODOMETRO VEHICULO;385711;184
PESADOS;FURGONETA PESADA;;;2005;DIESEL;38501;OPACIDAD - VEHI. DIE;41;133
PESADOS;FURGONETA PESADA;;;2005;GASOLINA;1301;ODOMETRO VEHICULO;87993;38
PESADOS;FURGONETA PESADA;;;2005;GASOLINA;39001;HIDROCARBUROS NO COMBUSTIONADOS (HC) RAL;118;24
PESADOS;FURGONETA PESADA;;;2005;GASOLINA;39003;O2 EN BAJAS;0;23
PESADOS;FURGONETA PESADA;;;2005;GASOLINA;39005;MONOXIDO DE CARBONO (CO) RALENTI;0;23
PESADOS;FURGONETA PESADA;;;2005;GASOLINA;39008;RPM EN RALENTI;784;23
PESADOS;FURGONETA PESADA;;;2005;GASOLINA;39501;HIDROCARBUROS NO COMBUSTIONADOS (HC) 250;58;23
PESADOS;FURGONETA PESADA;;;2005;GASOLINA;39503;O2 EN ALTAS RPM;1;23
PESADOS;FURGONETA PESADA;;;2005;GASOLINA;39505;MONOXIDO DE CARBONO (CO) 2500 RPM;0;24
PESADOS;FURGONETA PESADA;;;2005;GASOLINA;39508;RPM EN ALTAS;2427;23
PESADOS;FURGONETA PESADA;;;2006;DIESEL;1301;ODOMETRO VEHICULO;352501;184
PESADOS;FURGONETA PESADA;;;2006;DIESEL;38501;OPACIDAD - VEHI. DIE;42;140
PESADOS;FURGONETA PESADA;;;2007;DIESEL;1301;ODOMETRO VEHICULO;232220;133
PESADOS;FURGONETA PESADA;;;2007;DIESEL;38501;OPACIDAD - VEHI. DIE;36;89
PESADOS;FURGONETA PESADA;;;2008;DIESEL;1301;ODOMETRO VEHICULO;200303;86
PESADOS;FURGONETA PESADA;;;2008;DIESEL;38501;OPACIDAD - VEHI. DIE;36;66
PESADOS;FURGONETA PESADA;;;2010;DIESEL;1301;ODOMETRO VEHICULO;225937;203
PESADOS;FURGONETA PESADA;;;2010;DIESEL;38501;OPACIDAD - VEHI. DIE;43;178
PESADOS;FURGONETA PESADA;;;2011;DIESEL;1301;ODOMETRO VEHICULO;260257;180
PESADOS;FURGONETA PESADA;;;2011;DIESEL;38501;OPACIDAD - VEHI. DIE;42;149
PESADOS;FURGONETA PESADA;;;2012;DIESEL;1301;ODOMETRO VEHICULO;154917;312
PESADOS;FURGONETA PESADA;;;2012;DIESEL;38501;OPACIDAD - VEHI. DIE;36;253
PESADOS;FURGONETA PESADA;;;2012;GASOLINA;1301;ODOMETRO VEHICULO;82825;31
PESADOS;FURGONETA PESADA;;;2012;GASOLINA;39001;HIDROCARBUROS NO COMBUSTIONADOS (HC) RAL;32;22
PESADOS;FURGONETA PESADA;;;2012;GASOLINA;39003;O2 EN BAJAS;0;22
PESADOS;FURGONETA PESADA;;;2012;GASOLINA;39005;MONOXIDO DE CARBONO (CO) RALENTI;0;22
PESADOS;FURGONETA PESADA;;;2012;GASOLINA;39008;RPM EN RALENTI;725;22
PESADOS;FURGONETA PESADA;;;2012;GASOLINA;39501;HIDROCARBUROS NO COMBUSTIONADOS (HC) 250;27;22
PESADOS;FURGONETA PESADA;;;2012;GASOLINA;39503;O2 EN ALTAS RPM;0;22
PESADOS;FURGONETA PESADA;;;2012;GASOLINA;39505;MONOXIDO DE CARBONO (CO) 2500 RPM;0;22
PESADOS;FURGONETA PESADA;;;2012;GASOLINA;39508;RPM EN ALTAS;2481;21
PESADOS;FURGONETA PESADA;;;2013;DIESEL;1301;ODOMETRO VEHICULO;168071;458
PESADOS;FURGONETA PESADA;;;2013;DIESEL;38501;OPACIDAD - VEHI. DIE;14;379
PESADOS;FURGONETA PESADA;;;2014;DIESEL;1301;ODOMETRO VEHICULO;176760;887
PESADOS;FURGONETA PESADA;;;2014;DIESEL;38501;OPACIDAD - VEHI. DIE;13;715
PESADOS;FURGONETA PESADA;;;2015;DIESEL;1301;ODOMETRO VEHICULO;130265;522
PESADOS;FURGONETA PESADA;;;2015;DIESEL;38501;OPACIDAD - VEHI. DIE;11;398
PESADOS;FURGONETA PESADA;;;2016;DIESEL;1301;ODOMETRO VEHICULO;164898;180
PESADOS;FURGONETA PESADA;;;2016;DIESEL;38501;OPACIDAD - VEHI. DIE;8;139
PESADOS;FURGONETA PESADA;;;2017;DIESEL;1301;ODOMETRO VEHICULO;51041;43
PESADOS;FURGONETA PESADA;;;2017;DIESEL;38501;OPACIDAD - VEHI. DIE;15;37
PESADOS;FURGONETA PESADA;;;2018;DIESEL;1301;ODOMETRO VEHICULO;50144;97
PESADOS;FURGONETA PESADA;;;2018;DIESEL;38501;OPACIDAD - VEHI. DIE;17;88
PESADOS;FURGONETA PESADA;;;2019;DIESEL;1301;ODOMETRO VEHICULO;67361;283
PESADOS;FURGONETA PESADA;;;2019;DIESEL;38501;OPACIDAD - VEHI. DIE;19;252
PESADOS;FURGONETA PESADA;;;2020;DIESEL;1301;ODOMETRO VEHICULO;41410;48
PESADOS;FURGONETA PESADA;;;2020;DIESEL;38501;OPACIDAD - VEHI. DIE;27;45
PESADOS;FURGONETA PESADA;;;2021;DIESEL;1301;ODOMETRO VEHICULO;25229;28
PESADOS;FURGONETA PESADA;;;2021;DIESEL;38501;OPACIDAD - VEHI. DIE;25;26
PESADOS;FURGONETA PESADA;;;2022;DIESEL;1301;ODOMETRO VEHICULO;51936;4
PESADOS;FURGONETA PESADA;;;2022;DIESEL;38501;OPACIDAD - VEHI. DIE;23;4
PESADOS;FURGONETA PESADA;;;2023;DIESEL;1301;ODOMETRO VEHICULO;8427;8
PESADOS;FURGONETA PESADA;;;2023;DIESEL;38501;OPACIDAD - VEHI. DIE;29;7
PESADOS;FURGONETA PESADA;ESCOLAR;;2005;DIESEL;1301;ODOMETRO VEHICULO;403640;17
PESADOS;FURGONETA PESADA;ESCOLAR;;2005;DIESEL;38501;OPACIDAD - VEHI. DIE;44;12
PESADOS;FURGONETA PESADA;ESCOLAR;;2007;DIESEL;1301;ODOMETRO VEHICULO;435980;41
PESADOS;FURGONETA PESADA;ESCOLAR;;2007;DIESEL;38501;OPACIDAD - VEHI. DIE;41;33
PESADOS;FURGONETA PESADA;ESCOLAR;;2003;DIESEL;1301;ODOMETRO VEHICULO;579804;11
PESADOS;FURGONETA PESADA;ESCOLAR;;2003;DIESEL;38501;OPACIDAD - VEHI. DIE;47;9
PESADOS;FURGONETA PESADA;ESCOLAR;;2005;DIESEL;1301;ODOMETRO VEHICULO;614989;21
PESADOS;FURGONETA PESADA;ESCOLAR;;2005;DIESEL;38501;OPACIDAD - VEHI. DIE;50;18
PESADOS;FURGONETA PESADA;ESCOLAR;;2012;DIESEL;1301;ODOMETRO VEHICULO;304456;42
PESADOS;FURGONETA PESADA;ESCOLAR;;2012;DIESEL;38501;OPACIDAD - VEHI. DIE;4;29
PESADOS;FURGONETA PESADA;ESCOLAR;;2013;DIESEL;1301;ODOMETRO VEHICULO;238475;129
PESADOS;FURGONETA PESADA;ESCOLAR;;2013;DIESEL;38501;OPACIDAD - VEHI. DIE;10;86
PESADOS;FURGONETA PESADA;ESCOLAR;;2014;DIESEL;1301;ODOMETRO VEHICULO;215410;232
PESADOS;FURGONETA PESADA;ESCOLAR;;2014;DIESEL;38501;OPACIDAD - VEHI. DIE;9;165
PESADOS;FURGONETA PESADA;ESCOLAR;;2015;DIESEL;1301;ODOMETRO VEHICULO;187324;1031
PESADOS;FURGONETA PESADA;ESCOLAR;;2015;DIESEL;38501;OPACIDAD - VEHI. DIE;5;766
PESADOS;FURGONETA PESADA;ESCOLAR;;2016;DIESEL;1301;ODOMETRO VEHICULO;137898;1110
PESADOS;FURGONETA PESADA;ESCOLAR;;2016;DIESEL;38501;OPACIDAD - VEHI. DIE;7;847
PESADOS;FURGONETA PESADA;ESCOLAR;;2017;DIESEL;1301;ODOMETRO VEHICULO;123803;130
PESADOS;FURGONETA PESADA;ESCOLAR;;2017;DIESEL;38501;OPACIDAD - VEHI. DIE;5;101
PESADOS;FURGONETA PESADA;ESCOLAR;;2018;DIESEL;1301;ODOMETRO VEHICULO;149485;44
PESADOS;FURGONETA PESADA;ESCOLAR;;2018;DIESEL;38501;OPACIDAD - VEHI. DIE;9;32
PESADOS;FURGONETA PESADA;ESCOLAR;;2019;DIESEL;1301;ODOMETRO VEHICULO;99174;829
PESADOS;FURGONETA PESADA;ESCOLAR;;2019;DIESEL;38501;OPACIDAD - VEHI. DIE;23;694
PESADOS;FURGONETA PESADA;ESCOLAR;;2020;DIESEL;1301;ODOMETRO VEHICULO;92980;267
PESADOS;FURGONETA PESADA;ESCOLAR;;2020;DIESEL;38501;OPACIDAD - VEHI. DIE;28;239
PESADOS;FURGONETA PESADA;ESCOLAR;;2021;DIESEL;1301;ODOMETRO VEHICULO;201813;20
PESADOS;FURGONETA PESADA;ESCOLAR;;2021;DIESEL;38501;OPACIDAD - VEHI. DIE;35;19
PESADOS;FURGONETA PESADA;ESCOLAR;;2022;DIESEL;1301;ODOMETRO VEHICULO;47628;12
PESADOS;FURGONETA PESADA;ESCOLAR;;2022;DIESEL;38501;OPACIDAD - VEHI. DIE;25;12
PESADOS;FURGONETA PESADA;ESCOLAR;;2023;DIESEL;1301;ODOMETRO VEHICULO;39177;58
PESADOS;FURGONETA PESADA;ESCOLAR;;2023;DIESEL;38501;OPACIDAD - VEHI. DIE;23;51
PESADOS;FURGONETA PESADA;ESCOLAR;;2024;DIESEL;1301;ODOMETRO VEHICULO;18412;62
PESADOS;FURGONETA PESADA;ESCOLAR;;2024;DIESEL;38501;OPACIDAD - VEHI. DIE;20;54
PESADOS;FURGONETA PESADA;ESCOLAR;;2025;DIESEL;1301;ODOMETRO VEHICULO;142;7
PESADOS;FURGONETA PESADA;ESCOLAR;;2025;DIESEL;38501;OPACIDAD - VEHI. DIE;23;6
PESADOS;FURGONETA PESADA;TURISMO;;2006;DIESEL;1301;ODOMETRO VEHICULO;421489;13
PESADOS;FURGONETA PESADA;TURISMO;;2006;DIESEL;38501;OPACIDAD - VEHI. DIE;41;10
PESADOS;FURGONETA PESADA;TURISMO;;2008;DIESEL;1301;ODOMETRO VEHICULO;465171;3
PESADOS;FURGONETA PESADA;TURISMO;;2008;DIESEL;38501;OPACIDAD - VEHI. DIE;33;2
PESADOS;FURGONETA PESADA;TURISMO;;2011;DIESEL;1301;ODOMETRO VEHICULO;230133;6
PESADOS;FURGONETA PESADA;TURISMO;;2011;DIESEL;38501;OPACIDAD - VEHI. DIE;34;5
PESADOS;FURGONETA PESADA;TURISMO;;2013;DIESEL;1301;ODOMETRO VEHICULO;226633;35
PESADOS;FURGONETA PESADA;TURISMO;;2013;DIESEL;38501;OPACIDAD - VEHI. DIE;2;28
PESADOS;FURGONETA PESADA;TURISMO;;2014;DIESEL;1301;ODOMETRO VEHICULO;162050;8
PESADOS;FURGONETA PESADA;TURISMO;;2014;DIESEL;38501;OPACIDAD - VEHI. DIE;5;7
PESADOS;FURGONETA PESADA;TURISMO;;2015;DIESEL;1301;ODOMETRO VEHICULO;51879;8
PESADOS;FURGONETA PESADA;TURISMO;;2015;DIESEL;38501;OPACIDAD - VEHI. DIE;3;7
PESADOS;FURGONETA PESADA;TURISMO;;2019;DIESEL;1301;ODOMETRO VEHICULO;96795;60
PESADOS;FURGONETA PESADA;TURISMO;;2019;DIESEL;38501;OPACIDAD - VEHI. DIE;19;52
PESADOS;FURGONETA PESADA;TURISMO;;2020;DIESEL;1301;ODOMETRO VEHICULO;94556;17
PESADOS;FURGONETA PESADA;TURISMO;;2020;DIESEL;38501;OPACIDAD - VEHI. DIE;29;17
PESADOS;FURGONETA PESADA;TURISMO;;2021;DIESEL;1301;ODOMETRO VEHICULO;70949;8
PESADOS;FURGONETA PESADA;TURISMO;;2021;DIESEL;38501;OPACIDAD - VEHI. DIE;26;8
PESADOS;FURGONETA PESADA;TURISMO;;2022;DIESEL;1301;ODOMETRO VEHICULO;104154;2
PESADOS;FURGONETA PESADA;TURISMO;;2022;DIESEL;38501;OPACIDAD - VEHI. DIE;25;2
PESADOS;FURGONETA PESADA;TURISMO;;2023;DIESEL;1301;ODOMETRO VEHICULO;32323;9
PESADOS;FURGONETA PESADA;TURISMO;;2023;DIESEL;38501;OPACIDAD - VEHI. DIE;10;8
PESADOS;FURGONETA PESADA;TURISMO;;2024;DIESEL;1301;ODOMETRO VEHICULO;19990;2
PESADOS;FURGONETA PESADA;TURISMO;;2024;DIESEL;38501;OPACIDAD - VEHI. DIE;0;1
PESADOS;FURGONETA PESADA;TURISMO;;2025;DIESEL;1301;ODOMETRO VEHICULO;0;1
PESADOS;FURGONETA PESADA;TURISMO;;2025;DIESEL;38501;OPACIDAD - VEHI. DIE;8;1
PESADOS;FURGONETA PESADA;TURISMO;;2002;DIESEL;1301;ODOMETRO VEHICULO;443661;1
PESADOS;FURGONETA PESADA;TURISMO;;2008;DIESEL;1301;ODOMETRO VEHICULO;335642;2
PESADOS;FURGONETA PESADA;TURISMO;;2008;DIESEL;38501;OPACIDAD - VEHI. DIE;38;2
PESADOS;FURGONETA PESADA;TURISMO;;2011;DIESEL;1301;ODOMETRO VEHICULO;136554;10
PESADOS;FURGONETA PESADA;TURISMO;;2011;DIESEL;38501;OPACIDAD - VEHI. DIE;49;9
PESADOS;FURGONETA PESADA;TURISMO;;2013;DIESEL;1301;ODOMETRO VEHICULO;530237;11
PESADOS;FURGONETA PESADA;TURISMO;;2013;DIESEL;38501;OPACIDAD - VEHI. DIE;4;10
PESADOS;FURGONETA PESADA;TURISMO;;2019;DIESEL;1301;ODOMETRO VEHICULO;137002;17
PESADOS;FURGONETA PESADA;TURISMO;;2019;DIESEL;38501;OPACIDAD - VEHI. DIE;22;15
PESADOS;FURGONETA PESADA;TURISMO;;2020;DIESEL;1301;ODOMETRO VEHICULO;71834;5
PESADOS;FURGONETA PESADA;TURISMO;;2020;DIESEL;38501;OPACIDAD - VEHI. DIE;10;4
PESADOS;MICROBUS;;;1976;GASOLINA;1301;ODOMETRO VEHICULO;53703;16
PESADOS;MICROBUS;;;1976;GASOLINA;39001;HIDROCARBUROS NO COMBUSTIONADOS (HC) RAL;560;11
PESADOS;MICROBUS;;;1976;GASOLINA;39003;O2 EN BAJAS;1;11
PESADOS;MICROBUS;;;1976;GASOLINA;39005;MONOXIDO DE CARBONO (CO) RALENTI;4;11
PESADOS;MICROBUS;;;1976;GASOLINA;39008;RPM EN RALENTI;907;11
PESADOS;MICROBUS;;;1976;GASOLINA;39501;HIDROCARBUROS NO COMBUSTIONADOS (HC) 250;274;11
PESADOS;MICROBUS;;;1976;GASOLINA;39503;O2 EN ALTAS RPM;0;11
PESADOS;MICROBUS;;;1976;GASOLINA;39505;MONOXIDO DE CARBONO (CO) 2500 RPM;5;11
PESADOS;MICROBUS;;;1976;GASOLINA;39508;RPM EN ALTAS;2497;9
PESADOS;MICROBUS;;;1989;GASOLINA;1301;ODOMETRO VEHICULO;195432;2
PESADOS;MICROBUS;;;1993;GASOLINA;1301;ODOMETRO VEHICULO;58241;4
PESADOS;MICROBUS;;;1993;GASOLINA;39001;HIDROCARBUROS NO COMBUSTIONADOS (HC) RAL;1171;3
PESADOS;MICROBUS;;;1993;GASOLINA;39003;O2 EN BAJAS;5;3
PESADOS;MICROBUS;;;1993;GASOLINA;39005;MONOXIDO DE CARBONO (CO) RALENTI;0;3
PESADOS;MICROBUS;;;1993;GASOLINA;39008;RPM EN RALENTI;880;3
PESADOS;MICROBUS;;;1993;GASOLINA;39501;HIDROCARBUROS NO COMBUSTIONADOS (HC) 250;126;3
PESADOS;MICROBUS;;;1993;GASOLINA;39503;O2 EN ALTAS RPM;1;3
PESADOS;MICROBUS;;;1993;GASOLINA;39505;MONOXIDO DE CARBONO (CO) 2500 RPM;0;3
PESADOS;MICROBUS;;;1993;GASOLINA;39508;RPM EN ALTAS;2480;3
PESADOS;MICROBUS;;;1994;DIESEL;1301;ODOMETRO VEHICULO;434211;3
PESADOS;MICROBUS;;;1994;DIESEL;38501;OPACIDAD - VEHI. DIE;20;1
PESADOS;MICROBUS;;;1995;DIESEL;1301;ODOMETRO VEHICULO;231743;10
PESADOS;MICROBUS;;;1995;DIESEL;38501;OPACIDAD - VEHI. DIE;30;4
PESADOS;MICROBUS;;;1995;GASOLINA;1301;ODOMETRO VEHICULO;172271;1
PESADOS;MICROBUS;;;1996;DIESEL;1301;ODOMETRO VEHICULO;624546;39
PESADOS;MICROBUS;;;1996;DIESEL;38501;OPACIDAD - VEHI. DIE;24;18
PESADOS;MICROBUS;;;1997;DIESEL;1301;ODOMETRO VEHICULO;588357;10
PESADOS;MICROBUS;;;1997;DIESEL;38501;OPACIDAD - VEHI. DIE;19;3
PESADOS;MICROBUS;;;1998;DIESEL;1301;ODOMETRO VEHICULO;149629;28
PESADOS;MICROBUS;;;1998;DIESEL;38501;OPACIDAD - VEHI. DIE;33;15
PESADOS;MICROBUS;;;1999;DIESEL;1301;ODOMETRO VEHICULO;288260;44
PESADOS;MICROBUS;;;1999;DIESEL;38501;OPACIDAD - VEHI. DIE;23;21
PESADOS;MICROBUS;;;2000;DIESEL;1301;ODOMETRO VEHICULO;191857;7
PESADOS;MICROBUS;;;2000;DIESEL;38501;OPACIDAD - VEHI. DIE;34;5
PESADOS;MICROBUS;;;2001;DIESEL;1301;ODOMETRO VEHICULO;399772;156
PESADOS;MICROBUS;;;2001;DIESEL;38501;OPACIDAD - VEHI. DIE;20;80
PESADOS;MICROBUS;;;2002;DIESEL;1301;ODOMETRO VEHICULO;358643;284
PESADOS;MICROBUS;;;2002;DIESEL;38501;OPACIDAD - VEHI. DIE;29;158
PESADOS;MICROBUS;;;2002;GASOLINA;1301;ODOMETRO VEHICULO;246776;10
PESADOS;MICROBUS;;;2002;GASOLINA;39001;HIDROCARBUROS NO COMBUSTIONADOS (HC) RAL;49;6
PESADOS;MICROBUS;;;2002;GASOLINA;39003;O2 EN BAJAS;1;6
PESADOS;MICROBUS;;;2002;GASOLINA;39005;MONOXIDO DE CARBONO (CO) RALENTI;0;6
PESADOS;MICROBUS;;;2002;GASOLINA;39008;RPM EN RALENTI;780;6
PESADOS;MICROBUS;;;2002;GASOLINA;39501;HIDROCARBUROS NO COMBUSTIONADOS (HC) 250;22;6
PESADOS;MICROBUS;;;2002;GASOLINA;39503;O2 EN ALTAS RPM;1;6
PESADOS;MICROBUS;;;2002;GASOLINA;39505;MONOXIDO DE CARBONO (CO) 2500 RPM;0;6
PESADOS;MICROBUS;;;2002;GASOLINA;39508;RPM EN ALTAS;2453;6
PESADOS;MICROBUS;;;2003;DIESEL;1301;ODOMETRO VEHICULO;336490;183
PESADOS;MICROBUS;;;2003;DIESEL;38501;OPACIDAD - VEHI. DIE;26;102
PESADOS;MICROBUS;;;2004;DIESEL;1301;ODOMETRO VEHICULO;323548;568
PESADOS;MICROBUS;;;2004;DIESEL;38501;OPACIDAD - VEHI. DIE;32;358
PESADOS;MICROBUS;;;2005;DIESEL;1301;ODOMETRO VEHICULO;331344;673
PESADOS;MICROBUS;;;2005;DIESEL;38501;OPACIDAD - VEHI. DIE;34;428
PESADOS;MICROBUS;;;2006;DIESEL;1301;ODOMETRO VEHICULO;304680;520
PESADOS;MICROBUS;;;2006;DIESEL;38501;OPACIDAD - VEHI. DIE;35;333
PESADOS;MICROBUS;;;2006;GASOLINA;1301;ODOMETRO VEHICULO;8537;1
PESADOS;MICROBUS;;;2006;GASOLINA;39001;HIDROCARBUROS NO COMBUSTIONADOS (HC) RAL;27;1
PESADOS;MICROBUS;;;2006;GASOLINA;39003;O2 EN BAJAS;0;1
PESADOS;MICROBUS;;;2006;GASOLINA;39005;MONOXIDO DE CARBONO (CO) RALENTI;0;1
PESADOS;MICROBUS;;;2006;GASOLINA;39008;RPM EN RALENTI;620;1
PESADOS;MICROBUS;;;2006;GASOLINA;39501;HIDROCARBUROS NO COMBUSTIONADOS (HC) 250;2;1
PESADOS;MICROBUS;;;2006;GASOLINA;39503;O2 EN ALTAS RPM;0;1
PESADOS;MICROBUS;;;2006;GASOLINA;39505;MONOXIDO DE CARBONO (CO) 2500 RPM;0;1
PESADOS;MICROBUS;;;2006;GASOLINA;39508;RPM EN ALTAS;2650;1
PESADOS;MICROBUS;;;2007;DIESEL;1301;ODOMETRO VEHICULO;349239;292
PESADOS;MICROBUS;;;2007;DIESEL;38501;OPACIDAD - VEHI. DIE;34;183
PESADOS;MICROBUS;;;2008;DIESEL;1301;ODOMETRO VEHICULO;364850;948
PESADOS;MICROBUS;;;2008;DIESEL;38501;OPACIDAD - VEHI. DIE;35;602
PESADOS;MICROBUS;;;2009;DIESEL;1301;ODOMETRO VEHICULO;277957;460
PESADOS;MICROBUS;;;2009;DIESEL;38501;OPACIDAD - VEHI. DIE;33;301
PESADOS;MICROBUS;;;2010;DIESEL;1301;ODOMETRO VEHICULO;274198;200
PESADOS;MICROBUS;;;2010;DIESEL;38501;OPACIDAD - VEHI. DIE;35;134
PESADOS;MICROBUS;;;2011;DIESEL;1301;ODOMETRO VEHICULO;281420;379
PESADOS;MICROBUS;;;2011;DIESEL;38501;OPACIDAD - VEHI. DIE;39;264
PESADOS;MICROBUS;;;2012;DIESEL;1301;ODOMETRO VEHICULO;187210;419
PESADOS;MICROBUS;;;2012;DIESEL;38501;OPACIDAD - VEHI. DIE;39;321
PESADOS;MICROBUS;;;2013;DIESEL;1301;ODOMETRO VEHICULO;187621;641
PESADOS;MICROBUS;;;2013;DIESEL;38501;OPACIDAD - VEHI. DIE;37;455
PESADOS;MICROBUS;;;2014;DIESEL;1301;ODOMETRO VEHICULO;198075;589
PESADOS;MICROBUS;;;2014;DIESEL;38501;OPACIDAD - VEHI. DIE;33;409
PESADOS;MICROBUS;;;2015;DIESEL;1301;ODOMETRO VEHICULO;144724;482
PESADOS;MICROBUS;;;2015;DIESEL;38501;OPACIDAD - VEHI. DIE;27;341
PESADOS;MICROBUS;;;2016;DIESEL;1301;ODOMETRO VEHICULO;143179;317
PESADOS;MICROBUS;;;2016;DIESEL;38501;OPACIDAD - VEHI. DIE;37;241
PESADOS;MICROBUS;;;2017;DIESEL;1301;ODOMETRO VEHICULO;24845;9
PESADOS;MICROBUS;;;2017;DIESEL;38501;OPACIDAD - VEHI. DIE;38;7
PESADOS;MICROBUS;;;2018;DIESEL;1301;ODOMETRO VEHICULO;130894;17
PESADOS;MICROBUS;;;2018;DIESEL;38501;OPACIDAD - VEHI. DIE;12;14
PESADOS;MICROBUS;;;2019;DIESEL;1301;ODOMETRO VEHICULO;2131;5
PESADOS;MICROBUS;;;2019;DIESEL;38501;OPACIDAD - VEHI. DIE;23;5
PESADOS;MICROBUS;;;2020;DIESEL;1301;ODOMETRO VEHICULO;74565;9
PESADOS;MICROBUS;;;2020;DIESEL;38501;OPACIDAD - VEHI. DIE;7;4
PESADOS;MICROBUS;;;2021;DIESEL;1301;ODOMETRO VEHICULO;16550;2
PESADOS;MICROBUS;;;2021;DIESEL;38501;OPACIDAD - VEHI. DIE;21;1
PESADOS;MICROBUS;;;2022;DIESEL;1301;ODOMETRO VEHICULO;11289;6
PESADOS;MICROBUS;;;2022;DIESEL;38501;OPACIDAD - VEHI. DIE;29;6
PESADOS;MICROBUS;ESCOLAR;;2005;DIESEL;1301;ODOMETRO VEHICULO;259880;15
PESADOS;MICROBUS;ESCOLAR;;2005;DIESEL;38501;OPACIDAD - VEHI. DIE;41;5
PESADOS;MICROBUS;ESCOLAR;;2001;DIESEL;1301;ODOMETRO VEHICULO;455803;60
PESADOS;MICROBUS;ESCOLAR;;2001;DIESEL;38501;OPACIDAD - VEHI. DIE;33;37
PESADOS;MICROBUS;ESCOLAR;;2002;DIESEL;1301;ODOMETRO VEHICULO;505302;175
PESADOS;MICROBUS;ESCOLAR;;2002;DIESEL;38501;OPACIDAD - VEHI. DIE;28;104
PESADOS;MICROBUS;ESCOLAR;;2003;DIESEL;1301;ODOMETRO VEHICULO;352529;186
PESADOS;MICROBUS;ESCOLAR;;2003;DIESEL;38501;OPACIDAD - VEHI. DIE;36;109
PESADOS;MICROBUS;ESCOLAR;;2004;DIESEL;1301;ODOMETRO VEHICULO;408392;300
PESADOS;MICROBUS;ESCOLAR;;2004;DIESEL;38501;OPACIDAD - VEHI. DIE;33;190
PESADOS;MICROBUS;ESCOLAR;;2005;DIESEL;1301;ODOMETRO VEHICULO;377241;1393
PESADOS;MICROBUS;ESCOLAR;;2005;DIESEL;38501;OPACIDAD - VEHI. DIE;37;898
PESADOS;MICROBUS;ESCOLAR;;2006;DIESEL;1301;ODOMETRO VEHICULO;392765;1266
PESADOS;MICROBUS;ESCOLAR;;2006;DIESEL;38501;OPACIDAD - VEHI. DIE;37;822
PESADOS;MICROBUS;ESCOLAR;;2007;DIESEL;1301;ODOMETRO VEHICULO;376794;624
PESADOS;MICROBUS;ESCOLAR;;2007;DIESEL;38501;OPACIDAD - VEHI. DIE;32;388
PESADOS;MICROBUS;ESCOLAR;;2008;DIESEL;1301;ODOMETRO VEHICULO;394309;739
PESADOS;MICROBUS;ESCOLAR;;2008;DIESEL;38501;OPACIDAD - VEHI. DIE;29;460
PESADOS;MICROBUS;ESCOLAR;;2009;DIESEL;1301;ODOMETRO VEHICULO;352988;976
PESADOS;MICROBUS;ESCOLAR;;2009;DIESEL;38501;OPACIDAD - VEHI. DIE;30;593
PESADOS;MICROBUS;ESCOLAR;;2010;DIESEL;1301;ODOMETRO VEHICULO;331667;334
PESADOS;MICROBUS;ESCOLAR;;2010;DIESEL;38501;OPACIDAD - VEHI. DIE;31;205
PESADOS;MICROBUS;ESCOLAR;;2011;DIESEL;1301;ODOMETRO VEHICULO;324873;147
PESADOS;MICROBUS;ESCOLAR;;2011;DIESEL;38501;OPACIDAD - VEHI. DIE;40;108
PESADOS;MICROBUS;ESCOLAR;;2013;DIESEL;1301;ODOMETRO VEHICULO;268001;21
PESADOS;MICROBUS;ESCOLAR;;2013;DIESEL;38501;OPACIDAD - VEHI. DIE;26;15
PESADOS;MICROBUS;ESCOLAR;;2003;DIESEL;1301;ODOMETRO VEHICULO;439303;45
PESADOS;MICROBUS;ESCOLAR;;2003;DIESEL;38501;OPACIDAD - VEHI. DIE;37;26
PESADOS;MICROBUS;ESCOLAR;;2004;DIESEL;1301;ODOMETRO VEHICULO;315272;14
PESADOS;MICROBUS;ESCOLAR;;2004;DIESEL;38501;OPACIDAD - VEHI. DIE;12;6
PESADOS;MICROBUS;ESCOLAR;;2005;DIESEL;1301;ODOMETRO VEHICULO;88528;12
PESADOS;MICROBUS;ESCOLAR;;2005;DIESEL;38501;OPACIDAD - VEHI. DIE;34;8
PESADOS;MICROBUS;ESCOLAR;;2006;DIESEL;1301;ODOMETRO VEHICULO;354141;27
PESADOS;MICROBUS;ESCOLAR;;2006;DIESEL;38501;OPACIDAD - VEHI. DIE;32;15
PESADOS;MICROBUS;ESCOLAR;;2007;DIESEL;1301;ODOMETRO VEHICULO;356159;59
PESADOS;MICROBUS;ESCOLAR;;2007;DIESEL;38501;OPACIDAD - VEHI. DIE;30;40
PESADOS;MICROBUS;ESCOLAR;;2008;DIESEL;1301;ODOMETRO VEHICULO;271190;74
PESADOS;MICROBUS;ESCOLAR;;2008;DIESEL;38501;OPACIDAD - VEHI. DIE;40;45
PESADOS;MICROBUS;ESCOLAR;;2009;DIESEL;1301;ODOMETRO VEHICULO;263292;143
PESADOS;MICROBUS;ESCOLAR;;2009;DIESEL;38501;OPACIDAD - VEHI. DIE;35;94
PESADOS;MICROBUS;ESCOLAR;;2010;DIESEL;1301;ODOMETRO VEHICULO;452620;12
PESADOS;MICROBUS;ESCOLAR;;2010;DIESEL;38501;OPACIDAD - VEHI. DIE;38;7
PESADOS;MICROBUS;ESCOLAR;;2011;DIESEL;1301;ODOMETRO VEHICULO;213081;63
PESADOS;MICROBUS;ESCOLAR;;2011;DIESEL;38501;OPACIDAD - VEHI. DIE;29;38
PESADOS;MICROBUS;ESCOLAR;;2012;DIESEL;1301;ODOMETRO VEHICULO;222539;491
PESADOS;MICROBUS;ESCOLAR;;2012;DIESEL;38501;OPACIDAD - VEHI. DIE;32;322
PESADOS;MICROBUS;ESCOLAR;;2013;DIESEL;1301;ODOMETRO VEHICULO;233586;871
PESADOS;MICROBUS;ESCOLAR;;2013;DIESEL;38501;OPACIDAD - VEHI. DIE;33;592
PESADOS;MICROBUS;ESCOLAR;;2014;DIESEL;1301;ODOMETRO VEHICULO;193307;588
PESADOS;MICROBUS;ESCOLAR;;2014;DIESEL;38501;OPACIDAD - VEHI. DIE;31;396
PESADOS;MICROBUS;ESCOLAR;;2015;DIESEL;1301;ODOMETRO VEHICULO;163853;1609
PESADOS;MICROBUS;ESCOLAR;;2015;DIESEL;38501;OPACIDAD - VEHI. DIE;33;1135
PESADOS;MICROBUS;ESCOLAR;;2016;DIESEL;1301;ODOMETRO VEHICULO;134643;1706
PESADOS;MICROBUS;ESCOLAR;;2016;DIESEL;38501;OPACIDAD - VEHI. DIE;34;1220
PESADOS;MICROBUS;ESCOLAR;;2017;DIESEL;1301;ODOMETRO VEHICULO;108549;19
PESADOS;MICROBUS;ESCOLAR;;2017;DIESEL;38501;OPACIDAD - VEHI. DIE;28;9
PESADOS;MICROBUS;ESCOLAR;;2018;DIESEL;1301;ODOMETRO VEHICULO;125722;46
PESADOS;MICROBUS;ESCOLAR;;2018;DIESEL;38501;OPACIDAD - VEHI. DIE;29;25
PESADOS;MICROBUS;ESCOLAR;;2019;DIESEL;1301;ODOMETRO VEHICULO;69527;14
PESADOS;MICROBUS;ESCOLAR;;2019;DIESEL;38501;OPACIDAD - VEHI. DIE;18;7
PESADOS;MICROBUS;ESCOLAR;;2020;DIESEL;1301;ODOMETRO VEHICULO;106270;81
PESADOS;MICROBUS;ESCOLAR;;2020;DIESEL;38501;OPACIDAD - VEHI. DIE;26;67
PESADOS;MICROBUS;ESCOLAR;;2021;DIESEL;1301;ODOMETRO VEHICULO;39629;10
PESADOS;MICROBUS;ESCOLAR;;2021;DIESEL;38501;OPACIDAD - VEHI. DIE;16;8
PESADOS;MICROBUS;ESCOLAR;;2023;DIESEL;1301;ODOMETRO VEHICULO;6119;5
PESADOS;MICROBUS;ESCOLAR;;2023;DIESEL;38501;OPACIDAD - VEHI. DIE;30;4
PESADOS;MICROBUS;ESCOLAR;;2024;DIESEL;1301;ODOMETRO VEHICULO;28831;5
PESADOS;MICROBUS;ESCOLAR;;2024;DIESEL;38501;OPACIDAD - VEHI. DIE;40;4
PESADOS;MICROBUS;ESCOLAR;;2025;DIESEL;1301;ODOMETRO VEHICULO;774;10
PESADOS;MICROBUS;ESCOLAR;;2025;DIESEL;38501;OPACIDAD - VEHI. DIE;14;5
PESADOS;MICROBUS;ESCOLAR;;2002;DIESEL;1301;ODOMETRO VEHICULO;271773;11
PESADOS;MICROBUS;ESCOLAR;;2002;DIESEL;38501;OPACIDAD - VEHI. DIE;35;7
PESADOS;MICROBUS;ESCOLAR;;2003;DIESEL;1301;ODOMETRO VEHICULO;382812;12
PESADOS;MICROBUS;ESCOLAR;;2003;DIESEL;38501;OPACIDAD - VEHI. DIE;32;5
PESADOS;MICROBUS;ESCOLAR;;2004;DIESEL;1301;ODOMETRO VEHICULO;284446;105
PESADOS;MICROBUS;ESCOLAR;;2004;DIESEL;38501;OPACIDAD - VEHI. DIE;29;59
PESADOS;MICROBUS;ESCOLAR;;2005;DIESEL;1301;ODOMETRO VEHICULO;468322;312
PESADOS;MICROBUS;ESCOLAR;;2005;DIESEL;38501;OPACIDAD - VEHI. DIE;38;193
PESADOS;MICROBUS;ESCOLAR;;2006;DIESEL;1301;ODOMETRO VEHICULO;350676;67
PESADOS;MICROBUS;ESCOLAR;;2006;DIESEL;38501;OPACIDAD - VEHI. DIE;37;35
PESADOS;MICROBUS;ESCOLAR;;2007;DIESEL;1301;ODOMETRO VEHICULO;398395;93
PESADOS;MICROBUS;ESCOLAR;;2007;DIESEL;38501;OPACIDAD - VEHI. DIE;28;50
PESADOS;MICROBUS;ESCOLAR;;2008;DIESEL;1301;ODOMETRO VEHICULO;270939;132
PESADOS;MICROBUS;ESCOLAR;;2008;DIESEL;38501;OPACIDAD - VEHI. DIE;32;80
PESADOS;MICROBUS;ESCOLAR;;2009;DIESEL;1301;ODOMETRO VEHICULO;248175;111
PESADOS;MICROBUS;ESCOLAR;;2009;DIESEL;38501;OPACIDAD - VEHI. DIE;32;72
PESADOS;MICROBUS;ESCOLAR;;2010;DIESEL;1301;ODOMETRO VEHICULO;304164;200
PESADOS;MICROBUS;ESCOLAR;;2010;DIESEL;38501;OPACIDAD - VEHI. DIE;30;123
PESADOS;MICROBUS;ESCOLAR;;2011;DIESEL;1301;ODOMETRO VEHICULO;316764;728
PESADOS;MICROBUS;ESCOLAR;;2011;DIESEL;38501;OPACIDAD - VEHI. DIE;36;476
PESADOS;MICROBUS;ESCOLAR;;2012;DIESEL;1301;ODOMETRO VEHICULO;248081;597
PESADOS;MICROBUS;ESCOLAR;;2012;DIESEL;38501;OPACIDAD - VEHI. DIE;37;413
PESADOS;MICROBUS;ESCOLAR;;2013;DIESEL;1301;ODOMETRO VEHICULO;215883;528
PESADOS;MICROBUS;ESCOLAR;;2013;DIESEL;38501;OPACIDAD - VEHI. DIE;35;365
PESADOS;MICROBUS;ESCOLAR;;2014;DIESEL;1301;ODOMETRO VEHICULO;206841;1118
PESADOS;MICROBUS;ESCOLAR;;2014;DIESEL;38501;OPACIDAD - VEHI. DIE;34;743
PESADOS;MICROBUS;ESCOLAR;;2015;DIESEL;1301;ODOMETRO VEHICULO;164072;900
PESADOS;MICROBUS;ESCOLAR;;2015;DIESEL;38501;OPACIDAD - VEHI. DIE;32;607
PESADOS;MICROBUS;ESCOLAR;;2016;DIESEL;1301;ODOMETRO VEHICULO;182302;324
PESADOS;MICROBUS;ESCOLAR;;2016;DIESEL;38501;OPACIDAD - VEHI. DIE;31;214
PESADOS;MICROBUS;ESCOLAR;;2017;DIESEL;1301;ODOMETRO VEHICULO;111300;155
PESADOS;MICROBUS;ESCOLAR;;2017;DIESEL;38501;OPACIDAD - VEHI. DIE;25;95
PESADOS;MICROBUS;ESCOLAR;;2018;DIESEL;1301;ODOMETRO VEHICULO;114628;36
PESADOS;MICROBUS;ESCOLAR;;2018;DIESEL;38501;OPACIDAD - VEHI. DIE;22;24
PESADOS;MICROBUS;ESCOLAR;;2019;DIESEL;1301;ODOMETRO VEHICULO;79850;87
PESADOS;MICROBUS;ESCOLAR;;2019;DIESEL;38501;OPACIDAD - VEHI. DIE;15;57
PESADOS;MICROBUS;ESCOLAR;;2020;DIESEL;1301;ODOMETRO VEHICULO;62934;88
PESADOS;MICROBUS;ESCOLAR;;2020;DIESEL;38501;OPACIDAD - VEHI. DIE;13;50
PESADOS;MICROBUS;ESCOLAR;;2021;DIESEL;1301;ODOMETRO VEHICULO;62760;3
PESADOS;MICROBUS;ESCOLAR;;2021;DIESEL;38501;OPACIDAD - VEHI. DIE;11;4
PESADOS;MICROBUS;ESCOLAR;;2022;DIESEL;1301;ODOMETRO VEHICULO;75566;1
PESADOS;MICROBUS;ESCOLAR;;2022;DIESEL;38501;OPACIDAD - VEHI. DIE;4;1
PESADOS;MICROBUS;ESCOLAR;;2023;DIESEL;1301;ODOMETRO VEHICULO;26592;5
PESADOS;MICROBUS;ESCOLAR;;2023;DIESEL;38501;OPACIDAD - VEHI. DIE;4;3
PESADOS;MICROBUS;ESCOLAR;;2024;DIESEL;1301;ODOMETRO VEHICULO;5855;8
PESADOS;MICROBUS;ESCOLAR;;2024;DIESEL;38501;OPACIDAD - VEHI. DIE;1;4
PESADOS;MICROBUS;ESCOLAR;;2025;DIESEL;1301;ODOMETRO VEHICULO;2754;1
PESADOS;MICROBUS;ESCOLAR;;2025;DIESEL;38501;OPACIDAD - VEHI. DIE;4;1
PESADOS;MICROBUS;INTERPARROQUIAL;;2014;DIESEL;1301;ODOMETRO VEHICULO;366221;26
PESADOS;MICROBUS;INTERPARROQUIAL;;2014;DIESEL;38501;OPACIDAD - VEHI. DIE;36;17
PESADOS;MICROBUS;INTERPARROQUIAL;;2017;DIESEL;1301;ODOMETRO VEHICULO;120095;10
PESADOS;MICROBUS;INTERPARROQUIAL;;2017;DIESEL;38501;OPACIDAD - VEHI. DIE;46;7
PESADOS;MICROBUS;INTERPARROQUIAL;;2018;DIESEL;1301;ODOMETRO VEHICULO;213247;36
PESADOS;MICROBUS;INTERPARROQUIAL;;2018;DIESEL;38501;OPACIDAD - VEHI. DIE;34;25
PESADOS;MICROBUS;INTERPARROQUIAL;;2019;DIESEL;1301;ODOMETRO VEHICULO;177525;56
PESADOS;MICROBUS;INTERPARROQUIAL;;2019;DIESEL;38501;OPACIDAD - VEHI. DIE;20;35
PESADOS;MICROBUS;INTERPARROQUIAL;;2020;DIESEL;1301;ODOMETRO VEHICULO;126386;74
PESADOS;MICROBUS;INTERPARROQUIAL;;2020;DIESEL;38501;OPACIDAD - VEHI. DIE;14;43
PESADOS;MICROBUS;INTERPARROQUIAL;;2023;DIESEL;1301;ODOMETRO VEHICULO;39744;2
PESADOS;MICROBUS;INTERPARROQUIAL;;2023;DIESEL;38501;OPACIDAD - VEHI. DIE;1;1
PESADOS;MICROBUS;INTERPARROQUIAL;;2024;DIESEL;1301;ODOMETRO VEHICULO;8710;8
PESADOS;MICROBUS;INTERPARROQUIAL;;2024;DIESEL;38501;OPACIDAD - VEHI. DIE;1;5
PESADOS;MICROBUS;INTERPARROQUIAL;;2025;DIESEL;1301;ODOMETRO VEHICULO;582;2
PESADOS;MICROBUS;INTERPARROQUIAL;;2025;DIESEL;38501;OPACIDAD - VEHI. DIE;1;1
PESADOS;MICROBUS;TURISMO;;2004;DIESEL;1301;ODOMETRO VEHICULO;209522;6
PESADOS;MICROBUS;TURISMO;;2004;DIESEL;38501;OPACIDAD - VEHI. DIE;37;4
PESADOS;MICROBUS;TURISMO;;2007;DIESEL;1301;ODOMETRO VEHICULO;365951;1
PESADOS;MICROBUS;TURISMO;;2007;DIESEL;38501;OPACIDAD - VEHI. DIE;5;1
PESADOS;MICROBUS;TURISMO;;2009;DIESEL;1301;ODOMETRO VEHICULO;319751;10
PESADOS;MICROBUS;TURISMO;;2009;DIESEL;38501;OPACIDAD - VEHI. DIE;28;7
PESADOS;MICROBUS;TURISMO;;2011;DIESEL;1301;ODOMETRO VEHICULO;60759;17
PESADOS;MICROBUS;TURISMO;;2011;DIESEL;38501;OPACIDAD - VEHI. DIE;37;13
PESADOS;MICROBUS;TURISMO;;2012;DIESEL;1301;ODOMETRO VEHICULO;210388;35
PESADOS;MICROBUS;TURISMO;;2012;DIESEL;38501;OPACIDAD - VEHI. DIE;44;24
PESADOS;MICROBUS;TURISMO;;2013;DIESEL;1301;ODOMETRO VEHICULO;213485;31
PESADOS;MICROBUS;TURISMO;;2013;DIESEL;38501;OPACIDAD - VEHI. DIE;22;22
PESADOS;MICROBUS;TURISMO;;2014;DIESEL;1301;ODOMETRO VEHICULO;174104;15
PESADOS;MICROBUS;TURISMO;;2014;DIESEL;38501;OPACIDAD - VEHI. DIE;26;12
PESADOS;MICROBUS;TURISMO;;2018;DIESEL;1301;ODOMETRO VEHICULO;1084;4
PESADOS;MICROBUS;TURISMO;;2018;DIESEL;38501;OPACIDAD - VEHI. DIE;23;3
PESADOS;MICROBUS;TURISMO;;2020;DIESEL;1301;ODOMETRO VEHICULO;42742;24
PESADOS;MICROBUS;TURISMO;;2020;DIESEL;38501;OPACIDAD - VEHI. DIE;15;15
PESADOS;MICROBUS;TURISMO;;2021;DIESEL;1301;ODOMETRO VEHICULO;616;2
PESADOS;MICROBUS;TURISMO;;2021;DIESEL;38501;OPACIDAD - VEHI. DIE;17;1
PESADOS;MICROBUS;TURISMO;;2023;DIESEL;1301;ODOMETRO VEHICULO;31398;9
PESADOS;MICROBUS;TURISMO;;2023;DIESEL;38501;OPACIDAD - VEHI. DIE;5;4
PESADOS;MICROBUS;TURISMO;;2024;DIESEL;1301;ODOMETRO VEHICULO;20789;3
PESADOS;MICROBUS;TURISMO;;2024;DIESEL;38501;OPACIDAD - VEHI. DIE;3;3
PESADOS;MICROBUS;TURISMO;;2025;DIESEL;1301;ODOMETRO VEHICULO;109;1
PESADOS;MICROBUS;TURISMO;;2025;DIESEL;38501;OPACIDAD - VEHI. DIE;6;1
PESADOS;MICROBUS;URBANO;;2008;DIESEL;1301;ODOMETRO VEHICULO;507156;92
PESADOS;MICROBUS;URBANO;;2008;DIESEL;38501;OPACIDAD - VEHI. DIE;43;65
PESADOS;MINIBUS;;;2002;DIESEL;1301;ODOMETRO VEHICULO;319096;7
PESADOS;MINIBUS;;;2002;DIESEL;38501;OPACIDAD - VEHI. DIE;50;6
PESADOS;MINIBUS;;;2004;DIESEL;1301;ODOMETRO VEHICULO;361504;22
PESADOS;MINIBUS;;;2004;DIESEL;38501;OPACIDAD - VEHI. DIE;14;11
PESADOS;MINIBUS;;;2005;DIESEL;1301;ODOMETRO VEHICULO;379821;19
PESADOS;MINIBUS;;;2005;DIESEL;38501;OPACIDAD - VEHI. DIE;22;10
PESADOS;MINIBUS;;;2006;DIESEL;1301;ODOMETRO VEHICULO;559107;22
PESADOS;MINIBUS;;;2006;DIESEL;38501;OPACIDAD - VEHI. DIE;19;12
PESADOS;MINIBUS;;;2007;DIESEL;1301;ODOMETRO VEHICULO;604228;42
PESADOS;MINIBUS;;;2007;DIESEL;38501;OPACIDAD - VEHI. DIE;22;21
PESADOS;MINIBUS;;;2009;DIESEL;1301;ODOMETRO VEHICULO;225154;29
PESADOS;MINIBUS;;;2009;DIESEL;38501;OPACIDAD - VEHI. DIE;42;18
PESADOS;MINIBUS;;;2010;DIESEL;1301;ODOMETRO VEHICULO;376259;47
PESADOS;MINIBUS;;;2010;DIESEL;38501;OPACIDAD - VEHI. DIE;41;30
PESADOS;MINIBUS;;;2013;DIESEL;1301;ODOMETRO VEHICULO;291059;35
PESADOS;MINIBUS;;;2013;DIESEL;38501;OPACIDAD - VEHI. DIE;40;28
PESADOS;MINIBUS;;;2014;DIESEL;1301;ODOMETRO VEHICULO;161295;42
PESADOS;MINIBUS;;;2014;DIESEL;38501;OPACIDAD - VEHI. DIE;40;29
PESADOS;MINIBUS;;;2015;DIESEL;1301;ODOMETRO VEHICULO;148530;65
PESADOS;MINIBUS;;;2015;DIESEL;38501;OPACIDAD - VEHI. DIE;33;43
PESADOS;MINIBUS;;;2016;DIESEL;1301;ODOMETRO VEHICULO;133491;23
PESADOS;MINIBUS;;;2016;DIESEL;38501;OPACIDAD - VEHI. DIE;28;16
PESADOS;MINIBUS;;;2017;DIESEL;1301;ODOMETRO VEHICULO;194781;162
PESADOS;MINIBUS;;;2017;DIESEL;38501;OPACIDAD - VEHI. DIE;32;111
PESADOS;MINIBUS;;;2018;DIESEL;1301;ODOMETRO VEHICULO;113413;102
PESADOS;MINIBUS;;;2018;DIESEL;38501;OPACIDAD - VEHI. DIE;25;69
PESADOS;MINIBUS;;;2019;DIESEL;1301;ODOMETRO VEHICULO;111871;41
PESADOS;MINIBUS;;;2019;DIESEL;38501;OPACIDAD - VEHI. DIE;14;28
PESADOS;MINIBUS;;;2020;DIESEL;1301;ODOMETRO VEHICULO;53248;13
PESADOS;MINIBUS;;;2020;DIESEL;38501;OPACIDAD - VEHI. DIE;16;9
PESADOS;MINIBUS;;;2023;DIESEL;1301;ODOMETRO VEHICULO;4442;3
PESADOS;MINIBUS;;;2023;DIESEL;38501;OPACIDAD - VEHI. DIE;1;2
PESADOS;MINIBUS;ESCOLAR;;2004;DIESEL;1301;ODOMETRO VEHICULO;358663;36
PESADOS;MINIBUS;ESCOLAR;;2004;DIESEL;38501;OPACIDAD - VEHI. DIE;38;22
PESADOS;MINIBUS;ESCOLAR;;2005;DIESEL;1301;ODOMETRO VEHICULO;807412;19
PESADOS;MINIBUS;ESCOLAR;;2005;DIESEL;38501;OPACIDAD - VEHI. DIE;57;15
PESADOS;MINIBUS;ESCOLAR;;2006;DIESEL;1301;ODOMETRO VEHICULO;401180;23
PESADOS;MINIBUS;ESCOLAR;;2006;DIESEL;38501;OPACIDAD - VEHI. DIE;36;18
PESADOS;MINIBUS;ESCOLAR;;2007;DIESEL;1301;ODOMETRO VEHICULO;492598;9
PESADOS;MINIBUS;ESCOLAR;;2007;DIESEL;38501;OPACIDAD - VEHI. DIE;23;5
PESADOS;MINIBUS;ESCOLAR;;2008;DIESEL;1301;ODOMETRO VEHICULO;392154;122
PESADOS;MINIBUS;ESCOLAR;;2008;DIESEL;38501;OPACIDAD - VEHI. DIE;32;74
PESADOS;MINIBUS;ESCOLAR;;2009;DIESEL;1301;ODOMETRO VEHICULO;275076;47
PESADOS;MINIBUS;ESCOLAR;;2009;DIESEL;38501;OPACIDAD - VEHI. DIE;30;30
PESADOS;MINIBUS;ESCOLAR;;2010;DIESEL;1301;ODOMETRO VEHICULO;174555;54
PESADOS;MINIBUS;ESCOLAR;;2010;DIESEL;38501;OPACIDAD - VEHI. DIE;40;36
PESADOS;MINIBUS;ESCOLAR;;2014;DIESEL;1301;ODOMETRO VEHICULO;262011;51
PESADOS;MINIBUS;ESCOLAR;;2014;DIESEL;38501;OPACIDAD - VEHI. DIE;40;37
PESADOS;MINIBUS;ESCOLAR;;2015;DIESEL;1301;ODOMETRO VEHICULO;136448;39
PESADOS;MINIBUS;ESCOLAR;;2015;DIESEL;38501;OPACIDAD - VEHI. DIE;24;25
PESADOS;MINIBUS;ESCOLAR;;2016;DIESEL;1301;ODOMETRO VEHICULO;78547;11
PESADOS;MINIBUS;ESCOLAR;;2016;DIESEL;38501;OPACIDAD - VEHI. DIE;31;9
PESADOS;MINIBUS;ESCOLAR;;2017;DIESEL;1301;ODOMETRO VEHICULO;76270;15
PESADOS;MINIBUS;ESCOLAR;;2017;DIESEL;38501;OPACIDAD - VEHI. DIE;35;12
PESADOS;MINIBUS;ESCOLAR;;2018;DIESEL;1301;ODOMETRO VEHICULO;22792;4
PESADOS;MINIBUS;ESCOLAR;;2018;DIESEL;38501;OPACIDAD - VEHI. DIE;27;2
PESADOS;MINIBUS;ESCOLAR;;2019;DIESEL;1301;ODOMETRO VEHICULO;56830;43
PESADOS;MINIBUS;ESCOLAR;;2019;DIESEL;38501;OPACIDAD - VEHI. DIE;13;25
PESADOS;MINIBUS;ESCOLAR;;2024;DIESEL;1301;ODOMETRO VEHICULO;4850;5
PESADOS;MINIBUS;ESCOLAR;;2024;DIESEL;38501;OPACIDAD - VEHI. DIE;2;3
PESADOS;MINIBUS;INTERPARROQUIAL;;2017;DIESEL;1301;ODOMETRO VEHICULO;364490;152
PESADOS;MINIBUS;INTERPARROQUIAL;;2017;DIESEL;38501;OPACIDAD - VEHI. DIE;35;104
PESADOS;MINIBUS;INTERPARROQUIAL;;2018;DIESEL;1301;ODOMETRO VEHICULO;193907;67
PESADOS;MINIBUS;INTERPARROQUIAL;;2018;DIESEL;38501;OPACIDAD - VEHI. DIE;34;54
PESADOS;MINIBUS;INTERPARROQUIAL;;2019;DIESEL;1301;ODOMETRO VEHICULO;157726;50
PESADOS;MINIBUS;INTERPARROQUIAL;;2019;DIESEL;38501;OPACIDAD - VEHI. DIE;18;33
PESADOS;MINIBUS;INTERPARROQUIAL;;2020;DIESEL;1301;ODOMETRO VEHICULO;59388;9
PESADOS;MINIBUS;INTERPARROQUIAL;;2020;DIESEL;38501;OPACIDAD - VEHI. DIE;14;6
PESADOS;MINIBUS;INTERPARROQUIAL;;2024;DIESEL;1301;ODOMETRO VEHICULO;194;2
PESADOS;MINIBUS;INTERPARROQUIAL;;2024;DIESEL;38501;OPACIDAD - VEHI. DIE;1;1
PESADOS;MINIBUS;TURISMO;;2014;DIESEL;1301;ODOMETRO VEHICULO;111081;13
PESADOS;MINIBUS;TURISMO;;2014;DIESEL;38501;OPACIDAD - VEHI. DIE;41;10
PESADOS;MINIBUS;URBANO;;2014;DIESEL;1301;ODOMETRO VEHICULO;519989;48
PESADOS;MINIBUS;URBANO;;2014;DIESEL;38501;OPACIDAD - VEHI. DIE;41;37
PESADOS;MINIBUS;URBANO;;2017;DIESEL;1301;ODOMETRO VEHICULO;262553;540
PESADOS;MINIBUS;URBANO;;2017;DIESEL;38501;OPACIDAD - VEHI. DIE;32;353
PESADOS;MINIBUS;URBANO;;2018;DIESEL;1301;ODOMETRO VEHICULO;216089;562
PESADOS;MINIBUS;URBANO;;2018;DIESEL;38501;OPACIDAD - VEHI. DIE;29;364
PESADOS;MINIBUS;URBANO;;2018;GASOLINA;1301;ODOMETRO VEHICULO;113121;2
PESADOS;MINIBUS;URBANO;;2018;GASOLINA;38501;OPACIDAD - VEHI. DIE;49;2
PESADOS;MINIBUS;URBANO;;2019;DIESEL;1301;ODOMETRO VEHICULO;206643;616
PESADOS;MINIBUS;URBANO;;2019;DIESEL;38501;OPACIDAD - VEHI. DIE;18;377
PESADOS;MINIBUS;URBANO;;2020;DIESEL;1301;ODOMETRO VEHICULO;347280;10
PESADOS;MINIBUS;URBANO;;2020;DIESEL;38501;OPACIDAD - VEHI. DIE;12;5
PESADOS;MINIBUS;URBANO;;2023;DIESEL;1301;ODOMETRO VEHICULO;71877;4
PESADOS;MINIBUS;URBANO;;2023;DIESEL;38501;OPACIDAD - VEHI. DIE;12;2
PESADOS;MINIBUS;URBANO;;2024;DIESEL;1301;ODOMETRO VEHICULO;85;4
PESADOS;MINIBUS;URBANO;;2024;DIESEL;38501;OPACIDAD - VEHI. DIE;2;3
PESADOS;MINIBUS;URBANO;;2025;DIESEL;1301;ODOMETRO VEHICULO;310;5
PESADOS;MINIBUS;URBANO;;2025;DIESEL;38501;OPACIDAD - VEHI. DIE;1;3
PESADOS;MINIBUS;URBANO;;2017;DIESEL;1301;ODOMETRO VEHICULO;358572;189
PESADOS;MINIBUS;URBANO;;2017;DIESEL;38501;OPACIDAD - VEHI. DIE;34;135
PESADOS;MINIBUS;URBANO;;2018;DIESEL;1301;ODOMETRO VEHICULO;172629;378
PESADOS;MINIBUS;URBANO;;2018;DIESEL;38501;OPACIDAD - VEHI. DIE;26;257
PESADOS;MINIBUS;URBANO;;2019;DIESEL;1301;ODOMETRO VEHICULO;147680;95
PESADOS;MINIBUS;URBANO;;2019;DIESEL;38501;OPACIDAD - VEHI. DIE;13;54
PESADOS;MINIBUS;URBANO;;2020;DIESEL;1301;ODOMETRO VEHICULO;77865;6
PESADOS;MINIBUS;URBANO;;2020;DIESEL;38501;OPACIDAD - VEHI. DIE;11;6
PESADOS;MINIBUS;URBANO;;2024;DIESEL;1301;ODOMETRO VEHICULO;37586;7
PESADOS;MINIBUS;URBANO;;2024;DIESEL;38501;OPACIDAD - VEHI. DIE;3;5
